temps_key,datetime,date,annee,mois,nom_mois,jour,heure,jour_semaine,numero_jour_semaine,weekend
2026050100,2026-05-01T00:00,2026-05-01,2026,5,May,1,0,Friday,5,Non
2026050101,2026-05-01T01:00,2026-05-01,2026,5,May,1,1,Friday,5,Non
2026050102,2026-05-01T02:00,2026-05-01,2026,5,May,1,2,Friday,5,Non
2026050103,2026-05-01T03:00,2026-05-01,2026,5,May,1,3,Friday,5,Non
2026050104,2026-05-01T04:00,2026-05-01,2026,5,May,1,4,Friday,5,Non
2026050105,2026-05-01T05:00,2026-05-01,2026,5,May,1,5,Friday,5,Non
2026050106,2026-05-01T06:00,2026-05-01,2026,5,May,1,6,Friday,5,Non
2026050107,2026-05-01T07:00,2026-05-01,2026,5,May,1,7,Friday,5,Non
2026050108,2026-05-01T08:00,2026-05-01,2026,5,May,1,8,Friday,5,Non
2026050109,2026-05-01T09:00,2026-05-01,2026,5,May,1,9,Friday,5,Non
2026050110,2026-05-01T10:00,2026-05-01,2026,5,May,1,10,Friday,5,Non
2026050111,2026-05-01T11:00,2026-05-01,2026,5,May,1,11,Friday,5,Non
2026050112,2026-05-01T12:00,2026-05-01,2026,5,May,1,12,Friday,5,Non
2026050113,2026-05-01T13:00,2026-05-01,2026,5,May,1,13,Friday,5,Non
2026050114,2026-05-01T14:00,2026-05-01,2026,5,May,1,14,Friday,5,Non
2026050115,2026-05-01T15:00,2026-05-01,2026,5,May,1,15,Friday,5,Non
2026050116,2026-05-01T16:00,2026-05-01,2026,5,May,1,16,Friday,5,Non
2026050117,2026-05-01T17:00,2026-05-01,2026,5,May,1,17,Friday,5,Non
2026050118,2026-05-01T18:00,2026-05-01,2026,5,May,1,18,Friday,5,Non
2026050119,2026-05-01T19:00,2026-05-01,2026,5,May,1,19,Friday,5,Non
2026050120,2026-05-01T20:00,2026-05-01,2026,5,May,1,20,Friday,5,Non
2026050121,2026-05-01T21:00,2026-05-01,2026,5,May,1,21,Friday,5,Non
2026050122,2026-05-01T22:00,2026-05-01,2026,5,May,1,22,Friday,5,Non
2026050123,2026-05-01T23:00,2026-05-01,2026,5,May,1,23,Friday,5,Non
2026050200,2026-05-02T00:00,2026-05-02,2026,5,May,2,0,Saturday,6,Oui
2026050201,2026-05-02T01:00,2026-05-02,2026,5,May,2,1,Saturday,6,Oui
2026050202,2026-05-02T02:00,2026-05-02,2026,5,May,2,2,Saturday,6,Oui
2026050203,2026-05-02T03:00,2026-05-02,2026,5,May,2,3,Saturday,6,Oui
2026050204,2026-05-02T04:00,2026-05-02,2026,5,May,2,4,Saturday,6,Oui
2026050205,2026-05-02T05:00,2026-05-02,2026,5,May,2,5,Saturday,6,Oui
2026050206,2026-05-02T06:00,2026-05-02,2026,5,May,2,6,Saturday,6,Oui
2026050207,2026-05-02T07:00,2026-05-02,2026,5,May,2,7,Saturday,6,Oui
2026050208,2026-05-02T08:00,2026-05-02,2026,5,May,2,8,Saturday,6,Oui
2026050209,2026-05-02T09:00,2026-05-02,2026,5,May,2,9,Saturday,6,Oui
2026050210,2026-05-02T10:00,2026-05-02,2026,5,May,2,10,Saturday,6,Oui
2026050211,2026-05-02T11:00,2026-05-02,2026,5,May,2,11,Saturday,6,Oui
2026050212,2026-05-02T12:00,2026-05-02,2026,5,May,2,12,Saturday,6,Oui
2026050213,2026-05-02T13:00,2026-05-02,2026,5,May,2,13,Saturday,6,Oui
2026050214,2026-05-02T14:00,2026-05-02,2026,5,May,2,14,Saturday,6,Oui
2026050215,2026-05-02T15:00,2026-05-02,2026,5,May,2,15,Saturday,6,Oui
2026050216,2026-05-02T16:00,2026-05-02,2026,5,May,2,16,Saturday,6,Oui
2026050217,2026-05-02T17:00,2026-05-02,2026,5,May,2,17,Saturday,6,Oui
2026050218,2026-05-02T18:00,2026-05-02,2026,5,May,2,18,Saturday,6,Oui
2026050219,2026-05-02T19:00,2026-05-02,2026,5,May,2,19,Saturday,6,Oui
2026050220,2026-05-02T20:00,2026-05-02,2026,5,May,2,20,Saturday,6,Oui
2026050221,2026-05-02T21:00,2026-05-02,2026,5,May,2,21,Saturday,6,Oui
2026050222,2026-05-02T22:00,2026-05-02,2026,5,May,2,22,Saturday,6,Oui
2026050223,2026-05-02T23:00,2026-05-02,2026,5,May,2,23,Saturday,6,Oui
2026050300,2026-05-03T00:00,2026-05-03,2026,5,May,3,0,Sunday,7,Oui
2026050301,2026-05-03T01:00,2026-05-03,2026,5,May,3,1,Sunday,7,Oui
2026050302,2026-05-03T02:00,2026-05-03,2026,5,May,3,2,Sunday,7,Oui
2026050303,2026-05-03T03:00,2026-05-03,2026,5,May,3,3,Sunday,7,Oui
2026050304,2026-05-03T04:00,2026-05-03,2026,5,May,3,4,Sunday,7,Oui
2026050305,2026-05-03T05:00,2026-05-03,2026,5,May,3,5,Sunday,7,Oui
2026050306,2026-05-03T06:00,2026-05-03,2026,5,May,3,6,Sunday,7,Oui
2026050307,2026-05-03T07:00,2026-05-03,2026,5,May,3,7,Sunday,7,Oui
2026050308,2026-05-03T08:00,2026-05-03,2026,5,May,3,8,Sunday,7,Oui
2026050309,2026-05-03T09:00,2026-05-03,2026,5,May,3,9,Sunday,7,Oui
2026050310,2026-05-03T10:00,2026-05-03,2026,5,May,3,10,Sunday,7,Oui
2026050311,2026-05-03T11:00,2026-05-03,2026,5,May,3,11,Sunday,7,Oui
2026050312,2026-05-03T12:00,2026-05-03,2026,5,May,3,12,Sunday,7,Oui
2026050313,2026-05-03T13:00,2026-05-03,2026,5,May,3,13,Sunday,7,Oui
2026050314,2026-05-03T14:00,2026-05-03,2026,5,May,3,14,Sunday,7,Oui
2026050315,2026-05-03T15:00,2026-05-03,2026,5,May,3,15,Sunday,7,Oui
2026050316,2026-05-03T16:00,2026-05-03,2026,5,May,3,16,Sunday,7,Oui
2026050317,2026-05-03T17:00,2026-05-03,2026,5,May,3,17,Sunday,7,Oui
2026050318,2026-05-03T18:00,2026-05-03,2026,5,May,3,18,Sunday,7,Oui
2026050319,2026-05-03T19:00,2026-05-03,2026,5,May,3,19,Sunday,7,Oui
2026050320,2026-05-03T20:00,2026-05-03,2026,5,May,3,20,Sunday,7,Oui
2026050321,2026-05-03T21:00,2026-05-03,2026,5,May,3,21,Sunday,7,Oui
2026050322,2026-05-03T22:00,2026-05-03,2026,5,May,3,22,Sunday,7,Oui
2026050323,2026-05-03T23:00,2026-05-03,2026,5,May,3,23,Sunday,7,Oui
2026050400,2026-05-04T00:00,2026-05-04,2026,5,May,4,0,Monday,1,Non
2026050401,2026-05-04T01:00,2026-05-04,2026,5,May,4,1,Monday,1,Non
2026050402,2026-05-04T02:00,2026-05-04,2026,5,May,4,2,Monday,1,Non
2026050403,2026-05-04T03:00,2026-05-04,2026,5,May,4,3,Monday,1,Non
2026050404,2026-05-04T04:00,2026-05-04,2026,5,May,4,4,Monday,1,Non
2026050405,2026-05-04T05:00,2026-05-04,2026,5,May,4,5,Monday,1,Non
2026050406,2026-05-04T06:00,2026-05-04,2026,5,May,4,6,Monday,1,Non
2026050407,2026-05-04T07:00,2026-05-04,2026,5,May,4,7,Monday,1,Non
2026050408,2026-05-04T08:00,2026-05-04,2026,5,May,4,8,Monday,1,Non
2026050409,2026-05-04T09:00,2026-05-04,2026,5,May,4,9,Monday,1,Non
2026050410,2026-05-04T10:00,2026-05-04,2026,5,May,4,10,Monday,1,Non
2026050411,2026-05-04T11:00,2026-05-04,2026,5,May,4,11,Monday,1,Non
2026050412,2026-05-04T12:00,2026-05-04,2026,5,May,4,12,Monday,1,Non
2026050413,2026-05-04T13:00,2026-05-04,2026,5,May,4,13,Monday,1,Non
2026050414,2026-05-04T14:00,2026-05-04,2026,5,May,4,14,Monday,1,Non
2026050415,2026-05-04T15:00,2026-05-04,2026,5,May,4,15,Monday,1,Non
2026050416,2026-05-04T16:00,2026-05-04,2026,5,May,4,16,Monday,1,Non
2026050417,2026-05-04T17:00,2026-05-04,2026,5,May,4,17,Monday,1,Non
2026050418,2026-05-04T18:00,2026-05-04,2026,5,May,4,18,Monday,1,Non
2026050419,2026-05-04T19:00,2026-05-04,2026,5,May,4,19,Monday,1,Non
2026050420,2026-05-04T20:00,2026-05-04,2026,5,May,4,20,Monday,1,Non
2026050421,2026-05-04T21:00,2026-05-04,2026,5,May,4,21,Monday,1,Non
2026050422,2026-05-04T22:00,2026-05-04,2026,5,May,4,22,Monday,1,Non
2026050423,2026-05-04T23:00,2026-05-04,2026,5,May,4,23,Monday,1,Non
2026050500,2026-05-05T00:00,2026-05-05,2026,5,May,5,0,Tuesday,2,Non
2026050501,2026-05-05T01:00,2026-05-05,2026,5,May,5,1,Tuesday,2,Non
2026050502,2026-05-05T02:00,2026-05-05,2026,5,May,5,2,Tuesday,2,Non
2026050503,2026-05-05T03:00,2026-05-05,2026,5,May,5,3,Tuesday,2,Non
2026050504,2026-05-05T04:00,2026-05-05,2026,5,May,5,4,Tuesday,2,Non
2026050505,2026-05-05T05:00,2026-05-05,2026,5,May,5,5,Tuesday,2,Non
2026050506,2026-05-05T06:00,2026-05-05,2026,5,May,5,6,Tuesday,2,Non
2026050507,2026-05-05T07:00,2026-05-05,2026,5,May,5,7,Tuesday,2,Non
2026050508,2026-05-05T08:00,2026-05-05,2026,5,May,5,8,Tuesday,2,Non
2026050509,2026-05-05T09:00,2026-05-05,2026,5,May,5,9,Tuesday,2,Non
2026050510,2026-05-05T10:00,2026-05-05,2026,5,May,5,10,Tuesday,2,Non
2026050511,2026-05-05T11:00,2026-05-05,2026,5,May,5,11,Tuesday,2,Non
2026050512,2026-05-05T12:00,2026-05-05,2026,5,May,5,12,Tuesday,2,Non
2026050513,2026-05-05T13:00,2026-05-05,2026,5,May,5,13,Tuesday,2,Non
2026050514,2026-05-05T14:00,2026-05-05,2026,5,May,5,14,Tuesday,2,Non
2026050515,2026-05-05T15:00,2026-05-05,2026,5,May,5,15,Tuesday,2,Non
2026050516,2026-05-05T16:00,2026-05-05,2026,5,May,5,16,Tuesday,2,Non
2026050517,2026-05-05T17:00,2026-05-05,2026,5,May,5,17,Tuesday,2,Non
2026050518,2026-05-05T18:00,2026-05-05,2026,5,May,5,18,Tuesday,2,Non
2026050519,2026-05-05T19:00,2026-05-05,2026,5,May,5,19,Tuesday,2,Non
2026050520,2026-05-05T20:00,2026-05-05,2026,5,May,5,20,Tuesday,2,Non
2026050521,2026-05-05T21:00,2026-05-05,2026,5,May,5,21,Tuesday,2,Non
2026050522,2026-05-05T22:00,2026-05-05,2026,5,May,5,22,Tuesday,2,Non
2026050523,2026-05-05T23:00,2026-05-05,2026,5,May,5,23,Tuesday,2,Non
2026050600,2026-05-06T00:00,2026-05-06,2026,5,May,6,0,Wednesday,3,Non
2026050601,2026-05-06T01:00,2026-05-06,2026,5,May,6,1,Wednesday,3,Non
2026050602,2026-05-06T02:00,2026-05-06,2026,5,May,6,2,Wednesday,3,Non
2026050603,2026-05-06T03:00,2026-05-06,2026,5,May,6,3,Wednesday,3,Non
2026050604,2026-05-06T04:00,2026-05-06,2026,5,May,6,4,Wednesday,3,Non
2026050605,2026-05-06T05:00,2026-05-06,2026,5,May,6,5,Wednesday,3,Non
2026050606,2026-05-06T06:00,2026-05-06,2026,5,May,6,6,Wednesday,3,Non
2026050607,2026-05-06T07:00,2026-05-06,2026,5,May,6,7,Wednesday,3,Non
2026050608,2026-05-06T08:00,2026-05-06,2026,5,May,6,8,Wednesday,3,Non
2026050609,2026-05-06T09:00,2026-05-06,2026,5,May,6,9,Wednesday,3,Non
2026050610,2026-05-06T10:00,2026-05-06,2026,5,May,6,10,Wednesday,3,Non
2026050611,2026-05-06T11:00,2026-05-06,2026,5,May,6,11,Wednesday,3,Non
2026050612,2026-05-06T12:00,2026-05-06,2026,5,May,6,12,Wednesday,3,Non
2026050613,2026-05-06T13:00,2026-05-06,2026,5,May,6,13,Wednesday,3,Non
2026050614,2026-05-06T14:00,2026-05-06,2026,5,May,6,14,Wednesday,3,Non
2026050615,2026-05-06T15:00,2026-05-06,2026,5,May,6,15,Wednesday,3,Non
2026050616,2026-05-06T16:00,2026-05-06,2026,5,May,6,16,Wednesday,3,Non
2026050617,2026-05-06T17:00,2026-05-06,2026,5,May,6,17,Wednesday,3,Non
2026050618,2026-05-06T18:00,2026-05-06,2026,5,May,6,18,Wednesday,3,Non
2026050619,2026-05-06T19:00,2026-05-06,2026,5,May,6,19,Wednesday,3,Non
2026050620,2026-05-06T20:00,2026-05-06,2026,5,May,6,20,Wednesday,3,Non
2026050621,2026-05-06T21:00,2026-05-06,2026,5,May,6,21,Wednesday,3,Non
2026050622,2026-05-06T22:00,2026-05-06,2026,5,May,6,22,Wednesday,3,Non
2026050623,2026-05-06T23:00,2026-05-06,2026,5,May,6,23,Wednesday,3,Non
2026050700,2026-05-07T00:00,2026-05-07,2026,5,May,7,0,Thursday,4,Non
2026050701,2026-05-07T01:00,2026-05-07,2026,5,May,7,1,Thursday,4,Non
2026050702,2026-05-07T02:00,2026-05-07,2026,5,May,7,2,Thursday,4,Non
2026050703,2026-05-07T03:00,2026-05-07,2026,5,May,7,3,Thursday,4,Non
2026050704,2026-05-07T04:00,2026-05-07,2026,5,May,7,4,Thursday,4,Non
2026050705,2026-05-07T05:00,2026-05-07,2026,5,May,7,5,Thursday,4,Non
2026050706,2026-05-07T06:00,2026-05-07,2026,5,May,7,6,Thursday,4,Non
2026050707,2026-05-07T07:00,2026-05-07,2026,5,May,7,7,Thursday,4,Non
2026050708,2026-05-07T08:00,2026-05-07,2026,5,May,7,8,Thursday,4,Non
2026050709,2026-05-07T09:00,2026-05-07,2026,5,May,7,9,Thursday,4,Non
2026050710,2026-05-07T10:00,2026-05-07,2026,5,May,7,10,Thursday,4,Non
2026050711,2026-05-07T11:00,2026-05-07,2026,5,May,7,11,Thursday,4,Non
2026050712,2026-05-07T12:00,2026-05-07,2026,5,May,7,12,Thursday,4,Non
2026050713,2026-05-07T13:00,2026-05-07,2026,5,May,7,13,Thursday,4,Non
2026050714,2026-05-07T14:00,2026-05-07,2026,5,May,7,14,Thursday,4,Non
2026050715,2026-05-07T15:00,2026-05-07,2026,5,May,7,15,Thursday,4,Non
2026050716,2026-05-07T16:00,2026-05-07,2026,5,May,7,16,Thursday,4,Non
2026050717,2026-05-07T17:00,2026-05-07,2026,5,May,7,17,Thursday,4,Non
2026050718,2026-05-07T18:00,2026-05-07,2026,5,May,7,18,Thursday,4,Non
2026050719,2026-05-07T19:00,2026-05-07,2026,5,May,7,19,Thursday,4,Non
2026050720,2026-05-07T20:00,2026-05-07,2026,5,May,7,20,Thursday,4,Non
2026050721,2026-05-07T21:00,2026-05-07,2026,5,May,7,21,Thursday,4,Non
2026050722,2026-05-07T22:00,2026-05-07,2026,5,May,7,22,Thursday,4,Non
2026050723,2026-05-07T23:00,2026-05-07,2026,5,May,7,23,Thursday,4,Non
2026050800,2026-05-08T00:00,2026-05-08,2026,5,May,8,0,Friday,5,Non
2026050801,2026-05-08T01:00,2026-05-08,2026,5,May,8,1,Friday,5,Non
2026050802,2026-05-08T02:00,2026-05-08,2026,5,May,8,2,Friday,5,Non
2026050803,2026-05-08T03:00,2026-05-08,2026,5,May,8,3,Friday,5,Non
2026050804,2026-05-08T04:00,2026-05-08,2026,5,May,8,4,Friday,5,Non
2026050805,2026-05-08T05:00,2026-05-08,2026,5,May,8,5,Friday,5,Non
2026050806,2026-05-08T06:00,2026-05-08,2026,5,May,8,6,Friday,5,Non
2026050807,2026-05-08T07:00,2026-05-08,2026,5,May,8,7,Friday,5,Non
2026050808,2026-05-08T08:00,2026-05-08,2026,5,May,8,8,Friday,5,Non
2026050809,2026-05-08T09:00,2026-05-08,2026,5,May,8,9,Friday,5,Non
2026050810,2026-05-08T10:00,2026-05-08,2026,5,May,8,10,Friday,5,Non
2026050811,2026-05-08T11:00,2026-05-08,2026,5,May,8,11,Friday,5,Non
2026050812,2026-05-08T12:00,2026-05-08,2026,5,May,8,12,Friday,5,Non
2026050813,2026-05-08T13:00,2026-05-08,2026,5,May,8,13,Friday,5,Non
2026050814,2026-05-08T14:00,2026-05-08,2026,5,May,8,14,Friday,5,Non
2026050815,2026-05-08T15:00,2026-05-08,2026,5,May,8,15,Friday,5,Non
2026050816,2026-05-08T16:00,2026-05-08,2026,5,May,8,16,Friday,5,Non
2026050817,2026-05-08T17:00,2026-05-08,2026,5,May,8,17,Friday,5,Non
2026050818,2026-05-08T18:00,2026-05-08,2026,5,May,8,18,Friday,5,Non
2026050819,2026-05-08T19:00,2026-05-08,2026,5,May,8,19,Friday,5,Non
2026050820,2026-05-08T20:00,2026-05-08,2026,5,May,8,20,Friday,5,Non
2026050821,2026-05-08T21:00,2026-05-08,2026,5,May,8,21,Friday,5,Non
2026050822,2026-05-08T22:00,2026-05-08,2026,5,May,8,22,Friday,5,Non
2026050823,2026-05-08T23:00,2026-05-08,2026,5,May,8,23,Friday,5,Non
2026050900,2026-05-09T00:00,2026-05-09,2026,5,May,9,0,Saturday,6,Oui
2026050901,2026-05-09T01:00,2026-05-09,2026,5,May,9,1,Saturday,6,Oui
2026050902,2026-05-09T02:00,2026-05-09,2026,5,May,9,2,Saturday,6,Oui
2026050903,2026-05-09T03:00,2026-05-09,2026,5,May,9,3,Saturday,6,Oui
2026050904,2026-05-09T04:00,2026-05-09,2026,5,May,9,4,Saturday,6,Oui
2026050905,2026-05-09T05:00,2026-05-09,2026,5,May,9,5,Saturday,6,Oui
2026050906,2026-05-09T06:00,2026-05-09,2026,5,May,9,6,Saturday,6,Oui
2026050907,2026-05-09T07:00,2026-05-09,2026,5,May,9,7,Saturday,6,Oui
2026050908,2026-05-09T08:00,2026-05-09,2026,5,May,9,8,Saturday,6,Oui
2026050909,2026-05-09T09:00,2026-05-09,2026,5,May,9,9,Saturday,6,Oui
2026050910,2026-05-09T10:00,2026-05-09,2026,5,May,9,10,Saturday,6,Oui
2026050911,2026-05-09T11:00,2026-05-09,2026,5,May,9,11,Saturday,6,Oui
2026050912,2026-05-09T12:00,2026-05-09,2026,5,May,9,12,Saturday,6,Oui
2026050913,2026-05-09T13:00,2026-05-09,2026,5,May,9,13,Saturday,6,Oui
2026050914,2026-05-09T14:00,2026-05-09,2026,5,May,9,14,Saturday,6,Oui
2026050915,2026-05-09T15:00,2026-05-09,2026,5,May,9,15,Saturday,6,Oui
2026050916,2026-05-09T16:00,2026-05-09,2026,5,May,9,16,Saturday,6,Oui
2026050917,2026-05-09T17:00,2026-05-09,2026,5,May,9,17,Saturday,6,Oui
2026050918,2026-05-09T18:00,2026-05-09,2026,5,May,9,18,Saturday,6,Oui
2026050919,2026-05-09T19:00,2026-05-09,2026,5,May,9,19,Saturday,6,Oui
2026050920,2026-05-09T20:00,2026-05-09,2026,5,May,9,20,Saturday,6,Oui
2026050921,2026-05-09T21:00,2026-05-09,2026,5,May,9,21,Saturday,6,Oui
2026050922,2026-05-09T22:00,2026-05-09,2026,5,May,9,22,Saturday,6,Oui
2026050923,2026-05-09T23:00,2026-05-09,2026,5,May,9,23,Saturday,6,Oui
2026051000,2026-05-10T00:00,2026-05-10,2026,5,May,10,0,Sunday,7,Oui
2026051001,2026-05-10T01:00,2026-05-10,2026,5,May,10,1,Sunday,7,Oui
2026051002,2026-05-10T02:00,2026-05-10,2026,5,May,10,2,Sunday,7,Oui
2026051003,2026-05-10T03:00,2026-05-10,2026,5,May,10,3,Sunday,7,Oui
2026051004,2026-05-10T04:00,2026-05-10,2026,5,May,10,4,Sunday,7,Oui
2026051005,2026-05-10T05:00,2026-05-10,2026,5,May,10,5,Sunday,7,Oui
2026051006,2026-05-10T06:00,2026-05-10,2026,5,May,10,6,Sunday,7,Oui
2026051007,2026-05-10T07:00,2026-05-10,2026,5,May,10,7,Sunday,7,Oui
2026051008,2026-05-10T08:00,2026-05-10,2026,5,May,10,8,Sunday,7,Oui
2026051009,2026-05-10T09:00,2026-05-10,2026,5,May,10,9,Sunday,7,Oui
2026051010,2026-05-10T10:00,2026-05-10,2026,5,May,10,10,Sunday,7,Oui
2026051011,2026-05-10T11:00,2026-05-10,2026,5,May,10,11,Sunday,7,Oui
2026051012,2026-05-10T12:00,2026-05-10,2026,5,May,10,12,Sunday,7,Oui
2026051013,2026-05-10T13:00,2026-05-10,2026,5,May,10,13,Sunday,7,Oui
2026051014,2026-05-10T14:00,2026-05-10,2026,5,May,10,14,Sunday,7,Oui
2026051015,2026-05-10T15:00,2026-05-10,2026,5,May,10,15,Sunday,7,Oui
2026051016,2026-05-10T16:00,2026-05-10,2026,5,May,10,16,Sunday,7,Oui
2026051017,2026-05-10T17:00,2026-05-10,2026,5,May,10,17,Sunday,7,Oui
2026051018,2026-05-10T18:00,2026-05-10,2026,5,May,10,18,Sunday,7,Oui
2026051019,2026-05-10T19:00,2026-05-10,2026,5,May,10,19,Sunday,7,Oui
2026051020,2026-05-10T20:00,2026-05-10,2026,5,May,10,20,Sunday,7,Oui
2026051021,2026-05-10T21:00,2026-05-10,2026,5,May,10,21,Sunday,7,Oui
2026051022,2026-05-10T22:00,2026-05-10,2026,5,May,10,22,Sunday,7,Oui
2026051023,2026-05-10T23:00,2026-05-10,2026,5,May,10,23,Sunday,7,Oui
2026051100,2026-05-11T00:00,2026-05-11,2026,5,May,11,0,Monday,1,Non
2026051101,2026-05-11T01:00,2026-05-11,2026,5,May,11,1,Monday,1,Non
2026051102,2026-05-11T02:00,2026-05-11,2026,5,May,11,2,Monday,1,Non
2026051103,2026-05-11T03:00,2026-05-11,2026,5,May,11,3,Monday,1,Non
2026051104,2026-05-11T04:00,2026-05-11,2026,5,May,11,4,Monday,1,Non
2026051105,2026-05-11T05:00,2026-05-11,2026,5,May,11,5,Monday,1,Non
2026051106,2026-05-11T06:00,2026-05-11,2026,5,May,11,6,Monday,1,Non
2026051107,2026-05-11T07:00,2026-05-11,2026,5,May,11,7,Monday,1,Non
2026051108,2026-05-11T08:00,2026-05-11,2026,5,May,11,8,Monday,1,Non
2026051109,2026-05-11T09:00,2026-05-11,2026,5,May,11,9,Monday,1,Non
2026051110,2026-05-11T10:00,2026-05-11,2026,5,May,11,10,Monday,1,Non
2026051111,2026-05-11T11:00,2026-05-11,2026,5,May,11,11,Monday,1,Non
2026051112,2026-05-11T12:00,2026-05-11,2026,5,May,11,12,Monday,1,Non
2026051113,2026-05-11T13:00,2026-05-11,2026,5,May,11,13,Monday,1,Non
2026051114,2026-05-11T14:00,2026-05-11,2026,5,May,11,14,Monday,1,Non
2026051115,2026-05-11T15:00,2026-05-11,2026,5,May,11,15,Monday,1,Non
2026051116,2026-05-11T16:00,2026-05-11,2026,5,May,11,16,Monday,1,Non
2026051117,2026-05-11T17:00,2026-05-11,2026,5,May,11,17,Monday,1,Non
2026051118,2026-05-11T18:00,2026-05-11,2026,5,May,11,18,Monday,1,Non
2026051119,2026-05-11T19:00,2026-05-11,2026,5,May,11,19,Monday,1,Non
2026051120,2026-05-11T20:00,2026-05-11,2026,5,May,11,20,Monday,1,Non
2026051121,2026-05-11T21:00,2026-05-11,2026,5,May,11,21,Monday,1,Non
2026051122,2026-05-11T22:00,2026-05-11,2026,5,May,11,22,Monday,1,Non
2026051123,2026-05-11T23:00,2026-05-11,2026,5,May,11,23,Monday,1,Non
2026051200,2026-05-12T00:00,2026-05-12,2026,5,May,12,0,Tuesday,2,Non
2026051201,2026-05-12T01:00,2026-05-12,2026,5,May,12,1,Tuesday,2,Non
2026051202,2026-05-12T02:00,2026-05-12,2026,5,May,12,2,Tuesday,2,Non
2026051203,2026-05-12T03:00,2026-05-12,2026,5,May,12,3,Tuesday,2,Non
2026051204,2026-05-12T04:00,2026-05-12,2026,5,May,12,4,Tuesday,2,Non
2026051205,2026-05-12T05:00,2026-05-12,2026,5,May,12,5,Tuesday,2,Non
2026051206,2026-05-12T06:00,2026-05-12,2026,5,May,12,6,Tuesday,2,Non
2026051207,2026-05-12T07:00,2026-05-12,2026,5,May,12,7,Tuesday,2,Non
2026051208,2026-05-12T08:00,2026-05-12,2026,5,May,12,8,Tuesday,2,Non
2026051209,2026-05-12T09:00,2026-05-12,2026,5,May,12,9,Tuesday,2,Non
2026051210,2026-05-12T10:00,2026-05-12,2026,5,May,12,10,Tuesday,2,Non
2026051211,2026-05-12T11:00,2026-05-12,2026,5,May,12,11,Tuesday,2,Non
2026051212,2026-05-12T12:00,2026-05-12,2026,5,May,12,12,Tuesday,2,Non
2026051213,2026-05-12T13:00,2026-05-12,2026,5,May,12,13,Tuesday,2,Non
2026051214,2026-05-12T14:00,2026-05-12,2026,5,May,12,14,Tuesday,2,Non
2026051215,2026-05-12T15:00,2026-05-12,2026,5,May,12,15,Tuesday,2,Non
2026051216,2026-05-12T16:00,2026-05-12,2026,5,May,12,16,Tuesday,2,Non
2026051217,2026-05-12T17:00,2026-05-12,2026,5,May,12,17,Tuesday,2,Non
2026051218,2026-05-12T18:00,2026-05-12,2026,5,May,12,18,Tuesday,2,Non
2026051219,2026-05-12T19:00,2026-05-12,2026,5,May,12,19,Tuesday,2,Non
2026051220,2026-05-12T20:00,2026-05-12,2026,5,May,12,20,Tuesday,2,Non
2026051221,2026-05-12T21:00,2026-05-12,2026,5,May,12,21,Tuesday,2,Non
2026051222,2026-05-12T22:00,2026-05-12,2026,5,May,12,22,Tuesday,2,Non
2026051223,2026-05-12T23:00,2026-05-12,2026,5,May,12,23,Tuesday,2,Non
2026051300,2026-05-13T00:00,2026-05-13,2026,5,May,13,0,Wednesday,3,Non
2026051301,2026-05-13T01:00,2026-05-13,2026,5,May,13,1,Wednesday,3,Non
2026051302,2026-05-13T02:00,2026-05-13,2026,5,May,13,2,Wednesday,3,Non
2026051303,2026-05-13T03:00,2026-05-13,2026,5,May,13,3,Wednesday,3,Non
2026051304,2026-05-13T04:00,2026-05-13,2026,5,May,13,4,Wednesday,3,Non
2026051305,2026-05-13T05:00,2026-05-13,2026,5,May,13,5,Wednesday,3,Non
2026051306,2026-05-13T06:00,2026-05-13,2026,5,May,13,6,Wednesday,3,Non
2026051307,2026-05-13T07:00,2026-05-13,2026,5,May,13,7,Wednesday,3,Non
2026051308,2026-05-13T08:00,2026-05-13,2026,5,May,13,8,Wednesday,3,Non
2026051309,2026-05-13T09:00,2026-05-13,2026,5,May,13,9,Wednesday,3,Non
2026051310,2026-05-13T10:00,2026-05-13,2026,5,May,13,10,Wednesday,3,Non
2026051311,2026-05-13T11:00,2026-05-13,2026,5,May,13,11,Wednesday,3,Non
2026051312,2026-05-13T12:00,2026-05-13,2026,5,May,13,12,Wednesday,3,Non
2026051313,2026-05-13T13:00,2026-05-13,2026,5,May,13,13,Wednesday,3,Non
2026051314,2026-05-13T14:00,2026-05-13,2026,5,May,13,14,Wednesday,3,Non
2026051315,2026-05-13T15:00,2026-05-13,2026,5,May,13,15,Wednesday,3,Non
2026051316,2026-05-13T16:00,2026-05-13,2026,5,May,13,16,Wednesday,3,Non
2026051317,2026-05-13T17:00,2026-05-13,2026,5,May,13,17,Wednesday,3,Non
2026051318,2026-05-13T18:00,2026-05-13,2026,5,May,13,18,Wednesday,3,Non
2026051319,2026-05-13T19:00,2026-05-13,2026,5,May,13,19,Wednesday,3,Non
2026051320,2026-05-13T20:00,2026-05-13,2026,5,May,13,20,Wednesday,3,Non
2026051321,2026-05-13T21:00,2026-05-13,2026,5,May,13,21,Wednesday,3,Non
2026051322,2026-05-13T22:00,2026-05-13,2026,5,May,13,22,Wednesday,3,Non
2026051323,2026-05-13T23:00,2026-05-13,2026,5,May,13,23,Wednesday,3,Non
2026051400,2026-05-14T00:00,2026-05-14,2026,5,May,14,0,Thursday,4,Non
2026051401,2026-05-14T01:00,2026-05-14,2026,5,May,14,1,Thursday,4,Non
2026051402,2026-05-14T02:00,2026-05-14,2026,5,May,14,2,Thursday,4,Non
2026051403,2026-05-14T03:00,2026-05-14,2026,5,May,14,3,Thursday,4,Non
2026051404,2026-05-14T04:00,2026-05-14,2026,5,May,14,4,Thursday,4,Non
2026051405,2026-05-14T05:00,2026-05-14,2026,5,May,14,5,Thursday,4,Non
2026051406,2026-05-14T06:00,2026-05-14,2026,5,May,14,6,Thursday,4,Non
2026051407,2026-05-14T07:00,2026-05-14,2026,5,May,14,7,Thursday,4,Non
2026051408,2026-05-14T08:00,2026-05-14,2026,5,May,14,8,Thursday,4,Non
2026051409,2026-05-14T09:00,2026-05-14,2026,5,May,14,9,Thursday,4,Non
2026051410,2026-05-14T10:00,2026-05-14,2026,5,May,14,10,Thursday,4,Non
2026051411,2026-05-14T11:00,2026-05-14,2026,5,May,14,11,Thursday,4,Non
2026051412,2026-05-14T12:00,2026-05-14,2026,5,May,14,12,Thursday,4,Non
2026051413,2026-05-14T13:00,2026-05-14,2026,5,May,14,13,Thursday,4,Non
2026051414,2026-05-14T14:00,2026-05-14,2026,5,May,14,14,Thursday,4,Non
2026051415,2026-05-14T15:00,2026-05-14,2026,5,May,14,15,Thursday,4,Non
2026051416,2026-05-14T16:00,2026-05-14,2026,5,May,14,16,Thursday,4,Non
2026051417,2026-05-14T17:00,2026-05-14,2026,5,May,14,17,Thursday,4,Non
2026051418,2026-05-14T18:00,2026-05-14,2026,5,May,14,18,Thursday,4,Non
2026051419,2026-05-14T19:00,2026-05-14,2026,5,May,14,19,Thursday,4,Non
2026051420,2026-05-14T20:00,2026-05-14,2026,5,May,14,20,Thursday,4,Non
2026051421,2026-05-14T21:00,2026-05-14,2026,5,May,14,21,Thursday,4,Non
2026051422,2026-05-14T22:00,2026-05-14,2026,5,May,14,22,Thursday,4,Non
2026051423,2026-05-14T23:00,2026-05-14,2026,5,May,14,23,Thursday,4,Non
2026051500,2026-05-15T00:00,2026-05-15,2026,5,May,15,0,Friday,5,Non
2026051501,2026-05-15T01:00,2026-05-15,2026,5,May,15,1,Friday,5,Non
2026051502,2026-05-15T02:00,2026-05-15,2026,5,May,15,2,Friday,5,Non
2026051503,2026-05-15T03:00,2026-05-15,2026,5,May,15,3,Friday,5,Non
2026051504,2026-05-15T04:00,2026-05-15,2026,5,May,15,4,Friday,5,Non
2026051505,2026-05-15T05:00,2026-05-15,2026,5,May,15,5,Friday,5,Non
2026051506,2026-05-15T06:00,2026-05-15,2026,5,May,15,6,Friday,5,Non
2026051507,2026-05-15T07:00,2026-05-15,2026,5,May,15,7,Friday,5,Non
2026051508,2026-05-15T08:00,2026-05-15,2026,5,May,15,8,Friday,5,Non
2026051509,2026-05-15T09:00,2026-05-15,2026,5,May,15,9,Friday,5,Non
2026051510,2026-05-15T10:00,2026-05-15,2026,5,May,15,10,Friday,5,Non
2026051511,2026-05-15T11:00,2026-05-15,2026,5,May,15,11,Friday,5,Non
2026051512,2026-05-15T12:00,2026-05-15,2026,5,May,15,12,Friday,5,Non
2026051513,2026-05-15T13:00,2026-05-15,2026,5,May,15,13,Friday,5,Non
2026051514,2026-05-15T14:00,2026-05-15,2026,5,May,15,14,Friday,5,Non
2026051515,2026-05-15T15:00,2026-05-15,2026,5,May,15,15,Friday,5,Non
2026051516,2026-05-15T16:00,2026-05-15,2026,5,May,15,16,Friday,5,Non
2026051517,2026-05-15T17:00,2026-05-15,2026,5,May,15,17,Friday,5,Non
2026051518,2026-05-15T18:00,2026-05-15,2026,5,May,15,18,Friday,5,Non
2026051519,2026-05-15T19:00,2026-05-15,2026,5,May,15,19,Friday,5,Non
2026051520,2026-05-15T20:00,2026-05-15,2026,5,May,15,20,Friday,5,Non
2026051521,2026-05-15T21:00,2026-05-15,2026,5,May,15,21,Friday,5,Non
2026051522,2026-05-15T22:00,2026-05-15,2026,5,May,15,22,Friday,5,Non
2026051523,2026-05-15T23:00,2026-05-15,2026,5,May,15,23,Friday,5,Non
2026051600,2026-05-16T00:00,2026-05-16,2026,5,May,16,0,Saturday,6,Oui
2026051601,2026-05-16T01:00,2026-05-16,2026,5,May,16,1,Saturday,6,Oui
2026051602,2026-05-16T02:00,2026-05-16,2026,5,May,16,2,Saturday,6,Oui
2026051603,2026-05-16T03:00,2026-05-16,2026,5,May,16,3,Saturday,6,Oui
2026051604,2026-05-16T04:00,2026-05-16,2026,5,May,16,4,Saturday,6,Oui
2026051605,2026-05-16T05:00,2026-05-16,2026,5,May,16,5,Saturday,6,Oui
2026051606,2026-05-16T06:00,2026-05-16,2026,5,May,16,6,Saturday,6,Oui
2026051607,2026-05-16T07:00,2026-05-16,2026,5,May,16,7,Saturday,6,Oui
2026051608,2026-05-16T08:00,2026-05-16,2026,5,May,16,8,Saturday,6,Oui
2026051609,2026-05-16T09:00,2026-05-16,2026,5,May,16,9,Saturday,6,Oui
2026051610,2026-05-16T10:00,2026-05-16,2026,5,May,16,10,Saturday,6,Oui
2026051611,2026-05-16T11:00,2026-05-16,2026,5,May,16,11,Saturday,6,Oui
2026051612,2026-05-16T12:00,2026-05-16,2026,5,May,16,12,Saturday,6,Oui
2026051613,2026-05-16T13:00,2026-05-16,2026,5,May,16,13,Saturday,6,Oui
2026051614,2026-05-16T14:00,2026-05-16,2026,5,May,16,14,Saturday,6,Oui
2026051615,2026-05-16T15:00,2026-05-16,2026,5,May,16,15,Saturday,6,Oui
2026051616,2026-05-16T16:00,2026-05-16,2026,5,May,16,16,Saturday,6,Oui
2026051617,2026-05-16T17:00,2026-05-16,2026,5,May,16,17,Saturday,6,Oui
2026051618,2026-05-16T18:00,2026-05-16,2026,5,May,16,18,Saturday,6,Oui
2026051619,2026-05-16T19:00,2026-05-16,2026,5,May,16,19,Saturday,6,Oui
2026051620,2026-05-16T20:00,2026-05-16,2026,5,May,16,20,Saturday,6,Oui
2026051621,2026-05-16T21:00,2026-05-16,2026,5,May,16,21,Saturday,6,Oui
2026051622,2026-05-16T22:00,2026-05-16,2026,5,May,16,22,Saturday,6,Oui
2026051623,2026-05-16T23:00,2026-05-16,2026,5,May,16,23,Saturday,6,Oui
2026051700,2026-05-17T00:00,2026-05-17,2026,5,May,17,0,Sunday,7,Oui
2026051701,2026-05-17T01:00,2026-05-17,2026,5,May,17,1,Sunday,7,Oui
2026051702,2026-05-17T02:00,2026-05-17,2026,5,May,17,2,Sunday,7,Oui
2026051703,2026-05-17T03:00,2026-05-17,2026,5,May,17,3,Sunday,7,Oui
2026051704,2026-05-17T04:00,2026-05-17,2026,5,May,17,4,Sunday,7,Oui
2026051705,2026-05-17T05:00,2026-05-17,2026,5,May,17,5,Sunday,7,Oui
2026051706,2026-05-17T06:00,2026-05-17,2026,5,May,17,6,Sunday,7,Oui
2026051707,2026-05-17T07:00,2026-05-17,2026,5,May,17,7,Sunday,7,Oui
2026051708,2026-05-17T08:00,2026-05-17,2026,5,May,17,8,Sunday,7,Oui
2026051709,2026-05-17T09:00,2026-05-17,2026,5,May,17,9,Sunday,7,Oui
2026051710,2026-05-17T10:00,2026-05-17,2026,5,May,17,10,Sunday,7,Oui
2026051711,2026-05-17T11:00,2026-05-17,2026,5,May,17,11,Sunday,7,Oui
2026051712,2026-05-17T12:00,2026-05-17,2026,5,May,17,12,Sunday,7,Oui
2026051713,2026-05-17T13:00,2026-05-17,2026,5,May,17,13,Sunday,7,Oui
2026051714,2026-05-17T14:00,2026-05-17,2026,5,May,17,14,Sunday,7,Oui
2026051715,2026-05-17T15:00,2026-05-17,2026,5,May,17,15,Sunday,7,Oui
2026051716,2026-05-17T16:00,2026-05-17,2026,5,May,17,16,Sunday,7,Oui
2026051717,2026-05-17T17:00,2026-05-17,2026,5,May,17,17,Sunday,7,Oui
2026051718,2026-05-17T18:00,2026-05-17,2026,5,May,17,18,Sunday,7,Oui
2026051719,2026-05-17T19:00,2026-05-17,2026,5,May,17,19,Sunday,7,Oui
2026051720,2026-05-17T20:00,2026-05-17,2026,5,May,17,20,Sunday,7,Oui
2026051721,2026-05-17T21:00,2026-05-17,2026,5,May,17,21,Sunday,7,Oui
2026051722,2026-05-17T22:00,2026-05-17,2026,5,May,17,22,Sunday,7,Oui
2026051723,2026-05-17T23:00,2026-05-17,2026,5,May,17,23,Sunday,7,Oui
2026051800,2026-05-18T00:00,2026-05-18,2026,5,May,18,0,Monday,1,Non
2026051801,2026-05-18T01:00,2026-05-18,2026,5,May,18,1,Monday,1,Non
2026051802,2026-05-18T02:00,2026-05-18,2026,5,May,18,2,Monday,1,Non
2026051803,2026-05-18T03:00,2026-05-18,2026,5,May,18,3,Monday,1,Non
2026051804,2026-05-18T04:00,2026-05-18,2026,5,May,18,4,Monday,1,Non
2026051805,2026-05-18T05:00,2026-05-18,2026,5,May,18,5,Monday,1,Non
2026051806,2026-05-18T06:00,2026-05-18,2026,5,May,18,6,Monday,1,Non
2026051807,2026-05-18T07:00,2026-05-18,2026,5,May,18,7,Monday,1,Non
2026051808,2026-05-18T08:00,2026-05-18,2026,5,May,18,8,Monday,1,Non
2026051809,2026-05-18T09:00,2026-05-18,2026,5,May,18,9,Monday,1,Non
2026051810,2026-05-18T10:00,2026-05-18,2026,5,May,18,10,Monday,1,Non
2026051811,2026-05-18T11:00,2026-05-18,2026,5,May,18,11,Monday,1,Non
2026051812,2026-05-18T12:00,2026-05-18,2026,5,May,18,12,Monday,1,Non
2026051813,2026-05-18T13:00,2026-05-18,2026,5,May,18,13,Monday,1,Non
2026051814,2026-05-18T14:00,2026-05-18,2026,5,May,18,14,Monday,1,Non
2026051815,2026-05-18T15:00,2026-05-18,2026,5,May,18,15,Monday,1,Non
2026051816,2026-05-18T16:00,2026-05-18,2026,5,May,18,16,Monday,1,Non
2026051817,2026-05-18T17:00,2026-05-18,2026,5,May,18,17,Monday,1,Non
2026051818,2026-05-18T18:00,2026-05-18,2026,5,May,18,18,Monday,1,Non
2026051819,2026-05-18T19:00,2026-05-18,2026,5,May,18,19,Monday,1,Non
2026051820,2026-05-18T20:00,2026-05-18,2026,5,May,18,20,Monday,1,Non
2026051821,2026-05-18T21:00,2026-05-18,2026,5,May,18,21,Monday,1,Non
2026051822,2026-05-18T22:00,2026-05-18,2026,5,May,18,22,Monday,1,Non
2026051823,2026-05-18T23:00,2026-05-18,2026,5,May,18,23,Monday,1,Non
2026051900,2026-05-19T00:00,2026-05-19,2026,5,May,19,0,Tuesday,2,Non
2026051901,2026-05-19T01:00,2026-05-19,2026,5,May,19,1,Tuesday,2,Non
2026051902,2026-05-19T02:00,2026-05-19,2026,5,May,19,2,Tuesday,2,Non
2026051903,2026-05-19T03:00,2026-05-19,2026,5,May,19,3,Tuesday,2,Non
2026051904,2026-05-19T04:00,2026-05-19,2026,5,May,19,4,Tuesday,2,Non
2026051905,2026-05-19T05:00,2026-05-19,2026,5,May,19,5,Tuesday,2,Non
2026051906,2026-05-19T06:00,2026-05-19,2026,5,May,19,6,Tuesday,2,Non
2026051907,2026-05-19T07:00,2026-05-19,2026,5,May,19,7,Tuesday,2,Non
2026051908,2026-05-19T08:00,2026-05-19,2026,5,May,19,8,Tuesday,2,Non
2026051909,2026-05-19T09:00,2026-05-19,2026,5,May,19,9,Tuesday,2,Non
2026051910,2026-05-19T10:00,2026-05-19,2026,5,May,19,10,Tuesday,2,Non
2026051911,2026-05-19T11:00,2026-05-19,2026,5,May,19,11,Tuesday,2,Non
2026051912,2026-05-19T12:00,2026-05-19,2026,5,May,19,12,Tuesday,2,Non
2026051913,2026-05-19T13:00,2026-05-19,2026,5,May,19,13,Tuesday,2,Non
2026051914,2026-05-19T14:00,2026-05-19,2026,5,May,19,14,Tuesday,2,Non
2026051915,2026-05-19T15:00,2026-05-19,2026,5,May,19,15,Tuesday,2,Non
2026051916,2026-05-19T16:00,2026-05-19,2026,5,May,19,16,Tuesday,2,Non
2026051917,2026-05-19T17:00,2026-05-19,2026,5,May,19,17,Tuesday,2,Non
2026051918,2026-05-19T18:00,2026-05-19,2026,5,May,19,18,Tuesday,2,Non
2026051919,2026-05-19T19:00,2026-05-19,2026,5,May,19,19,Tuesday,2,Non
2026051920,2026-05-19T20:00,2026-05-19,2026,5,May,19,20,Tuesday,2,Non
2026051921,2026-05-19T21:00,2026-05-19,2026,5,May,19,21,Tuesday,2,Non
2026051922,2026-05-19T22:00,2026-05-19,2026,5,May,19,22,Tuesday,2,Non
2026051923,2026-05-19T23:00,2026-05-19,2026,5,May,19,23,Tuesday,2,Non
2026052000,2026-05-20T00:00,2026-05-20,2026,5,May,20,0,Wednesday,3,Non
2026052001,2026-05-20T01:00,2026-05-20,2026,5,May,20,1,Wednesday,3,Non
2026052002,2026-05-20T02:00,2026-05-20,2026,5,May,20,2,Wednesday,3,Non
2026052003,2026-05-20T03:00,2026-05-20,2026,5,May,20,3,Wednesday,3,Non
2026052004,2026-05-20T04:00,2026-05-20,2026,5,May,20,4,Wednesday,3,Non
2026052005,2026-05-20T05:00,2026-05-20,2026,5,May,20,5,Wednesday,3,Non
2026052006,2026-05-20T06:00,2026-05-20,2026,5,May,20,6,Wednesday,3,Non
2026052007,2026-05-20T07:00,2026-05-20,2026,5,May,20,7,Wednesday,3,Non
2026052008,2026-05-20T08:00,2026-05-20,2026,5,May,20,8,Wednesday,3,Non
2026052009,2026-05-20T09:00,2026-05-20,2026,5,May,20,9,Wednesday,3,Non
2026052010,2026-05-20T10:00,2026-05-20,2026,5,May,20,10,Wednesday,3,Non
2026052011,2026-05-20T11:00,2026-05-20,2026,5,May,20,11,Wednesday,3,Non
2026052012,2026-05-20T12:00,2026-05-20,2026,5,May,20,12,Wednesday,3,Non
2026052013,2026-05-20T13:00,2026-05-20,2026,5,May,20,13,Wednesday,3,Non
2026052014,2026-05-20T14:00,2026-05-20,2026,5,May,20,14,Wednesday,3,Non
2026052015,2026-05-20T15:00,2026-05-20,2026,5,May,20,15,Wednesday,3,Non
2026052016,2026-05-20T16:00,2026-05-20,2026,5,May,20,16,Wednesday,3,Non
2026052017,2026-05-20T17:00,2026-05-20,2026,5,May,20,17,Wednesday,3,Non
2026052018,2026-05-20T18:00,2026-05-20,2026,5,May,20,18,Wednesday,3,Non
2026052019,2026-05-20T19:00,2026-05-20,2026,5,May,20,19,Wednesday,3,Non
2026052020,2026-05-20T20:00,2026-05-20,2026,5,May,20,20,Wednesday,3,Non
2026052021,2026-05-20T21:00,2026-05-20,2026,5,May,20,21,Wednesday,3,Non
2026052022,2026-05-20T22:00,2026-05-20,2026,5,May,20,22,Wednesday,3,Non
2026052023,2026-05-20T23:00,2026-05-20,2026,5,May,20,23,Wednesday,3,Non
2026052100,2026-05-21T00:00,2026-05-21,2026,5,May,21,0,Thursday,4,Non
2026052101,2026-05-21T01:00,2026-05-21,2026,5,May,21,1,Thursday,4,Non
2026052102,2026-05-21T02:00,2026-05-21,2026,5,May,21,2,Thursday,4,Non
2026052103,2026-05-21T03:00,2026-05-21,2026,5,May,21,3,Thursday,4,Non
2026052104,2026-05-21T04:00,2026-05-21,2026,5,May,21,4,Thursday,4,Non
2026052105,2026-05-21T05:00,2026-05-21,2026,5,May,21,5,Thursday,4,Non
2026052106,2026-05-21T06:00,2026-05-21,2026,5,May,21,6,Thursday,4,Non
2026052107,2026-05-21T07:00,2026-05-21,2026,5,May,21,7,Thursday,4,Non
2026052108,2026-05-21T08:00,2026-05-21,2026,5,May,21,8,Thursday,4,Non
2026052109,2026-05-21T09:00,2026-05-21,2026,5,May,21,9,Thursday,4,Non
2026052110,2026-05-21T10:00,2026-05-21,2026,5,May,21,10,Thursday,4,Non
2026052111,2026-05-21T11:00,2026-05-21,2026,5,May,21,11,Thursday,4,Non
2026052112,2026-05-21T12:00,2026-05-21,2026,5,May,21,12,Thursday,4,Non
2026052113,2026-05-21T13:00,2026-05-21,2026,5,May,21,13,Thursday,4,Non
2026052114,2026-05-21T14:00,2026-05-21,2026,5,May,21,14,Thursday,4,Non
2026052115,2026-05-21T15:00,2026-05-21,2026,5,May,21,15,Thursday,4,Non
2026052116,2026-05-21T16:00,2026-05-21,2026,5,May,21,16,Thursday,4,Non
2026052117,2026-05-21T17:00,2026-05-21,2026,5,May,21,17,Thursday,4,Non
2026052118,2026-05-21T18:00,2026-05-21,2026,5,May,21,18,Thursday,4,Non
2026052119,2026-05-21T19:00,2026-05-21,2026,5,May,21,19,Thursday,4,Non
2026052120,2026-05-21T20:00,2026-05-21,2026,5,May,21,20,Thursday,4,Non
2026052121,2026-05-21T21:00,2026-05-21,2026,5,May,21,21,Thursday,4,Non
2026052122,2026-05-21T22:00,2026-05-21,2026,5,May,21,22,Thursday,4,Non
2026052123,2026-05-21T23:00,2026-05-21,2026,5,May,21,23,Thursday,4,Non
2026052200,2026-05-22T00:00,2026-05-22,2026,5,May,22,0,Friday,5,Non
2026052201,2026-05-22T01:00,2026-05-22,2026,5,May,22,1,Friday,5,Non
2026052202,2026-05-22T02:00,2026-05-22,2026,5,May,22,2,Friday,5,Non
2026052203,2026-05-22T03:00,2026-05-22,2026,5,May,22,3,Friday,5,Non
2026052204,2026-05-22T04:00,2026-05-22,2026,5,May,22,4,Friday,5,Non
2026052205,2026-05-22T05:00,2026-05-22,2026,5,May,22,5,Friday,5,Non
2026052206,2026-05-22T06:00,2026-05-22,2026,5,May,22,6,Friday,5,Non
2026052207,2026-05-22T07:00,2026-05-22,2026,5,May,22,7,Friday,5,Non
2026052208,2026-05-22T08:00,2026-05-22,2026,5,May,22,8,Friday,5,Non
2026052209,2026-05-22T09:00,2026-05-22,2026,5,May,22,9,Friday,5,Non
2026052210,2026-05-22T10:00,2026-05-22,2026,5,May,22,10,Friday,5,Non
2026052211,2026-05-22T11:00,2026-05-22,2026,5,May,22,11,Friday,5,Non
2026052212,2026-05-22T12:00,2026-05-22,2026,5,May,22,12,Friday,5,Non
2026052213,2026-05-22T13:00,2026-05-22,2026,5,May,22,13,Friday,5,Non
2026052214,2026-05-22T14:00,2026-05-22,2026,5,May,22,14,Friday,5,Non
2026052215,2026-05-22T15:00,2026-05-22,2026,5,May,22,15,Friday,5,Non
2026052216,2026-05-22T16:00,2026-05-22,2026,5,May,22,16,Friday,5,Non
2026052217,2026-05-22T17:00,2026-05-22,2026,5,May,22,17,Friday,5,Non
2026052218,2026-05-22T18:00,2026-05-22,2026,5,May,22,18,Friday,5,Non
2026052219,2026-05-22T19:00,2026-05-22,2026,5,May,22,19,Friday,5,Non
2026052220,2026-05-22T20:00,2026-05-22,2026,5,May,22,20,Friday,5,Non
2026052221,2026-05-22T21:00,2026-05-22,2026,5,May,22,21,Friday,5,Non
2026052222,2026-05-22T22:00,2026-05-22,2026,5,May,22,22,Friday,5,Non
2026052223,2026-05-22T23:00,2026-05-22,2026,5,May,22,23,Friday,5,Non
2026052300,2026-05-23T00:00,2026-05-23,2026,5,May,23,0,Saturday,6,Oui
2026052301,2026-05-23T01:00,2026-05-23,2026,5,May,23,1,Saturday,6,Oui
2026052302,2026-05-23T02:00,2026-05-23,2026,5,May,23,2,Saturday,6,Oui
2026052303,2026-05-23T03:00,2026-05-23,2026,5,May,23,3,Saturday,6,Oui
2026052304,2026-05-23T04:00,2026-05-23,2026,5,May,23,4,Saturday,6,Oui
2026052305,2026-05-23T05:00,2026-05-23,2026,5,May,23,5,Saturday,6,Oui
2026052306,2026-05-23T06:00,2026-05-23,2026,5,May,23,6,Saturday,6,Oui
2026052307,2026-05-23T07:00,2026-05-23,2026,5,May,23,7,Saturday,6,Oui
2026052308,2026-05-23T08:00,2026-05-23,2026,5,May,23,8,Saturday,6,Oui
2026052309,2026-05-23T09:00,2026-05-23,2026,5,May,23,9,Saturday,6,Oui
2026052310,2026-05-23T10:00,2026-05-23,2026,5,May,23,10,Saturday,6,Oui
2026052311,2026-05-23T11:00,2026-05-23,2026,5,May,23,11,Saturday,6,Oui
2026052312,2026-05-23T12:00,2026-05-23,2026,5,May,23,12,Saturday,6,Oui
2026052313,2026-05-23T13:00,2026-05-23,2026,5,May,23,13,Saturday,6,Oui
2026052314,2026-05-23T14:00,2026-05-23,2026,5,May,23,14,Saturday,6,Oui
2026052315,2026-05-23T15:00,2026-05-23,2026,5,May,23,15,Saturday,6,Oui
2026052316,2026-05-23T16:00,2026-05-23,2026,5,May,23,16,Saturday,6,Oui
2026052317,2026-05-23T17:00,2026-05-23,2026,5,May,23,17,Saturday,6,Oui
2026052318,2026-05-23T18:00,2026-05-23,2026,5,May,23,18,Saturday,6,Oui
2026052319,2026-05-23T19:00,2026-05-23,2026,5,May,23,19,Saturday,6,Oui
2026052320,2026-05-23T20:00,2026-05-23,2026,5,May,23,20,Saturday,6,Oui
2026052321,2026-05-23T21:00,2026-05-23,2026,5,May,23,21,Saturday,6,Oui
2026052322,2026-05-23T22:00,2026-05-23,2026,5,May,23,22,Saturday,6,Oui
2026052323,2026-05-23T23:00,2026-05-23,2026,5,May,23,23,Saturday,6,Oui
2026052400,2026-05-24T00:00,2026-05-24,2026,5,May,24,0,Sunday,7,Oui
2026052401,2026-05-24T01:00,2026-05-24,2026,5,May,24,1,Sunday,7,Oui
2026052402,2026-05-24T02:00,2026-05-24,2026,5,May,24,2,Sunday,7,Oui
2026052403,2026-05-24T03:00,2026-05-24,2026,5,May,24,3,Sunday,7,Oui
2026052404,2026-05-24T04:00,2026-05-24,2026,5,May,24,4,Sunday,7,Oui
2026052405,2026-05-24T05:00,2026-05-24,2026,5,May,24,5,Sunday,7,Oui
2026052406,2026-05-24T06:00,2026-05-24,2026,5,May,24,6,Sunday,7,Oui
2026052407,2026-05-24T07:00,2026-05-24,2026,5,May,24,7,Sunday,7,Oui
2026052408,2026-05-24T08:00,2026-05-24,2026,5,May,24,8,Sunday,7,Oui
2026052409,2026-05-24T09:00,2026-05-24,2026,5,May,24,9,Sunday,7,Oui
2026052410,2026-05-24T10:00,2026-05-24,2026,5,May,24,10,Sunday,7,Oui
2026052411,2026-05-24T11:00,2026-05-24,2026,5,May,24,11,Sunday,7,Oui
2026052412,2026-05-24T12:00,2026-05-24,2026,5,May,24,12,Sunday,7,Oui
2026052413,2026-05-24T13:00,2026-05-24,2026,5,May,24,13,Sunday,7,Oui
2026052414,2026-05-24T14:00,2026-05-24,2026,5,May,24,14,Sunday,7,Oui
2026052415,2026-05-24T15:00,2026-05-24,2026,5,May,24,15,Sunday,7,Oui
2026052416,2026-05-24T16:00,2026-05-24,2026,5,May,24,16,Sunday,7,Oui
2026052417,2026-05-24T17:00,2026-05-24,2026,5,May,24,17,Sunday,7,Oui
2026052418,2026-05-24T18:00,2026-05-24,2026,5,May,24,18,Sunday,7,Oui
2026052419,2026-05-24T19:00,2026-05-24,2026,5,May,24,19,Sunday,7,Oui
2026052420,2026-05-24T20:00,2026-05-24,2026,5,May,24,20,Sunday,7,Oui
2026052421,2026-05-24T21:00,2026-05-24,2026,5,May,24,21,Sunday,7,Oui
2026052422,2026-05-24T22:00,2026-05-24,2026,5,May,24,22,Sunday,7,Oui
2026052423,2026-05-24T23:00,2026-05-24,2026,5,May,24,23,Sunday,7,Oui
2026052500,2026-05-25T00:00,2026-05-25,2026,5,May,25,0,Monday,1,Non
2026052501,2026-05-25T01:00,2026-05-25,2026,5,May,25,1,Monday,1,Non
2026052502,2026-05-25T02:00,2026-05-25,2026,5,May,25,2,Monday,1,Non
2026052503,2026-05-25T03:00,2026-05-25,2026,5,May,25,3,Monday,1,Non
2026052504,2026-05-25T04:00,2026-05-25,2026,5,May,25,4,Monday,1,Non
2026052505,2026-05-25T05:00,2026-05-25,2026,5,May,25,5,Monday,1,Non
2026052506,2026-05-25T06:00,2026-05-25,2026,5,May,25,6,Monday,1,Non
2026052507,2026-05-25T07:00,2026-05-25,2026,5,May,25,7,Monday,1,Non
2026052508,2026-05-25T08:00,2026-05-25,2026,5,May,25,8,Monday,1,Non
2026052509,2026-05-25T09:00,2026-05-25,2026,5,May,25,9,Monday,1,Non
2026052510,2026-05-25T10:00,2026-05-25,2026,5,May,25,10,Monday,1,Non
2026052511,2026-05-25T11:00,2026-05-25,2026,5,May,25,11,Monday,1,Non
2026052512,2026-05-25T12:00,2026-05-25,2026,5,May,25,12,Monday,1,Non
2026052513,2026-05-25T13:00,2026-05-25,2026,5,May,25,13,Monday,1,Non
2026052514,2026-05-25T14:00,2026-05-25,2026,5,May,25,14,Monday,1,Non
2026052515,2026-05-25T15:00,2026-05-25,2026,5,May,25,15,Monday,1,Non
2026052516,2026-05-25T16:00,2026-05-25,2026,5,May,25,16,Monday,1,Non
2026052517,2026-05-25T17:00,2026-05-25,2026,5,May,25,17,Monday,1,Non
2026052518,2026-05-25T18:00,2026-05-25,2026,5,May,25,18,Monday,1,Non
2026052519,2026-05-25T19:00,2026-05-25,2026,5,May,25,19,Monday,1,Non
2026052520,2026-05-25T20:00,2026-05-25,2026,5,May,25,20,Monday,1,Non
2026052521,2026-05-25T21:00,2026-05-25,2026,5,May,25,21,Monday,1,Non
2026052522,2026-05-25T22:00,2026-05-25,2026,5,May,25,22,Monday,1,Non
2026052523,2026-05-25T23:00,2026-05-25,2026,5,May,25,23,Monday,1,Non
2026052600,2026-05-26T00:00,2026-05-26,2026,5,May,26,0,Tuesday,2,Non
2026052601,2026-05-26T01:00,2026-05-26,2026,5,May,26,1,Tuesday,2,Non
2026052602,2026-05-26T02:00,2026-05-26,2026,5,May,26,2,Tuesday,2,Non
2026052603,2026-05-26T03:00,2026-05-26,2026,5,May,26,3,Tuesday,2,Non
2026052604,2026-05-26T04:00,2026-05-26,2026,5,May,26,4,Tuesday,2,Non
2026052605,2026-05-26T05:00,2026-05-26,2026,5,May,26,5,Tuesday,2,Non
2026052606,2026-05-26T06:00,2026-05-26,2026,5,May,26,6,Tuesday,2,Non
2026052607,2026-05-26T07:00,2026-05-26,2026,5,May,26,7,Tuesday,2,Non
2026052608,2026-05-26T08:00,2026-05-26,2026,5,May,26,8,Tuesday,2,Non
2026052609,2026-05-26T09:00,2026-05-26,2026,5,May,26,9,Tuesday,2,Non
2026052610,2026-05-26T10:00,2026-05-26,2026,5,May,26,10,Tuesday,2,Non
2026052611,2026-05-26T11:00,2026-05-26,2026,5,May,26,11,Tuesday,2,Non
2026052612,2026-05-26T12:00,2026-05-26,2026,5,May,26,12,Tuesday,2,Non
2026052613,2026-05-26T13:00,2026-05-26,2026,5,May,26,13,Tuesday,2,Non
2026052614,2026-05-26T14:00,2026-05-26,2026,5,May,26,14,Tuesday,2,Non
2026052615,2026-05-26T15:00,2026-05-26,2026,5,May,26,15,Tuesday,2,Non
2026052616,2026-05-26T16:00,2026-05-26,2026,5,May,26,16,Tuesday,2,Non
2026052617,2026-05-26T17:00,2026-05-26,2026,5,May,26,17,Tuesday,2,Non
2026052618,2026-05-26T18:00,2026-05-26,2026,5,May,26,18,Tuesday,2,Non
2026052619,2026-05-26T19:00,2026-05-26,2026,5,May,26,19,Tuesday,2,Non
2026052620,2026-05-26T20:00,2026-05-26,2026,5,May,26,20,Tuesday,2,Non
2026052621,2026-05-26T21:00,2026-05-26,2026,5,May,26,21,Tuesday,2,Non
2026052622,2026-05-26T22:00,2026-05-26,2026,5,May,26,22,Tuesday,2,Non
2026052623,2026-05-26T23:00,2026-05-26,2026,5,May,26,23,Tuesday,2,Non
2026052700,2026-05-27T00:00,2026-05-27,2026,5,May,27,0,Wednesday,3,Non
2026052701,2026-05-27T01:00,2026-05-27,2026,5,May,27,1,Wednesday,3,Non
2026052702,2026-05-27T02:00,2026-05-27,2026,5,May,27,2,Wednesday,3,Non
2026052703,2026-05-27T03:00,2026-05-27,2026,5,May,27,3,Wednesday,3,Non
2026052704,2026-05-27T04:00,2026-05-27,2026,5,May,27,4,Wednesday,3,Non
2026052705,2026-05-27T05:00,2026-05-27,2026,5,May,27,5,Wednesday,3,Non
2026052706,2026-05-27T06:00,2026-05-27,2026,5,May,27,6,Wednesday,3,Non
2026052707,2026-05-27T07:00,2026-05-27,2026,5,May,27,7,Wednesday,3,Non
2026052708,2026-05-27T08:00,2026-05-27,2026,5,May,27,8,Wednesday,3,Non
2026052709,2026-05-27T09:00,2026-05-27,2026,5,May,27,9,Wednesday,3,Non
2026052710,2026-05-27T10:00,2026-05-27,2026,5,May,27,10,Wednesday,3,Non
2026052711,2026-05-27T11:00,2026-05-27,2026,5,May,27,11,Wednesday,3,Non
2026052712,2026-05-27T12:00,2026-05-27,2026,5,May,27,12,Wednesday,3,Non
2026052713,2026-05-27T13:00,2026-05-27,2026,5,May,27,13,Wednesday,3,Non
2026052714,2026-05-27T14:00,2026-05-27,2026,5,May,27,14,Wednesday,3,Non
2026052715,2026-05-27T15:00,2026-05-27,2026,5,May,27,15,Wednesday,3,Non
2026052716,2026-05-27T16:00,2026-05-27,2026,5,May,27,16,Wednesday,3,Non
2026052717,2026-05-27T17:00,2026-05-27,2026,5,May,27,17,Wednesday,3,Non
2026052718,2026-05-27T18:00,2026-05-27,2026,5,May,27,18,Wednesday,3,Non
2026052719,2026-05-27T19:00,2026-05-27,2026,5,May,27,19,Wednesday,3,Non
2026052720,2026-05-27T20:00,2026-05-27,2026,5,May,27,20,Wednesday,3,Non
2026052721,2026-05-27T21:00,2026-05-27,2026,5,May,27,21,Wednesday,3,Non
2026052722,2026-05-27T22:00,2026-05-27,2026,5,May,27,22,Wednesday,3,Non
2026052723,2026-05-27T23:00,2026-05-27,2026,5,May,27,23,Wednesday,3,Non
2026052800,2026-05-28T00:00,2026-05-28,2026,5,May,28,0,Thursday,4,Non
2026052801,2026-05-28T01:00,2026-05-28,2026,5,May,28,1,Thursday,4,Non
2026052802,2026-05-28T02:00,2026-05-28,2026,5,May,28,2,Thursday,4,Non
2026052803,2026-05-28T03:00,2026-05-28,2026,5,May,28,3,Thursday,4,Non
2026052804,2026-05-28T04:00,2026-05-28,2026,5,May,28,4,Thursday,4,Non
2026052805,2026-05-28T05:00,2026-05-28,2026,5,May,28,5,Thursday,4,Non
2026052806,2026-05-28T06:00,2026-05-28,2026,5,May,28,6,Thursday,4,Non
2026052807,2026-05-28T07:00,2026-05-28,2026,5,May,28,7,Thursday,4,Non
2026052808,2026-05-28T08:00,2026-05-28,2026,5,May,28,8,Thursday,4,Non
2026052809,2026-05-28T09:00,2026-05-28,2026,5,May,28,9,Thursday,4,Non
2026052810,2026-05-28T10:00,2026-05-28,2026,5,May,28,10,Thursday,4,Non
2026052811,2026-05-28T11:00,2026-05-28,2026,5,May,28,11,Thursday,4,Non
2026052812,2026-05-28T12:00,2026-05-28,2026,5,May,28,12,Thursday,4,Non
2026052813,2026-05-28T13:00,2026-05-28,2026,5,May,28,13,Thursday,4,Non
2026052814,2026-05-28T14:00,2026-05-28,2026,5,May,28,14,Thursday,4,Non
2026052815,2026-05-28T15:00,2026-05-28,2026,5,May,28,15,Thursday,4,Non
2026052816,2026-05-28T16:00,2026-05-28,2026,5,May,28,16,Thursday,4,Non
2026052817,2026-05-28T17:00,2026-05-28,2026,5,May,28,17,Thursday,4,Non
2026052818,2026-05-28T18:00,2026-05-28,2026,5,May,28,18,Thursday,4,Non
2026052819,2026-05-28T19:00,2026-05-28,2026,5,May,28,19,Thursday,4,Non
2026052820,2026-05-28T20:00,2026-05-28,2026,5,May,28,20,Thursday,4,Non
2026052821,2026-05-28T21:00,2026-05-28,2026,5,May,28,21,Thursday,4,Non
2026052822,2026-05-28T22:00,2026-05-28,2026,5,May,28,22,Thursday,4,Non
2026052823,2026-05-28T23:00,2026-05-28,2026,5,May,28,23,Thursday,4,Non
2026052900,2026-05-29T00:00,2026-05-29,2026,5,May,29,0,Friday,5,Non
2026052901,2026-05-29T01:00,2026-05-29,2026,5,May,29,1,Friday,5,Non
2026052902,2026-05-29T02:00,2026-05-29,2026,5,May,29,2,Friday,5,Non
2026052903,2026-05-29T03:00,2026-05-29,2026,5,May,29,3,Friday,5,Non
2026052904,2026-05-29T04:00,2026-05-29,2026,5,May,29,4,Friday,5,Non
2026052905,2026-05-29T05:00,2026-05-29,2026,5,May,29,5,Friday,5,Non
2026052906,2026-05-29T06:00,2026-05-29,2026,5,May,29,6,Friday,5,Non
2026052907,2026-05-29T07:00,2026-05-29,2026,5,May,29,7,Friday,5,Non
2026052908,2026-05-29T08:00,2026-05-29,2026,5,May,29,8,Friday,5,Non
2026052909,2026-05-29T09:00,2026-05-29,2026,5,May,29,9,Friday,5,Non
2026052910,2026-05-29T10:00,2026-05-29,2026,5,May,29,10,Friday,5,Non
2026052911,2026-05-29T11:00,2026-05-29,2026,5,May,29,11,Friday,5,Non
2026052912,2026-05-29T12:00,2026-05-29,2026,5,May,29,12,Friday,5,Non
2026052913,2026-05-29T13:00,2026-05-29,2026,5,May,29,13,Friday,5,Non
2026052914,2026-05-29T14:00,2026-05-29,2026,5,May,29,14,Friday,5,Non
2026052915,2026-05-29T15:00,2026-05-29,2026,5,May,29,15,Friday,5,Non
2026052916,2026-05-29T16:00,2026-05-29,2026,5,May,29,16,Friday,5,Non
2026052917,2026-05-29T17:00,2026-05-29,2026,5,May,29,17,Friday,5,Non
2026052918,2026-05-29T18:00,2026-05-29,2026,5,May,29,18,Friday,5,Non
2026052919,2026-05-29T19:00,2026-05-29,2026,5,May,29,19,Friday,5,Non
2026052920,2026-05-29T20:00,2026-05-29,2026,5,May,29,20,Friday,5,Non
2026052921,2026-05-29T21:00,2026-05-29,2026,5,May,29,21,Friday,5,Non
2026052922,2026-05-29T22:00,2026-05-29,2026,5,May,29,22,Friday,5,Non
2026052923,2026-05-29T23:00,2026-05-29,2026,5,May,29,23,Friday,5,Non
2026053000,2026-05-30T00:00,2026-05-30,2026,5,May,30,0,Saturday,6,Oui
2026053001,2026-05-30T01:00,2026-05-30,2026,5,May,30,1,Saturday,6,Oui
2026053002,2026-05-30T02:00,2026-05-30,2026,5,May,30,2,Saturday,6,Oui
2026053003,2026-05-30T03:00,2026-05-30,2026,5,May,30,3,Saturday,6,Oui
2026053004,2026-05-30T04:00,2026-05-30,2026,5,May,30,4,Saturday,6,Oui
2026053005,2026-05-30T05:00,2026-05-30,2026,5,May,30,5,Saturday,6,Oui
2026053006,2026-05-30T06:00,2026-05-30,2026,5,May,30,6,Saturday,6,Oui
2026053007,2026-05-30T07:00,2026-05-30,2026,5,May,30,7,Saturday,6,Oui
2026053008,2026-05-30T08:00,2026-05-30,2026,5,May,30,8,Saturday,6,Oui
2026053009,2026-05-30T09:00,2026-05-30,2026,5,May,30,9,Saturday,6,Oui
2026053010,2026-05-30T10:00,2026-05-30,2026,5,May,30,10,Saturday,6,Oui
2026053011,2026-05-30T11:00,2026-05-30,2026,5,May,30,11,Saturday,6,Oui
2026053012,2026-05-30T12:00,2026-05-30,2026,5,May,30,12,Saturday,6,Oui
2026053013,2026-05-30T13:00,2026-05-30,2026,5,May,30,13,Saturday,6,Oui
2026053014,2026-05-30T14:00,2026-05-30,2026,5,May,30,14,Saturday,6,Oui
2026053015,2026-05-30T15:00,2026-05-30,2026,5,May,30,15,Saturday,6,Oui
2026053016,2026-05-30T16:00,2026-05-30,2026,5,May,30,16,Saturday,6,Oui
2026053017,2026-05-30T17:00,2026-05-30,2026,5,May,30,17,Saturday,6,Oui
2026053018,2026-05-30T18:00,2026-05-30,2026,5,May,30,18,Saturday,6,Oui
2026053019,2026-05-30T19:00,2026-05-30,2026,5,May,30,19,Saturday,6,Oui
2026053020,2026-05-30T20:00,2026-05-30,2026,5,May,30,20,Saturday,6,Oui
2026053021,2026-05-30T21:00,2026-05-30,2026,5,May,30,21,Saturday,6,Oui
2026053022,2026-05-30T22:00,2026-05-30,2026,5,May,30,22,Saturday,6,Oui
2026053023,2026-05-30T23:00,2026-05-30,2026,5,May,30,23,Saturday,6,Oui
2026053100,2026-05-31T00:00,2026-05-31,2026,5,May,31,0,Sunday,7,Oui
2026053101,2026-05-31T01:00,2026-05-31,2026,5,May,31,1,Sunday,7,Oui
2026053102,2026-05-31T02:00,2026-05-31,2026,5,May,31,2,Sunday,7,Oui
2026053103,2026-05-31T03:00,2026-05-31,2026,5,May,31,3,Sunday,7,Oui
2026053104,2026-05-31T04:00,2026-05-31,2026,5,May,31,4,Sunday,7,Oui
2026053105,2026-05-31T05:00,2026-05-31,2026,5,May,31,5,Sunday,7,Oui
2026053106,2026-05-31T06:00,2026-05-31,2026,5,May,31,6,Sunday,7,Oui
2026053107,2026-05-31T07:00,2026-05-31,2026,5,May,31,7,Sunday,7,Oui
2026053108,2026-05-31T08:00,2026-05-31,2026,5,May,31,8,Sunday,7,Oui
2026053109,2026-05-31T09:00,2026-05-31,2026,5,May,31,9,Sunday,7,Oui
2026053110,2026-05-31T10:00,2026-05-31,2026,5,May,31,10,Sunday,7,Oui
2026053111,2026-05-31T11:00,2026-05-31,2026,5,May,31,11,Sunday,7,Oui
2026053112,2026-05-31T12:00,2026-05-31,2026,5,May,31,12,Sunday,7,Oui
2026053113,2026-05-31T13:00,2026-05-31,2026,5,May,31,13,Sunday,7,Oui
2026053114,2026-05-31T14:00,2026-05-31,2026,5,May,31,14,Sunday,7,Oui
2026053115,2026-05-31T15:00,2026-05-31,2026,5,May,31,15,Sunday,7,Oui
2026053116,2026-05-31T16:00,2026-05-31,2026,5,May,31,16,Sunday,7,Oui
2026053117,2026-05-31T17:00,2026-05-31,2026,5,May,31,17,Sunday,7,Oui
2026053118,2026-05-31T18:00,2026-05-31,2026,5,May,31,18,Sunday,7,Oui
2026053119,2026-05-31T19:00,2026-05-31,2026,5,May,31,19,Sunday,7,Oui
2026053120,2026-05-31T20:00,2026-05-31,2026,5,May,31,20,Sunday,7,Oui
2026053121,2026-05-31T21:00,2026-05-31,2026,5,May,31,21,Sunday,7,Oui
2026053122,2026-05-31T22:00,2026-05-31,2026,5,May,31,22,Sunday,7,Oui
2026053123,2026-05-31T23:00,2026-05-31,2026,5,May,31,23,Sunday,7,Oui
2026060100,2026-06-01T00:00,2026-06-01,2026,6,June,1,0,Monday,1,Non
2026060101,2026-06-01T01:00,2026-06-01,2026,6,June,1,1,Monday,1,Non
2026060102,2026-06-01T02:00,2026-06-01,2026,6,June,1,2,Monday,1,Non
2026060103,2026-06-01T03:00,2026-06-01,2026,6,June,1,3,Monday,1,Non
2026060104,2026-06-01T04:00,2026-06-01,2026,6,June,1,4,Monday,1,Non
2026060105,2026-06-01T05:00,2026-06-01,2026,6,June,1,5,Monday,1,Non
2026060106,2026-06-01T06:00,2026-06-01,2026,6,June,1,6,Monday,1,Non
2026060107,2026-06-01T07:00,2026-06-01,2026,6,June,1,7,Monday,1,Non
2026060108,2026-06-01T08:00,2026-06-01,2026,6,June,1,8,Monday,1,Non
2026060109,2026-06-01T09:00,2026-06-01,2026,6,June,1,9,Monday,1,Non
2026060110,2026-06-01T10:00,2026-06-01,2026,6,June,1,10,Monday,1,Non
2026060111,2026-06-01T11:00,2026-06-01,2026,6,June,1,11,Monday,1,Non
2026060112,2026-06-01T12:00,2026-06-01,2026,6,June,1,12,Monday,1,Non
2026060113,2026-06-01T13:00,2026-06-01,2026,6,June,1,13,Monday,1,Non
2026060114,2026-06-01T14:00,2026-06-01,2026,6,June,1,14,Monday,1,Non
2026060115,2026-06-01T15:00,2026-06-01,2026,6,June,1,15,Monday,1,Non
2026060116,2026-06-01T16:00,2026-06-01,2026,6,June,1,16,Monday,1,Non
2026060117,2026-06-01T17:00,2026-06-01,2026,6,June,1,17,Monday,1,Non
2026060118,2026-06-01T18:00,2026-06-01,2026,6,June,1,18,Monday,1,Non
2026060119,2026-06-01T19:00,2026-06-01,2026,6,June,1,19,Monday,1,Non
2026060120,2026-06-01T20:00,2026-06-01,2026,6,June,1,20,Monday,1,Non
2026060121,2026-06-01T21:00,2026-06-01,2026,6,June,1,21,Monday,1,Non
2026060122,2026-06-01T22:00,2026-06-01,2026,6,June,1,22,Monday,1,Non
2026060123,2026-06-01T23:00,2026-06-01,2026,6,June,1,23,Monday,1,Non
2026060200,2026-06-02T00:00,2026-06-02,2026,6,June,2,0,Tuesday,2,Non
2026060201,2026-06-02T01:00,2026-06-02,2026,6,June,2,1,Tuesday,2,Non
2026060202,2026-06-02T02:00,2026-06-02,2026,6,June,2,2,Tuesday,2,Non
2026060203,2026-06-02T03:00,2026-06-02,2026,6,June,2,3,Tuesday,2,Non
2026060204,2026-06-02T04:00,2026-06-02,2026,6,June,2,4,Tuesday,2,Non
2026060205,2026-06-02T05:00,2026-06-02,2026,6,June,2,5,Tuesday,2,Non
2026060206,2026-06-02T06:00,2026-06-02,2026,6,June,2,6,Tuesday,2,Non
2026060207,2026-06-02T07:00,2026-06-02,2026,6,June,2,7,Tuesday,2,Non
2026060208,2026-06-02T08:00,2026-06-02,2026,6,June,2,8,Tuesday,2,Non
2026060209,2026-06-02T09:00,2026-06-02,2026,6,June,2,9,Tuesday,2,Non
2026060210,2026-06-02T10:00,2026-06-02,2026,6,June,2,10,Tuesday,2,Non
2026060211,2026-06-02T11:00,2026-06-02,2026,6,June,2,11,Tuesday,2,Non
2026060212,2026-06-02T12:00,2026-06-02,2026,6,June,2,12,Tuesday,2,Non
2026060213,2026-06-02T13:00,2026-06-02,2026,6,June,2,13,Tuesday,2,Non
2026060214,2026-06-02T14:00,2026-06-02,2026,6,June,2,14,Tuesday,2,Non
2026060215,2026-06-02T15:00,2026-06-02,2026,6,June,2,15,Tuesday,2,Non
2026060216,2026-06-02T16:00,2026-06-02,2026,6,June,2,16,Tuesday,2,Non
2026060217,2026-06-02T17:00,2026-06-02,2026,6,June,2,17,Tuesday,2,Non
2026060218,2026-06-02T18:00,2026-06-02,2026,6,June,2,18,Tuesday,2,Non
2026060219,2026-06-02T19:00,2026-06-02,2026,6,June,2,19,Tuesday,2,Non
2026060220,2026-06-02T20:00,2026-06-02,2026,6,June,2,20,Tuesday,2,Non
2026060221,2026-06-02T21:00,2026-06-02,2026,6,June,2,21,Tuesday,2,Non
2026060222,2026-06-02T22:00,2026-06-02,2026,6,June,2,22,Tuesday,2,Non
2026060223,2026-06-02T23:00,2026-06-02,2026,6,June,2,23,Tuesday,2,Non
2026060300,2026-06-03T00:00,2026-06-03,2026,6,June,3,0,Wednesday,3,Non
2026060301,2026-06-03T01:00,2026-06-03,2026,6,June,3,1,Wednesday,3,Non
2026060302,2026-06-03T02:00,2026-06-03,2026,6,June,3,2,Wednesday,3,Non
2026060303,2026-06-03T03:00,2026-06-03,2026,6,June,3,3,Wednesday,3,Non
2026060304,2026-06-03T04:00,2026-06-03,2026,6,June,3,4,Wednesday,3,Non
2026060305,2026-06-03T05:00,2026-06-03,2026,6,June,3,5,Wednesday,3,Non
2026060306,2026-06-03T06:00,2026-06-03,2026,6,June,3,6,Wednesday,3,Non
2026060307,2026-06-03T07:00,2026-06-03,2026,6,June,3,7,Wednesday,3,Non
2026060308,2026-06-03T08:00,2026-06-03,2026,6,June,3,8,Wednesday,3,Non
2026060309,2026-06-03T09:00,2026-06-03,2026,6,June,3,9,Wednesday,3,Non
2026060310,2026-06-03T10:00,2026-06-03,2026,6,June,3,10,Wednesday,3,Non
2026060311,2026-06-03T11:00,2026-06-03,2026,6,June,3,11,Wednesday,3,Non
2026060312,2026-06-03T12:00,2026-06-03,2026,6,June,3,12,Wednesday,3,Non
2026060313,2026-06-03T13:00,2026-06-03,2026,6,June,3,13,Wednesday,3,Non
2026060314,2026-06-03T14:00,2026-06-03,2026,6,June,3,14,Wednesday,3,Non
2026060315,2026-06-03T15:00,2026-06-03,2026,6,June,3,15,Wednesday,3,Non
2026060316,2026-06-03T16:00,2026-06-03,2026,6,June,3,16,Wednesday,3,Non
2026060317,2026-06-03T17:00,2026-06-03,2026,6,June,3,17,Wednesday,3,Non
2026060318,2026-06-03T18:00,2026-06-03,2026,6,June,3,18,Wednesday,3,Non
2026060319,2026-06-03T19:00,2026-06-03,2026,6,June,3,19,Wednesday,3,Non
2026060320,2026-06-03T20:00,2026-06-03,2026,6,June,3,20,Wednesday,3,Non
2026060321,2026-06-03T21:00,2026-06-03,2026,6,June,3,21,Wednesday,3,Non
2026060322,2026-06-03T22:00,2026-06-03,2026,6,June,3,22,Wednesday,3,Non
2026060323,2026-06-03T23:00,2026-06-03,2026,6,June,3,23,Wednesday,3,Non
2026060400,2026-06-04T00:00,2026-06-04,2026,6,June,4,0,Thursday,4,Non
2026060401,2026-06-04T01:00,2026-06-04,2026,6,June,4,1,Thursday,4,Non
2026060402,2026-06-04T02:00,2026-06-04,2026,6,June,4,2,Thursday,4,Non
2026060403,2026-06-04T03:00,2026-06-04,2026,6,June,4,3,Thursday,4,Non
2026060404,2026-06-04T04:00,2026-06-04,2026,6,June,4,4,Thursday,4,Non
2026060405,2026-06-04T05:00,2026-06-04,2026,6,June,4,5,Thursday,4,Non
2026060406,2026-06-04T06:00,2026-06-04,2026,6,June,4,6,Thursday,4,Non
2026060407,2026-06-04T07:00,2026-06-04,2026,6,June,4,7,Thursday,4,Non
2026060408,2026-06-04T08:00,2026-06-04,2026,6,June,4,8,Thursday,4,Non
2026060409,2026-06-04T09:00,2026-06-04,2026,6,June,4,9,Thursday,4,Non
2026060410,2026-06-04T10:00,2026-06-04,2026,6,June,4,10,Thursday,4,Non
2026060411,2026-06-04T11:00,2026-06-04,2026,6,June,4,11,Thursday,4,Non
2026060412,2026-06-04T12:00,2026-06-04,2026,6,June,4,12,Thursday,4,Non
2026060413,2026-06-04T13:00,2026-06-04,2026,6,June,4,13,Thursday,4,Non
2026060414,2026-06-04T14:00,2026-06-04,2026,6,June,4,14,Thursday,4,Non
2026060415,2026-06-04T15:00,2026-06-04,2026,6,June,4,15,Thursday,4,Non
2026060416,2026-06-04T16:00,2026-06-04,2026,6,June,4,16,Thursday,4,Non
2026060417,2026-06-04T17:00,2026-06-04,2026,6,June,4,17,Thursday,4,Non
2026060418,2026-06-04T18:00,2026-06-04,2026,6,June,4,18,Thursday,4,Non
2026060419,2026-06-04T19:00,2026-06-04,2026,6,June,4,19,Thursday,4,Non
2026060420,2026-06-04T20:00,2026-06-04,2026,6,June,4,20,Thursday,4,Non
2026060421,2026-06-04T21:00,2026-06-04,2026,6,June,4,21,Thursday,4,Non
2026060422,2026-06-04T22:00,2026-06-04,2026,6,June,4,22,Thursday,4,Non
2026060423,2026-06-04T23:00,2026-06-04,2026,6,June,4,23,Thursday,4,Non
2026060500,2026-06-05T00:00,2026-06-05,2026,6,June,5,0,Friday,5,Non
2026060501,2026-06-05T01:00,2026-06-05,2026,6,June,5,1,Friday,5,Non
2026060502,2026-06-05T02:00,2026-06-05,2026,6,June,5,2,Friday,5,Non
2026060503,2026-06-05T03:00,2026-06-05,2026,6,June,5,3,Friday,5,Non
2026060504,2026-06-05T04:00,2026-06-05,2026,6,June,5,4,Friday,5,Non
2026060505,2026-06-05T05:00,2026-06-05,2026,6,June,5,5,Friday,5,Non
2026060506,2026-06-05T06:00,2026-06-05,2026,6,June,5,6,Friday,5,Non
2026060507,2026-06-05T07:00,2026-06-05,2026,6,June,5,7,Friday,5,Non
2026060508,2026-06-05T08:00,2026-06-05,2026,6,June,5,8,Friday,5,Non
2026060509,2026-06-05T09:00,2026-06-05,2026,6,June,5,9,Friday,5,Non
2026060510,2026-06-05T10:00,2026-06-05,2026,6,June,5,10,Friday,5,Non
2026060511,2026-06-05T11:00,2026-06-05,2026,6,June,5,11,Friday,5,Non
2026060512,2026-06-05T12:00,2026-06-05,2026,6,June,5,12,Friday,5,Non
2026060513,2026-06-05T13:00,2026-06-05,2026,6,June,5,13,Friday,5,Non
2026060514,2026-06-05T14:00,2026-06-05,2026,6,June,5,14,Friday,5,Non
2026060515,2026-06-05T15:00,2026-06-05,2026,6,June,5,15,Friday,5,Non
2026060516,2026-06-05T16:00,2026-06-05,2026,6,June,5,16,Friday,5,Non
2026060517,2026-06-05T17:00,2026-06-05,2026,6,June,5,17,Friday,5,Non
2026060518,2026-06-05T18:00,2026-06-05,2026,6,June,5,18,Friday,5,Non
2026060519,2026-06-05T19:00,2026-06-05,2026,6,June,5,19,Friday,5,Non
2026060520,2026-06-05T20:00,2026-06-05,2026,6,June,5,20,Friday,5,Non
2026060521,2026-06-05T21:00,2026-06-05,2026,6,June,5,21,Friday,5,Non
2026060522,2026-06-05T22:00,2026-06-05,2026,6,June,5,22,Friday,5,Non
2026060523,2026-06-05T23:00,2026-06-05,2026,6,June,5,23,Friday,5,Non
2026060600,2026-06-06T00:00,2026-06-06,2026,6,June,6,0,Saturday,6,Oui
2026060601,2026-06-06T01:00,2026-06-06,2026,6,June,6,1,Saturday,6,Oui
2026060602,2026-06-06T02:00,2026-06-06,2026,6,June,6,2,Saturday,6,Oui
2026060603,2026-06-06T03:00,2026-06-06,2026,6,June,6,3,Saturday,6,Oui
2026060604,2026-06-06T04:00,2026-06-06,2026,6,June,6,4,Saturday,6,Oui
2026060605,2026-06-06T05:00,2026-06-06,2026,6,June,6,5,Saturday,6,Oui
2026060606,2026-06-06T06:00,2026-06-06,2026,6,June,6,6,Saturday,6,Oui
2026060607,2026-06-06T07:00,2026-06-06,2026,6,June,6,7,Saturday,6,Oui
2026060608,2026-06-06T08:00,2026-06-06,2026,6,June,6,8,Saturday,6,Oui
2026060609,2026-06-06T09:00,2026-06-06,2026,6,June,6,9,Saturday,6,Oui
2026060610,2026-06-06T10:00,2026-06-06,2026,6,June,6,10,Saturday,6,Oui
2026060611,2026-06-06T11:00,2026-06-06,2026,6,June,6,11,Saturday,6,Oui
2026060612,2026-06-06T12:00,2026-06-06,2026,6,June,6,12,Saturday,6,Oui
2026060613,2026-06-06T13:00,2026-06-06,2026,6,June,6,13,Saturday,6,Oui
2026060614,2026-06-06T14:00,2026-06-06,2026,6,June,6,14,Saturday,6,Oui
2026060615,2026-06-06T15:00,2026-06-06,2026,6,June,6,15,Saturday,6,Oui
2026060616,2026-06-06T16:00,2026-06-06,2026,6,June,6,16,Saturday,6,Oui
2026060617,2026-06-06T17:00,2026-06-06,2026,6,June,6,17,Saturday,6,Oui
2026060618,2026-06-06T18:00,2026-06-06,2026,6,June,6,18,Saturday,6,Oui
2026060619,2026-06-06T19:00,2026-06-06,2026,6,June,6,19,Saturday,6,Oui
2026060620,2026-06-06T20:00,2026-06-06,2026,6,June,6,20,Saturday,6,Oui
2026060621,2026-06-06T21:00,2026-06-06,2026,6,June,6,21,Saturday,6,Oui
2026060622,2026-06-06T22:00,2026-06-06,2026,6,June,6,22,Saturday,6,Oui
2026060623,2026-06-06T23:00,2026-06-06,2026,6,June,6,23,Saturday,6,Oui
2026060700,2026-06-07T00:00,2026-06-07,2026,6,June,7,0,Sunday,7,Oui
2026060701,2026-06-07T01:00,2026-06-07,2026,6,June,7,1,Sunday,7,Oui
2026060702,2026-06-07T02:00,2026-06-07,2026,6,June,7,2,Sunday,7,Oui
2026060703,2026-06-07T03:00,2026-06-07,2026,6,June,7,3,Sunday,7,Oui
2026060704,2026-06-07T04:00,2026-06-07,2026,6,June,7,4,Sunday,7,Oui
2026060705,2026-06-07T05:00,2026-06-07,2026,6,June,7,5,Sunday,7,Oui
2026060706,2026-06-07T06:00,2026-06-07,2026,6,June,7,6,Sunday,7,Oui
2026060707,2026-06-07T07:00,2026-06-07,2026,6,June,7,7,Sunday,7,Oui
2026060708,2026-06-07T08:00,2026-06-07,2026,6,June,7,8,Sunday,7,Oui
2026060709,2026-06-07T09:00,2026-06-07,2026,6,June,7,9,Sunday,7,Oui
2026060710,2026-06-07T10:00,2026-06-07,2026,6,June,7,10,Sunday,7,Oui
2026060711,2026-06-07T11:00,2026-06-07,2026,6,June,7,11,Sunday,7,Oui
2026060712,2026-06-07T12:00,2026-06-07,2026,6,June,7,12,Sunday,7,Oui
2026060713,2026-06-07T13:00,2026-06-07,2026,6,June,7,13,Sunday,7,Oui
2026060714,2026-06-07T14:00,2026-06-07,2026,6,June,7,14,Sunday,7,Oui
2026060715,2026-06-07T15:00,2026-06-07,2026,6,June,7,15,Sunday,7,Oui
2026060716,2026-06-07T16:00,2026-06-07,2026,6,June,7,16,Sunday,7,Oui
2026060717,2026-06-07T17:00,2026-06-07,2026,6,June,7,17,Sunday,7,Oui
2026060718,2026-06-07T18:00,2026-06-07,2026,6,June,7,18,Sunday,7,Oui
2026060719,2026-06-07T19:00,2026-06-07,2026,6,June,7,19,Sunday,7,Oui
2026060720,2026-06-07T20:00,2026-06-07,2026,6,June,7,20,Sunday,7,Oui
2026060721,2026-06-07T21:00,2026-06-07,2026,6,June,7,21,Sunday,7,Oui
2026060722,2026-06-07T22:00,2026-06-07,2026,6,June,7,22,Sunday,7,Oui
2026060723,2026-06-07T23:00,2026-06-07,2026,6,June,7,23,Sunday,7,Oui
2026060800,2026-06-08T00:00,2026-06-08,2026,6,June,8,0,Monday,1,Non
2026060801,2026-06-08T01:00,2026-06-08,2026,6,June,8,1,Monday,1,Non
2026060802,2026-06-08T02:00,2026-06-08,2026,6,June,8,2,Monday,1,Non
2026060803,2026-06-08T03:00,2026-06-08,2026,6,June,8,3,Monday,1,Non
2026060804,2026-06-08T04:00,2026-06-08,2026,6,June,8,4,Monday,1,Non
2026060805,2026-06-08T05:00,2026-06-08,2026,6,June,8,5,Monday,1,Non
2026060806,2026-06-08T06:00,2026-06-08,2026,6,June,8,6,Monday,1,Non
2026060807,2026-06-08T07:00,2026-06-08,2026,6,June,8,7,Monday,1,Non
2026060808,2026-06-08T08:00,2026-06-08,2026,6,June,8,8,Monday,1,Non
2026060809,2026-06-08T09:00,2026-06-08,2026,6,June,8,9,Monday,1,Non
2026060810,2026-06-08T10:00,2026-06-08,2026,6,June,8,10,Monday,1,Non
2026060811,2026-06-08T11:00,2026-06-08,2026,6,June,8,11,Monday,1,Non
2026060812,2026-06-08T12:00,2026-06-08,2026,6,June,8,12,Monday,1,Non
2026060813,2026-06-08T13:00,2026-06-08,2026,6,June,8,13,Monday,1,Non
2026060814,2026-06-08T14:00,2026-06-08,2026,6,June,8,14,Monday,1,Non
2026060815,2026-06-08T15:00,2026-06-08,2026,6,June,8,15,Monday,1,Non
2026060816,2026-06-08T16:00,2026-06-08,2026,6,June,8,16,Monday,1,Non
2026060817,2026-06-08T17:00,2026-06-08,2026,6,June,8,17,Monday,1,Non
2026060818,2026-06-08T18:00,2026-06-08,2026,6,June,8,18,Monday,1,Non
2026060819,2026-06-08T19:00,2026-06-08,2026,6,June,8,19,Monday,1,Non
2026060820,2026-06-08T20:00,2026-06-08,2026,6,June,8,20,Monday,1,Non
2026060821,2026-06-08T21:00,2026-06-08,2026,6,June,8,21,Monday,1,Non
2026060822,2026-06-08T22:00,2026-06-08,2026,6,June,8,22,Monday,1,Non
2026060823,2026-06-08T23:00,2026-06-08,2026,6,June,8,23,Monday,1,Non
2026060900,2026-06-09T00:00,2026-06-09,2026,6,June,9,0,Tuesday,2,Non
2026060901,2026-06-09T01:00,2026-06-09,2026,6,June,9,1,Tuesday,2,Non
2026060902,2026-06-09T02:00,2026-06-09,2026,6,June,9,2,Tuesday,2,Non
2026060903,2026-06-09T03:00,2026-06-09,2026,6,June,9,3,Tuesday,2,Non
2026060904,2026-06-09T04:00,2026-06-09,2026,6,June,9,4,Tuesday,2,Non
2026060905,2026-06-09T05:00,2026-06-09,2026,6,June,9,5,Tuesday,2,Non
2026060906,2026-06-09T06:00,2026-06-09,2026,6,June,9,6,Tuesday,2,Non
2026060907,2026-06-09T07:00,2026-06-09,2026,6,June,9,7,Tuesday,2,Non
2026060908,2026-06-09T08:00,2026-06-09,2026,6,June,9,8,Tuesday,2,Non
2026060909,2026-06-09T09:00,2026-06-09,2026,6,June,9,9,Tuesday,2,Non
2026060910,2026-06-09T10:00,2026-06-09,2026,6,June,9,10,Tuesday,2,Non
2026060911,2026-06-09T11:00,2026-06-09,2026,6,June,9,11,Tuesday,2,Non
2026060912,2026-06-09T12:00,2026-06-09,2026,6,June,9,12,Tuesday,2,Non
2026060913,2026-06-09T13:00,2026-06-09,2026,6,June,9,13,Tuesday,2,Non
2026060914,2026-06-09T14:00,2026-06-09,2026,6,June,9,14,Tuesday,2,Non
2026060915,2026-06-09T15:00,2026-06-09,2026,6,June,9,15,Tuesday,2,Non
2026060916,2026-06-09T16:00,2026-06-09,2026,6,June,9,16,Tuesday,2,Non
2026060917,2026-06-09T17:00,2026-06-09,2026,6,June,9,17,Tuesday,2,Non
2026060918,2026-06-09T18:00,2026-06-09,2026,6,June,9,18,Tuesday,2,Non
2026060919,2026-06-09T19:00,2026-06-09,2026,6,June,9,19,Tuesday,2,Non
2026060920,2026-06-09T20:00,2026-06-09,2026,6,June,9,20,Tuesday,2,Non
2026060921,2026-06-09T21:00,2026-06-09,2026,6,June,9,21,Tuesday,2,Non
2026060922,2026-06-09T22:00,2026-06-09,2026,6,June,9,22,Tuesday,2,Non
2026060923,2026-06-09T23:00,2026-06-09,2026,6,June,9,23,Tuesday,2,Non
2026061000,2026-06-10T00:00,2026-06-10,2026,6,June,10,0,Wednesday,3,Non
2026061001,2026-06-10T01:00,2026-06-10,2026,6,June,10,1,Wednesday,3,Non
2026061002,2026-06-10T02:00,2026-06-10,2026,6,June,10,2,Wednesday,3,Non
2026061003,2026-06-10T03:00,2026-06-10,2026,6,June,10,3,Wednesday,3,Non
2026061004,2026-06-10T04:00,2026-06-10,2026,6,June,10,4,Wednesday,3,Non
2026061005,2026-06-10T05:00,2026-06-10,2026,6,June,10,5,Wednesday,3,Non
2026061006,2026-06-10T06:00,2026-06-10,2026,6,June,10,6,Wednesday,3,Non
2026061007,2026-06-10T07:00,2026-06-10,2026,6,June,10,7,Wednesday,3,Non
2026061008,2026-06-10T08:00,2026-06-10,2026,6,June,10,8,Wednesday,3,Non
2026061009,2026-06-10T09:00,2026-06-10,2026,6,June,10,9,Wednesday,3,Non
2026061010,2026-06-10T10:00,2026-06-10,2026,6,June,10,10,Wednesday,3,Non
2026061011,2026-06-10T11:00,2026-06-10,2026,6,June,10,11,Wednesday,3,Non
2026061012,2026-06-10T12:00,2026-06-10,2026,6,June,10,12,Wednesday,3,Non
2026061013,2026-06-10T13:00,2026-06-10,2026,6,June,10,13,Wednesday,3,Non
2026061014,2026-06-10T14:00,2026-06-10,2026,6,June,10,14,Wednesday,3,Non
2026061015,2026-06-10T15:00,2026-06-10,2026,6,June,10,15,Wednesday,3,Non
2026061016,2026-06-10T16:00,2026-06-10,2026,6,June,10,16,Wednesday,3,Non
2026061017,2026-06-10T17:00,2026-06-10,2026,6,June,10,17,Wednesday,3,Non
2026061018,2026-06-10T18:00,2026-06-10,2026,6,June,10,18,Wednesday,3,Non
2026061019,2026-06-10T19:00,2026-06-10,2026,6,June,10,19,Wednesday,3,Non
2026061020,2026-06-10T20:00,2026-06-10,2026,6,June,10,20,Wednesday,3,Non
2026061021,2026-06-10T21:00,2026-06-10,2026,6,June,10,21,Wednesday,3,Non
2026061022,2026-06-10T22:00,2026-06-10,2026,6,June,10,22,Wednesday,3,Non
2026061023,2026-06-10T23:00,2026-06-10,2026,6,June,10,23,Wednesday,3,Non
2026061100,2026-06-11T00:00,2026-06-11,2026,6,June,11,0,Thursday,4,Non
2026061101,2026-06-11T01:00,2026-06-11,2026,6,June,11,1,Thursday,4,Non
2026061102,2026-06-11T02:00,2026-06-11,2026,6,June,11,2,Thursday,4,Non
2026061103,2026-06-11T03:00,2026-06-11,2026,6,June,11,3,Thursday,4,Non
2026061104,2026-06-11T04:00,2026-06-11,2026,6,June,11,4,Thursday,4,Non
2026061105,2026-06-11T05:00,2026-06-11,2026,6,June,11,5,Thursday,4,Non
2026061106,2026-06-11T06:00,2026-06-11,2026,6,June,11,6,Thursday,4,Non
2026061107,2026-06-11T07:00,2026-06-11,2026,6,June,11,7,Thursday,4,Non
2026061108,2026-06-11T08:00,2026-06-11,2026,6,June,11,8,Thursday,4,Non
2026061109,2026-06-11T09:00,2026-06-11,2026,6,June,11,9,Thursday,4,Non
2026061110,2026-06-11T10:00,2026-06-11,2026,6,June,11,10,Thursday,4,Non
2026061111,2026-06-11T11:00,2026-06-11,2026,6,June,11,11,Thursday,4,Non
2026061112,2026-06-11T12:00,2026-06-11,2026,6,June,11,12,Thursday,4,Non
2026061113,2026-06-11T13:00,2026-06-11,2026,6,June,11,13,Thursday,4,Non
2026061114,2026-06-11T14:00,2026-06-11,2026,6,June,11,14,Thursday,4,Non
2026061115,2026-06-11T15:00,2026-06-11,2026,6,June,11,15,Thursday,4,Non
2026061116,2026-06-11T16:00,2026-06-11,2026,6,June,11,16,Thursday,4,Non
2026061117,2026-06-11T17:00,2026-06-11,2026,6,June,11,17,Thursday,4,Non
2026061118,2026-06-11T18:00,2026-06-11,2026,6,June,11,18,Thursday,4,Non
2026061119,2026-06-11T19:00,2026-06-11,2026,6,June,11,19,Thursday,4,Non
2026061120,2026-06-11T20:00,2026-06-11,2026,6,June,11,20,Thursday,4,Non
2026061121,2026-06-11T21:00,2026-06-11,2026,6,June,11,21,Thursday,4,Non
2026061122,2026-06-11T22:00,2026-06-11,2026,6,June,11,22,Thursday,4,Non
2026061123,2026-06-11T23:00,2026-06-11,2026,6,June,11,23,Thursday,4,Non
2026061200,2026-06-12T00:00,2026-06-12,2026,6,June,12,0,Friday,5,Non
2026061201,2026-06-12T01:00,2026-06-12,2026,6,June,12,1,Friday,5,Non
2026061202,2026-06-12T02:00,2026-06-12,2026,6,June,12,2,Friday,5,Non
2026061203,2026-06-12T03:00,2026-06-12,2026,6,June,12,3,Friday,5,Non
2026061204,2026-06-12T04:00,2026-06-12,2026,6,June,12,4,Friday,5,Non
2026061205,2026-06-12T05:00,2026-06-12,2026,6,June,12,5,Friday,5,Non
2026061206,2026-06-12T06:00,2026-06-12,2026,6,June,12,6,Friday,5,Non
2026061207,2026-06-12T07:00,2026-06-12,2026,6,June,12,7,Friday,5,Non
2026061208,2026-06-12T08:00,2026-06-12,2026,6,June,12,8,Friday,5,Non
2026061209,2026-06-12T09:00,2026-06-12,2026,6,June,12,9,Friday,5,Non
2026061210,2026-06-12T10:00,2026-06-12,2026,6,June,12,10,Friday,5,Non
2026061211,2026-06-12T11:00,2026-06-12,2026,6,June,12,11,Friday,5,Non
2026061212,2026-06-12T12:00,2026-06-12,2026,6,June,12,12,Friday,5,Non
2026061213,2026-06-12T13:00,2026-06-12,2026,6,June,12,13,Friday,5,Non
2026061214,2026-06-12T14:00,2026-06-12,2026,6,June,12,14,Friday,5,Non
2026061215,2026-06-12T15:00,2026-06-12,2026,6,June,12,15,Friday,5,Non
2026061216,2026-06-12T16:00,2026-06-12,2026,6,June,12,16,Friday,5,Non
2026061217,2026-06-12T17:00,2026-06-12,2026,6,June,12,17,Friday,5,Non
2026061218,2026-06-12T18:00,2026-06-12,2026,6,June,12,18,Friday,5,Non
2026061219,2026-06-12T19:00,2026-06-12,2026,6,June,12,19,Friday,5,Non
2026061220,2026-06-12T20:00,2026-06-12,2026,6,June,12,20,Friday,5,Non
2026061221,2026-06-12T21:00,2026-06-12,2026,6,June,12,21,Friday,5,Non
2026061222,2026-06-12T22:00,2026-06-12,2026,6,June,12,22,Friday,5,Non
2026061223,2026-06-12T23:00,2026-06-12,2026,6,June,12,23,Friday,5,Non
2026061300,2026-06-13T00:00,2026-06-13,2026,6,June,13,0,Saturday,6,Oui
2026061301,2026-06-13T01:00,2026-06-13,2026,6,June,13,1,Saturday,6,Oui
2026061302,2026-06-13T02:00,2026-06-13,2026,6,June,13,2,Saturday,6,Oui
2026061303,2026-06-13T03:00,2026-06-13,2026,6,June,13,3,Saturday,6,Oui
2026061304,2026-06-13T04:00,2026-06-13,2026,6,June,13,4,Saturday,6,Oui
2026061305,2026-06-13T05:00,2026-06-13,2026,6,June,13,5,Saturday,6,Oui
2026061306,2026-06-13T06:00,2026-06-13,2026,6,June,13,6,Saturday,6,Oui
2026061307,2026-06-13T07:00,2026-06-13,2026,6,June,13,7,Saturday,6,Oui
2026061308,2026-06-13T08:00,2026-06-13,2026,6,June,13,8,Saturday,6,Oui
2026061309,2026-06-13T09:00,2026-06-13,2026,6,June,13,9,Saturday,6,Oui
2026061310,2026-06-13T10:00,2026-06-13,2026,6,June,13,10,Saturday,6,Oui
2026061311,2026-06-13T11:00,2026-06-13,2026,6,June,13,11,Saturday,6,Oui
2026061312,2026-06-13T12:00,2026-06-13,2026,6,June,13,12,Saturday,6,Oui
2026061313,2026-06-13T13:00,2026-06-13,2026,6,June,13,13,Saturday,6,Oui
2026061314,2026-06-13T14:00,2026-06-13,2026,6,June,13,14,Saturday,6,Oui
2026061315,2026-06-13T15:00,2026-06-13,2026,6,June,13,15,Saturday,6,Oui
2026061316,2026-06-13T16:00,2026-06-13,2026,6,June,13,16,Saturday,6,Oui
2026061317,2026-06-13T17:00,2026-06-13,2026,6,June,13,17,Saturday,6,Oui
2026061318,2026-06-13T18:00,2026-06-13,2026,6,June,13,18,Saturday,6,Oui
2026061319,2026-06-13T19:00,2026-06-13,2026,6,June,13,19,Saturday,6,Oui
2026061320,2026-06-13T20:00,2026-06-13,2026,6,June,13,20,Saturday,6,Oui
2026061321,2026-06-13T21:00,2026-06-13,2026,6,June,13,21,Saturday,6,Oui
2026061322,2026-06-13T22:00,2026-06-13,2026,6,June,13,22,Saturday,6,Oui
2026061323,2026-06-13T23:00,2026-06-13,2026,6,June,13,23,Saturday,6,Oui
2026061400,2026-06-14T00:00,2026-06-14,2026,6,June,14,0,Sunday,7,Oui
2026061401,2026-06-14T01:00,2026-06-14,2026,6,June,14,1,Sunday,7,Oui
2026061402,2026-06-14T02:00,2026-06-14,2026,6,June,14,2,Sunday,7,Oui
2026061403,2026-06-14T03:00,2026-06-14,2026,6,June,14,3,Sunday,7,Oui
2026061404,2026-06-14T04:00,2026-06-14,2026,6,June,14,4,Sunday,7,Oui
2026061405,2026-06-14T05:00,2026-06-14,2026,6,June,14,5,Sunday,7,Oui
2026061406,2026-06-14T06:00,2026-06-14,2026,6,June,14,6,Sunday,7,Oui
2026061407,2026-06-14T07:00,2026-06-14,2026,6,June,14,7,Sunday,7,Oui
2026061408,2026-06-14T08:00,2026-06-14,2026,6,June,14,8,Sunday,7,Oui
2026061409,2026-06-14T09:00,2026-06-14,2026,6,June,14,9,Sunday,7,Oui
2026061410,2026-06-14T10:00,2026-06-14,2026,6,June,14,10,Sunday,7,Oui
2026061411,2026-06-14T11:00,2026-06-14,2026,6,June,14,11,Sunday,7,Oui
2026061412,2026-06-14T12:00,2026-06-14,2026,6,June,14,12,Sunday,7,Oui
2026061413,2026-06-14T13:00,2026-06-14,2026,6,June,14,13,Sunday,7,Oui
2026061414,2026-06-14T14:00,2026-06-14,2026,6,June,14,14,Sunday,7,Oui
2026061415,2026-06-14T15:00,2026-06-14,2026,6,June,14,15,Sunday,7,Oui
2026061416,2026-06-14T16:00,2026-06-14,2026,6,June,14,16,Sunday,7,Oui
2026061417,2026-06-14T17:00,2026-06-14,2026,6,June,14,17,Sunday,7,Oui
2026061418,2026-06-14T18:00,2026-06-14,2026,6,June,14,18,Sunday,7,Oui
2026061419,2026-06-14T19:00,2026-06-14,2026,6,June,14,19,Sunday,7,Oui
2026061420,2026-06-14T20:00,2026-06-14,2026,6,June,14,20,Sunday,7,Oui
2026061421,2026-06-14T21:00,2026-06-14,2026,6,June,14,21,Sunday,7,Oui
2026061422,2026-06-14T22:00,2026-06-14,2026,6,June,14,22,Sunday,7,Oui
2026061423,2026-06-14T23:00,2026-06-14,2026,6,June,14,23,Sunday,7,Oui
2026061500,2026-06-15T00:00,2026-06-15,2026,6,June,15,0,Monday,1,Non
2026061501,2026-06-15T01:00,2026-06-15,2026,6,June,15,1,Monday,1,Non
2026061502,2026-06-15T02:00,2026-06-15,2026,6,June,15,2,Monday,1,Non
2026061503,2026-06-15T03:00,2026-06-15,2026,6,June,15,3,Monday,1,Non
2026061504,2026-06-15T04:00,2026-06-15,2026,6,June,15,4,Monday,1,Non
2026061505,2026-06-15T05:00,2026-06-15,2026,6,June,15,5,Monday,1,Non
2026061506,2026-06-15T06:00,2026-06-15,2026,6,June,15,6,Monday,1,Non
2026061507,2026-06-15T07:00,2026-06-15,2026,6,June,15,7,Monday,1,Non
2026061508,2026-06-15T08:00,2026-06-15,2026,6,June,15,8,Monday,1,Non
2026061509,2026-06-15T09:00,2026-06-15,2026,6,June,15,9,Monday,1,Non
2026061510,2026-06-15T10:00,2026-06-15,2026,6,June,15,10,Monday,1,Non
2026061511,2026-06-15T11:00,2026-06-15,2026,6,June,15,11,Monday,1,Non
2026061512,2026-06-15T12:00,2026-06-15,2026,6,June,15,12,Monday,1,Non
2026061513,2026-06-15T13:00,2026-06-15,2026,6,June,15,13,Monday,1,Non
2026061514,2026-06-15T14:00,2026-06-15,2026,6,June,15,14,Monday,1,Non
2026061515,2026-06-15T15:00,2026-06-15,2026,6,June,15,15,Monday,1,Non
2026061516,2026-06-15T16:00,2026-06-15,2026,6,June,15,16,Monday,1,Non
2026061517,2026-06-15T17:00,2026-06-15,2026,6,June,15,17,Monday,1,Non
2026061518,2026-06-15T18:00,2026-06-15,2026,6,June,15,18,Monday,1,Non
2026061519,2026-06-15T19:00,2026-06-15,2026,6,June,15,19,Monday,1,Non
2026061520,2026-06-15T20:00,2026-06-15,2026,6,June,15,20,Monday,1,Non
2026061521,2026-06-15T21:00,2026-06-15,2026,6,June,15,21,Monday,1,Non
2026061522,2026-06-15T22:00,2026-06-15,2026,6,June,15,22,Monday,1,Non
2026061523,2026-06-15T23:00,2026-06-15,2026,6,June,15,23,Monday,1,Non
2026061600,2026-06-16T00:00,2026-06-16,2026,6,June,16,0,Tuesday,2,Non
2026061601,2026-06-16T01:00,2026-06-16,2026,6,June,16,1,Tuesday,2,Non
2026061602,2026-06-16T02:00,2026-06-16,2026,6,June,16,2,Tuesday,2,Non
2026061603,2026-06-16T03:00,2026-06-16,2026,6,June,16,3,Tuesday,2,Non
2026061604,2026-06-16T04:00,2026-06-16,2026,6,June,16,4,Tuesday,2,Non
2026061605,2026-06-16T05:00,2026-06-16,2026,6,June,16,5,Tuesday,2,Non
2026061606,2026-06-16T06:00,2026-06-16,2026,6,June,16,6,Tuesday,2,Non
2026061607,2026-06-16T07:00,2026-06-16,2026,6,June,16,7,Tuesday,2,Non
2026061608,2026-06-16T08:00,2026-06-16,2026,6,June,16,8,Tuesday,2,Non
2026061609,2026-06-16T09:00,2026-06-16,2026,6,June,16,9,Tuesday,2,Non
2026061610,2026-06-16T10:00,2026-06-16,2026,6,June,16,10,Tuesday,2,Non
2026061611,2026-06-16T11:00,2026-06-16,2026,6,June,16,11,Tuesday,2,Non
2026061612,2026-06-16T12:00,2026-06-16,2026,6,June,16,12,Tuesday,2,Non
2026061613,2026-06-16T13:00,2026-06-16,2026,6,June,16,13,Tuesday,2,Non
2026061614,2026-06-16T14:00,2026-06-16,2026,6,June,16,14,Tuesday,2,Non
2026061615,2026-06-16T15:00,2026-06-16,2026,6,June,16,15,Tuesday,2,Non
2026061616,2026-06-16T16:00,2026-06-16,2026,6,June,16,16,Tuesday,2,Non
2026061617,2026-06-16T17:00,2026-06-16,2026,6,June,16,17,Tuesday,2,Non
2026061618,2026-06-16T18:00,2026-06-16,2026,6,June,16,18,Tuesday,2,Non
2026061619,2026-06-16T19:00,2026-06-16,2026,6,June,16,19,Tuesday,2,Non
2026061620,2026-06-16T20:00,2026-06-16,2026,6,June,16,20,Tuesday,2,Non
2026061621,2026-06-16T21:00,2026-06-16,2026,6,June,16,21,Tuesday,2,Non
2026061622,2026-06-16T22:00,2026-06-16,2026,6,June,16,22,Tuesday,2,Non
2026061623,2026-06-16T23:00,2026-06-16,2026,6,June,16,23,Tuesday,2,Non
2026061700,2026-06-17T00:00,2026-06-17,2026,6,June,17,0,Wednesday,3,Non
2026061701,2026-06-17T01:00,2026-06-17,2026,6,June,17,1,Wednesday,3,Non
2026061702,2026-06-17T02:00,2026-06-17,2026,6,June,17,2,Wednesday,3,Non
2026061703,2026-06-17T03:00,2026-06-17,2026,6,June,17,3,Wednesday,3,Non
2026061704,2026-06-17T04:00,2026-06-17,2026,6,June,17,4,Wednesday,3,Non
2026061705,2026-06-17T05:00,2026-06-17,2026,6,June,17,5,Wednesday,3,Non
2026061706,2026-06-17T06:00,2026-06-17,2026,6,June,17,6,Wednesday,3,Non
2026061707,2026-06-17T07:00,2026-06-17,2026,6,June,17,7,Wednesday,3,Non
2026061708,2026-06-17T08:00,2026-06-17,2026,6,June,17,8,Wednesday,3,Non
2026061709,2026-06-17T09:00,2026-06-17,2026,6,June,17,9,Wednesday,3,Non
2026061710,2026-06-17T10:00,2026-06-17,2026,6,June,17,10,Wednesday,3,Non
2026061711,2026-06-17T11:00,2026-06-17,2026,6,June,17,11,Wednesday,3,Non
2026061712,2026-06-17T12:00,2026-06-17,2026,6,June,17,12,Wednesday,3,Non
2026061713,2026-06-17T13:00,2026-06-17,2026,6,June,17,13,Wednesday,3,Non
2026061714,2026-06-17T14:00,2026-06-17,2026,6,June,17,14,Wednesday,3,Non
2026061715,2026-06-17T15:00,2026-06-17,2026,6,June,17,15,Wednesday,3,Non
2026061716,2026-06-17T16:00,2026-06-17,2026,6,June,17,16,Wednesday,3,Non
2026061717,2026-06-17T17:00,2026-06-17,2026,6,June,17,17,Wednesday,3,Non
2026061718,2026-06-17T18:00,2026-06-17,2026,6,June,17,18,Wednesday,3,Non
2026061719,2026-06-17T19:00,2026-06-17,2026,6,June,17,19,Wednesday,3,Non
2026061720,2026-06-17T20:00,2026-06-17,2026,6,June,17,20,Wednesday,3,Non
2026061721,2026-06-17T21:00,2026-06-17,2026,6,June,17,21,Wednesday,3,Non
2026061722,2026-06-17T22:00,2026-06-17,2026,6,June,17,22,Wednesday,3,Non
2026061723,2026-06-17T23:00,2026-06-17,2026,6,June,17,23,Wednesday,3,Non
2026061800,2026-06-18T00:00,2026-06-18,2026,6,June,18,0,Thursday,4,Non
2026061801,2026-06-18T01:00,2026-06-18,2026,6,June,18,1,Thursday,4,Non
2026061802,2026-06-18T02:00,2026-06-18,2026,6,June,18,2,Thursday,4,Non
2026061803,2026-06-18T03:00,2026-06-18,2026,6,June,18,3,Thursday,4,Non
2026061804,2026-06-18T04:00,2026-06-18,2026,6,June,18,4,Thursday,4,Non
2026061805,2026-06-18T05:00,2026-06-18,2026,6,June,18,5,Thursday,4,Non
2026061806,2026-06-18T06:00,2026-06-18,2026,6,June,18,6,Thursday,4,Non
2026061807,2026-06-18T07:00,2026-06-18,2026,6,June,18,7,Thursday,4,Non
2026061808,2026-06-18T08:00,2026-06-18,2026,6,June,18,8,Thursday,4,Non
2026061809,2026-06-18T09:00,2026-06-18,2026,6,June,18,9,Thursday,4,Non
2026061810,2026-06-18T10:00,2026-06-18,2026,6,June,18,10,Thursday,4,Non
2026061811,2026-06-18T11:00,2026-06-18,2026,6,June,18,11,Thursday,4,Non
2026061812,2026-06-18T12:00,2026-06-18,2026,6,June,18,12,Thursday,4,Non
2026061813,2026-06-18T13:00,2026-06-18,2026,6,June,18,13,Thursday,4,Non
2026061814,2026-06-18T14:00,2026-06-18,2026,6,June,18,14,Thursday,4,Non
2026061815,2026-06-18T15:00,2026-06-18,2026,6,June,18,15,Thursday,4,Non
2026061816,2026-06-18T16:00,2026-06-18,2026,6,June,18,16,Thursday,4,Non
2026061817,2026-06-18T17:00,2026-06-18,2026,6,June,18,17,Thursday,4,Non
2026061818,2026-06-18T18:00,2026-06-18,2026,6,June,18,18,Thursday,4,Non
2026061819,2026-06-18T19:00,2026-06-18,2026,6,June,18,19,Thursday,4,Non
2026061820,2026-06-18T20:00,2026-06-18,2026,6,June,18,20,Thursday,4,Non
2026061821,2026-06-18T21:00,2026-06-18,2026,6,June,18,21,Thursday,4,Non
2026061822,2026-06-18T22:00,2026-06-18,2026,6,June,18,22,Thursday,4,Non
2026061823,2026-06-18T23:00,2026-06-18,2026,6,June,18,23,Thursday,4,Non
2026061900,2026-06-19T00:00,2026-06-19,2026,6,June,19,0,Friday,5,Non
2026061901,2026-06-19T01:00,2026-06-19,2026,6,June,19,1,Friday,5,Non
2026061902,2026-06-19T02:00,2026-06-19,2026,6,June,19,2,Friday,5,Non
2026061903,2026-06-19T03:00,2026-06-19,2026,6,June,19,3,Friday,5,Non
2026061904,2026-06-19T04:00,2026-06-19,2026,6,June,19,4,Friday,5,Non
2026061905,2026-06-19T05:00,2026-06-19,2026,6,June,19,5,Friday,5,Non
2026061906,2026-06-19T06:00,2026-06-19,2026,6,June,19,6,Friday,5,Non
2026061907,2026-06-19T07:00,2026-06-19,2026,6,June,19,7,Friday,5,Non
2026061908,2026-06-19T08:00,2026-06-19,2026,6,June,19,8,Friday,5,Non
2026061909,2026-06-19T09:00,2026-06-19,2026,6,June,19,9,Friday,5,Non
2026061910,2026-06-19T10:00,2026-06-19,2026,6,June,19,10,Friday,5,Non
2026061911,2026-06-19T11:00,2026-06-19,2026,6,June,19,11,Friday,5,Non
2026061912,2026-06-19T12:00,2026-06-19,2026,6,June,19,12,Friday,5,Non
2026061913,2026-06-19T13:00,2026-06-19,2026,6,June,19,13,Friday,5,Non
2026061914,2026-06-19T14:00,2026-06-19,2026,6,June,19,14,Friday,5,Non
2026061915,2026-06-19T15:00,2026-06-19,2026,6,June,19,15,Friday,5,Non
2026061916,2026-06-19T16:00,2026-06-19,2026,6,June,19,16,Friday,5,Non
2026061917,2026-06-19T17:00,2026-06-19,2026,6,June,19,17,Friday,5,Non
2026061918,2026-06-19T18:00,2026-06-19,2026,6,June,19,18,Friday,5,Non
2026061919,2026-06-19T19:00,2026-06-19,2026,6,June,19,19,Friday,5,Non
2026061920,2026-06-19T20:00,2026-06-19,2026,6,June,19,20,Friday,5,Non
2026061921,2026-06-19T21:00,2026-06-19,2026,6,June,19,21,Friday,5,Non
2026061922,2026-06-19T22:00,2026-06-19,2026,6,June,19,22,Friday,5,Non
2026061923,2026-06-19T23:00,2026-06-19,2026,6,June,19,23,Friday,5,Non
2026062000,2026-06-20T00:00,2026-06-20,2026,6,June,20,0,Saturday,6,Oui
2026062001,2026-06-20T01:00,2026-06-20,2026,6,June,20,1,Saturday,6,Oui
2026062002,2026-06-20T02:00,2026-06-20,2026,6,June,20,2,Saturday,6,Oui
2026062003,2026-06-20T03:00,2026-06-20,2026,6,June,20,3,Saturday,6,Oui
2026062004,2026-06-20T04:00,2026-06-20,2026,6,June,20,4,Saturday,6,Oui
2026062005,2026-06-20T05:00,2026-06-20,2026,6,June,20,5,Saturday,6,Oui
2026062006,2026-06-20T06:00,2026-06-20,2026,6,June,20,6,Saturday,6,Oui
2026062007,2026-06-20T07:00,2026-06-20,2026,6,June,20,7,Saturday,6,Oui
2026062008,2026-06-20T08:00,2026-06-20,2026,6,June,20,8,Saturday,6,Oui
2026062009,2026-06-20T09:00,2026-06-20,2026,6,June,20,9,Saturday,6,Oui
2026062010,2026-06-20T10:00,2026-06-20,2026,6,June,20,10,Saturday,6,Oui
2026062011,2026-06-20T11:00,2026-06-20,2026,6,June,20,11,Saturday,6,Oui
2026062012,2026-06-20T12:00,2026-06-20,2026,6,June,20,12,Saturday,6,Oui
2026062013,2026-06-20T13:00,2026-06-20,2026,6,June,20,13,Saturday,6,Oui
2026062014,2026-06-20T14:00,2026-06-20,2026,6,June,20,14,Saturday,6,Oui
2026062015,2026-06-20T15:00,2026-06-20,2026,6,June,20,15,Saturday,6,Oui
2026062016,2026-06-20T16:00,2026-06-20,2026,6,June,20,16,Saturday,6,Oui
2026062017,2026-06-20T17:00,2026-06-20,2026,6,June,20,17,Saturday,6,Oui
2026062018,2026-06-20T18:00,2026-06-20,2026,6,June,20,18,Saturday,6,Oui
2026062019,2026-06-20T19:00,2026-06-20,2026,6,June,20,19,Saturday,6,Oui
2026062020,2026-06-20T20:00,2026-06-20,2026,6,June,20,20,Saturday,6,Oui
2026062021,2026-06-20T21:00,2026-06-20,2026,6,June,20,21,Saturday,6,Oui
2026062022,2026-06-20T22:00,2026-06-20,2026,6,June,20,22,Saturday,6,Oui
2026062023,2026-06-20T23:00,2026-06-20,2026,6,June,20,23,Saturday,6,Oui
2026062100,2026-06-21T00:00,2026-06-21,2026,6,June,21,0,Sunday,7,Oui
2026062101,2026-06-21T01:00,2026-06-21,2026,6,June,21,1,Sunday,7,Oui
2026062102,2026-06-21T02:00,2026-06-21,2026,6,June,21,2,Sunday,7,Oui
2026062103,2026-06-21T03:00,2026-06-21,2026,6,June,21,3,Sunday,7,Oui
2026062104,2026-06-21T04:00,2026-06-21,2026,6,June,21,4,Sunday,7,Oui
2026062105,2026-06-21T05:00,2026-06-21,2026,6,June,21,5,Sunday,7,Oui
2026062106,2026-06-21T06:00,2026-06-21,2026,6,June,21,6,Sunday,7,Oui
2026062107,2026-06-21T07:00,2026-06-21,2026,6,June,21,7,Sunday,7,Oui
2026062108,2026-06-21T08:00,2026-06-21,2026,6,June,21,8,Sunday,7,Oui
2026062109,2026-06-21T09:00,2026-06-21,2026,6,June,21,9,Sunday,7,Oui
2026062110,2026-06-21T10:00,2026-06-21,2026,6,June,21,10,Sunday,7,Oui
2026062111,2026-06-21T11:00,2026-06-21,2026,6,June,21,11,Sunday,7,Oui
2026062112,2026-06-21T12:00,2026-06-21,2026,6,June,21,12,Sunday,7,Oui
2026062113,2026-06-21T13:00,2026-06-21,2026,6,June,21,13,Sunday,7,Oui
2026062114,2026-06-21T14:00,2026-06-21,2026,6,June,21,14,Sunday,7,Oui
2026062115,2026-06-21T15:00,2026-06-21,2026,6,June,21,15,Sunday,7,Oui
2026062116,2026-06-21T16:00,2026-06-21,2026,6,June,21,16,Sunday,7,Oui
2026062117,2026-06-21T17:00,2026-06-21,2026,6,June,21,17,Sunday,7,Oui
2026062118,2026-06-21T18:00,2026-06-21,2026,6,June,21,18,Sunday,7,Oui
2026062119,2026-06-21T19:00,2026-06-21,2026,6,June,21,19,Sunday,7,Oui
2026062120,2026-06-21T20:00,2026-06-21,2026,6,June,21,20,Sunday,7,Oui
2026062121,2026-06-21T21:00,2026-06-21,2026,6,June,21,21,Sunday,7,Oui
2026062122,2026-06-21T22:00,2026-06-21,2026,6,June,21,22,Sunday,7,Oui
2026062123,2026-06-21T23:00,2026-06-21,2026,6,June,21,23,Sunday,7,Oui
2026062200,2026-06-22T00:00,2026-06-22,2026,6,June,22,0,Monday,1,Non
2026062201,2026-06-22T01:00,2026-06-22,2026,6,June,22,1,Monday,1,Non
2026062202,2026-06-22T02:00,2026-06-22,2026,6,June,22,2,Monday,1,Non
2026062203,2026-06-22T03:00,2026-06-22,2026,6,June,22,3,Monday,1,Non
2026062204,2026-06-22T04:00,2026-06-22,2026,6,June,22,4,Monday,1,Non
2026062205,2026-06-22T05:00,2026-06-22,2026,6,June,22,5,Monday,1,Non
2026062206,2026-06-22T06:00,2026-06-22,2026,6,June,22,6,Monday,1,Non
2026062207,2026-06-22T07:00,2026-06-22,2026,6,June,22,7,Monday,1,Non
2026062208,2026-06-22T08:00,2026-06-22,2026,6,June,22,8,Monday,1,Non
2026062209,2026-06-22T09:00,2026-06-22,2026,6,June,22,9,Monday,1,Non
2026062210,2026-06-22T10:00,2026-06-22,2026,6,June,22,10,Monday,1,Non
2026062211,2026-06-22T11:00,2026-06-22,2026,6,June,22,11,Monday,1,Non
2026062212,2026-06-22T12:00,2026-06-22,2026,6,June,22,12,Monday,1,Non
2026062213,2026-06-22T13:00,2026-06-22,2026,6,June,22,13,Monday,1,Non
2026062214,2026-06-22T14:00,2026-06-22,2026,6,June,22,14,Monday,1,Non
2026062215,2026-06-22T15:00,2026-06-22,2026,6,June,22,15,Monday,1,Non
2026062216,2026-06-22T16:00,2026-06-22,2026,6,June,22,16,Monday,1,Non
2026062217,2026-06-22T17:00,2026-06-22,2026,6,June,22,17,Monday,1,Non
2026062218,2026-06-22T18:00,2026-06-22,2026,6,June,22,18,Monday,1,Non
2026062219,2026-06-22T19:00,2026-06-22,2026,6,June,22,19,Monday,1,Non
2026062220,2026-06-22T20:00,2026-06-22,2026,6,June,22,20,Monday,1,Non
2026062221,2026-06-22T21:00,2026-06-22,2026,6,June,22,21,Monday,1,Non
2026062222,2026-06-22T22:00,2026-06-22,2026,6,June,22,22,Monday,1,Non
2026062223,2026-06-22T23:00,2026-06-22,2026,6,June,22,23,Monday,1,Non
2026062300,2026-06-23T00:00,2026-06-23,2026,6,June,23,0,Tuesday,2,Non
2026062301,2026-06-23T01:00,2026-06-23,2026,6,June,23,1,Tuesday,2,Non
2026062302,2026-06-23T02:00,2026-06-23,2026,6,June,23,2,Tuesday,2,Non
2026062303,2026-06-23T03:00,2026-06-23,2026,6,June,23,3,Tuesday,2,Non
2026062304,2026-06-23T04:00,2026-06-23,2026,6,June,23,4,Tuesday,2,Non
2026062305,2026-06-23T05:00,2026-06-23,2026,6,June,23,5,Tuesday,2,Non
2026062306,2026-06-23T06:00,2026-06-23,2026,6,June,23,6,Tuesday,2,Non
2026062307,2026-06-23T07:00,2026-06-23,2026,6,June,23,7,Tuesday,2,Non
2026062308,2026-06-23T08:00,2026-06-23,2026,6,June,23,8,Tuesday,2,Non
2026062309,2026-06-23T09:00,2026-06-23,2026,6,June,23,9,Tuesday,2,Non
2026062310,2026-06-23T10:00,2026-06-23,2026,6,June,23,10,Tuesday,2,Non
2026062311,2026-06-23T11:00,2026-06-23,2026,6,June,23,11,Tuesday,2,Non
2026062312,2026-06-23T12:00,2026-06-23,2026,6,June,23,12,Tuesday,2,Non
2026062313,2026-06-23T13:00,2026-06-23,2026,6,June,23,13,Tuesday,2,Non
2026062314,2026-06-23T14:00,2026-06-23,2026,6,June,23,14,Tuesday,2,Non
2026062315,2026-06-23T15:00,2026-06-23,2026,6,June,23,15,Tuesday,2,Non
2026062316,2026-06-23T16:00,2026-06-23,2026,6,June,23,16,Tuesday,2,Non
2026062317,2026-06-23T17:00,2026-06-23,2026,6,June,23,17,Tuesday,2,Non
2026062318,2026-06-23T18:00,2026-06-23,2026,6,June,23,18,Tuesday,2,Non
2026062319,2026-06-23T19:00,2026-06-23,2026,6,June,23,19,Tuesday,2,Non
2026062320,2026-06-23T20:00,2026-06-23,2026,6,June,23,20,Tuesday,2,Non
2026062321,2026-06-23T21:00,2026-06-23,2026,6,June,23,21,Tuesday,2,Non
2026062322,2026-06-23T22:00,2026-06-23,2026,6,June,23,22,Tuesday,2,Non
2026062323,2026-06-23T23:00,2026-06-23,2026,6,June,23,23,Tuesday,2,Non
2026062400,2026-06-24T00:00,2026-06-24,2026,6,June,24,0,Wednesday,3,Non
2026062401,2026-06-24T01:00,2026-06-24,2026,6,June,24,1,Wednesday,3,Non
2026062402,2026-06-24T02:00,2026-06-24,2026,6,June,24,2,Wednesday,3,Non
2026062403,2026-06-24T03:00,2026-06-24,2026,6,June,24,3,Wednesday,3,Non
2026062404,2026-06-24T04:00,2026-06-24,2026,6,June,24,4,Wednesday,3,Non
2026062405,2026-06-24T05:00,2026-06-24,2026,6,June,24,5,Wednesday,3,Non
2026062406,2026-06-24T06:00,2026-06-24,2026,6,June,24,6,Wednesday,3,Non
2026062407,2026-06-24T07:00,2026-06-24,2026,6,June,24,7,Wednesday,3,Non
2026062408,2026-06-24T08:00,2026-06-24,2026,6,June,24,8,Wednesday,3,Non
2026062409,2026-06-24T09:00,2026-06-24,2026,6,June,24,9,Wednesday,3,Non
2026062410,2026-06-24T10:00,2026-06-24,2026,6,June,24,10,Wednesday,3,Non
2026062411,2026-06-24T11:00,2026-06-24,2026,6,June,24,11,Wednesday,3,Non
2026062412,2026-06-24T12:00,2026-06-24,2026,6,June,24,12,Wednesday,3,Non
2026062413,2026-06-24T13:00,2026-06-24,2026,6,June,24,13,Wednesday,3,Non
2026062414,2026-06-24T14:00,2026-06-24,2026,6,June,24,14,Wednesday,3,Non
2026062415,2026-06-24T15:00,2026-06-24,2026,6,June,24,15,Wednesday,3,Non
2026062416,2026-06-24T16:00,2026-06-24,2026,6,June,24,16,Wednesday,3,Non
2026062417,2026-06-24T17:00,2026-06-24,2026,6,June,24,17,Wednesday,3,Non
2026062418,2026-06-24T18:00,2026-06-24,2026,6,June,24,18,Wednesday,3,Non
2026062419,2026-06-24T19:00,2026-06-24,2026,6,June,24,19,Wednesday,3,Non
2026062420,2026-06-24T20:00,2026-06-24,2026,6,June,24,20,Wednesday,3,Non
2026062421,2026-06-24T21:00,2026-06-24,2026,6,June,24,21,Wednesday,3,Non
2026062422,2026-06-24T22:00,2026-06-24,2026,6,June,24,22,Wednesday,3,Non
2026062423,2026-06-24T23:00,2026-06-24,2026,6,June,24,23,Wednesday,3,Non
2026062500,2026-06-25T00:00,2026-06-25,2026,6,June,25,0,Thursday,4,Non
2026062501,2026-06-25T01:00,2026-06-25,2026,6,June,25,1,Thursday,4,Non
2026062502,2026-06-25T02:00,2026-06-25,2026,6,June,25,2,Thursday,4,Non
2026062503,2026-06-25T03:00,2026-06-25,2026,6,June,25,3,Thursday,4,Non
2026062504,2026-06-25T04:00,2026-06-25,2026,6,June,25,4,Thursday,4,Non
2026062505,2026-06-25T05:00,2026-06-25,2026,6,June,25,5,Thursday,4,Non
2026062506,2026-06-25T06:00,2026-06-25,2026,6,June,25,6,Thursday,4,Non
2026062507,2026-06-25T07:00,2026-06-25,2026,6,June,25,7,Thursday,4,Non
2026062508,2026-06-25T08:00,2026-06-25,2026,6,June,25,8,Thursday,4,Non
2026062509,2026-06-25T09:00,2026-06-25,2026,6,June,25,9,Thursday,4,Non
2026062510,2026-06-25T10:00,2026-06-25,2026,6,June,25,10,Thursday,4,Non
2026062511,2026-06-25T11:00,2026-06-25,2026,6,June,25,11,Thursday,4,Non
2026062512,2026-06-25T12:00,2026-06-25,2026,6,June,25,12,Thursday,4,Non
2026062513,2026-06-25T13:00,2026-06-25,2026,6,June,25,13,Thursday,4,Non
2026062514,2026-06-25T14:00,2026-06-25,2026,6,June,25,14,Thursday,4,Non
2026062515,2026-06-25T15:00,2026-06-25,2026,6,June,25,15,Thursday,4,Non
2026062516,2026-06-25T16:00,2026-06-25,2026,6,June,25,16,Thursday,4,Non
2026062517,2026-06-25T17:00,2026-06-25,2026,6,June,25,17,Thursday,4,Non
2026062518,2026-06-25T18:00,2026-06-25,2026,6,June,25,18,Thursday,4,Non
2026062519,2026-06-25T19:00,2026-06-25,2026,6,June,25,19,Thursday,4,Non
2026062520,2026-06-25T20:00,2026-06-25,2026,6,June,25,20,Thursday,4,Non
2026062521,2026-06-25T21:00,2026-06-25,2026,6,June,25,21,Thursday,4,Non
2026062522,2026-06-25T22:00,2026-06-25,2026,6,June,25,22,Thursday,4,Non
2026062523,2026-06-25T23:00,2026-06-25,2026,6,June,25,23,Thursday,4,Non
2026062600,2026-06-26T00:00,2026-06-26,2026,6,June,26,0,Friday,5,Non
2026062601,2026-06-26T01:00,2026-06-26,2026,6,June,26,1,Friday,5,Non
2026062602,2026-06-26T02:00,2026-06-26,2026,6,June,26,2,Friday,5,Non
2026062603,2026-06-26T03:00,2026-06-26,2026,6,June,26,3,Friday,5,Non
2026062604,2026-06-26T04:00,2026-06-26,2026,6,June,26,4,Friday,5,Non
2026062605,2026-06-26T05:00,2026-06-26,2026,6,June,26,5,Friday,5,Non
2026062606,2026-06-26T06:00,2026-06-26,2026,6,June,26,6,Friday,5,Non
2026062607,2026-06-26T07:00,2026-06-26,2026,6,June,26,7,Friday,5,Non
2026062608,2026-06-26T08:00,2026-06-26,2026,6,June,26,8,Friday,5,Non
2026062609,2026-06-26T09:00,2026-06-26,2026,6,June,26,9,Friday,5,Non
2026062610,2026-06-26T10:00,2026-06-26,2026,6,June,26,10,Friday,5,Non
2026062611,2026-06-26T11:00,2026-06-26,2026,6,June,26,11,Friday,5,Non
2026062612,2026-06-26T12:00,2026-06-26,2026,6,June,26,12,Friday,5,Non
2026062613,2026-06-26T13:00,2026-06-26,2026,6,June,26,13,Friday,5,Non
2026062614,2026-06-26T14:00,2026-06-26,2026,6,June,26,14,Friday,5,Non
2026062615,2026-06-26T15:00,2026-06-26,2026,6,June,26,15,Friday,5,Non
2026062616,2026-06-26T16:00,2026-06-26,2026,6,June,26,16,Friday,5,Non
2026062617,2026-06-26T17:00,2026-06-26,2026,6,June,26,17,Friday,5,Non
2026062618,2026-06-26T18:00,2026-06-26,2026,6,June,26,18,Friday,5,Non
2026062619,2026-06-26T19:00,2026-06-26,2026,6,June,26,19,Friday,5,Non
2026062620,2026-06-26T20:00,2026-06-26,2026,6,June,26,20,Friday,5,Non
2026062621,2026-06-26T21:00,2026-06-26,2026,6,June,26,21,Friday,5,Non
2026062622,2026-06-26T22:00,2026-06-26,2026,6,June,26,22,Friday,5,Non
2026062623,2026-06-26T23:00,2026-06-26,2026,6,June,26,23,Friday,5,Non
2026062700,2026-06-27T00:00,2026-06-27,2026,6,June,27,0,Saturday,6,Oui
2026062701,2026-06-27T01:00,2026-06-27,2026,6,June,27,1,Saturday,6,Oui
2026062702,2026-06-27T02:00,2026-06-27,2026,6,June,27,2,Saturday,6,Oui
2026062703,2026-06-27T03:00,2026-06-27,2026,6,June,27,3,Saturday,6,Oui
2026062704,2026-06-27T04:00,2026-06-27,2026,6,June,27,4,Saturday,6,Oui
2026062705,2026-06-27T05:00,2026-06-27,2026,6,June,27,5,Saturday,6,Oui
2026062706,2026-06-27T06:00,2026-06-27,2026,6,June,27,6,Saturday,6,Oui
2026062707,2026-06-27T07:00,2026-06-27,2026,6,June,27,7,Saturday,6,Oui
2026062708,2026-06-27T08:00,2026-06-27,2026,6,June,27,8,Saturday,6,Oui
2026062709,2026-06-27T09:00,2026-06-27,2026,6,June,27,9,Saturday,6,Oui
2026062710,2026-06-27T10:00,2026-06-27,2026,6,June,27,10,Saturday,6,Oui
2026062711,2026-06-27T11:00,2026-06-27,2026,6,June,27,11,Saturday,6,Oui
2026062712,2026-06-27T12:00,2026-06-27,2026,6,June,27,12,Saturday,6,Oui
2026062713,2026-06-27T13:00,2026-06-27,2026,6,June,27,13,Saturday,6,Oui
2026062714,2026-06-27T14:00,2026-06-27,2026,6,June,27,14,Saturday,6,Oui
2026062715,2026-06-27T15:00,2026-06-27,2026,6,June,27,15,Saturday,6,Oui
2026062716,2026-06-27T16:00,2026-06-27,2026,6,June,27,16,Saturday,6,Oui
2026062717,2026-06-27T17:00,2026-06-27,2026,6,June,27,17,Saturday,6,Oui
2026062718,2026-06-27T18:00,2026-06-27,2026,6,June,27,18,Saturday,6,Oui
2026062719,2026-06-27T19:00,2026-06-27,2026,6,June,27,19,Saturday,6,Oui
2026062720,2026-06-27T20:00,2026-06-27,2026,6,June,27,20,Saturday,6,Oui
2026062721,2026-06-27T21:00,2026-06-27,2026,6,June,27,21,Saturday,6,Oui
2026062722,2026-06-27T22:00,2026-06-27,2026,6,June,27,22,Saturday,6,Oui
2026062723,2026-06-27T23:00,2026-06-27,2026,6,June,27,23,Saturday,6,Oui
2026062800,2026-06-28T00:00,2026-06-28,2026,6,June,28,0,Sunday,7,Oui
2026062801,2026-06-28T01:00,2026-06-28,2026,6,June,28,1,Sunday,7,Oui
2026062802,2026-06-28T02:00,2026-06-28,2026,6,June,28,2,Sunday,7,Oui
2026062803,2026-06-28T03:00,2026-06-28,2026,6,June,28,3,Sunday,7,Oui
2026062804,2026-06-28T04:00,2026-06-28,2026,6,June,28,4,Sunday,7,Oui
2026062805,2026-06-28T05:00,2026-06-28,2026,6,June,28,5,Sunday,7,Oui
2026062806,2026-06-28T06:00,2026-06-28,2026,6,June,28,6,Sunday,7,Oui
2026062807,2026-06-28T07:00,2026-06-28,2026,6,June,28,7,Sunday,7,Oui
2026062808,2026-06-28T08:00,2026-06-28,2026,6,June,28,8,Sunday,7,Oui
2026062809,2026-06-28T09:00,2026-06-28,2026,6,June,28,9,Sunday,7,Oui
2026062810,2026-06-28T10:00,2026-06-28,2026,6,June,28,10,Sunday,7,Oui
2026062811,2026-06-28T11:00,2026-06-28,2026,6,June,28,11,Sunday,7,Oui
2026062812,2026-06-28T12:00,2026-06-28,2026,6,June,28,12,Sunday,7,Oui
2026062813,2026-06-28T13:00,2026-06-28,2026,6,June,28,13,Sunday,7,Oui
2026062814,2026-06-28T14:00,2026-06-28,2026,6,June,28,14,Sunday,7,Oui
2026062815,2026-06-28T15:00,2026-06-28,2026,6,June,28,15,Sunday,7,Oui
2026062816,2026-06-28T16:00,2026-06-28,2026,6,June,28,16,Sunday,7,Oui
2026062817,2026-06-28T17:00,2026-06-28,2026,6,June,28,17,Sunday,7,Oui
2026062818,2026-06-28T18:00,2026-06-28,2026,6,June,28,18,Sunday,7,Oui
2026062819,2026-06-28T19:00,2026-06-28,2026,6,June,28,19,Sunday,7,Oui
2026062820,2026-06-28T20:00,2026-06-28,2026,6,June,28,20,Sunday,7,Oui
2026062821,2026-06-28T21:00,2026-06-28,2026,6,June,28,21,Sunday,7,Oui
2026062822,2026-06-28T22:00,2026-06-28,2026,6,June,28,22,Sunday,7,Oui
2026062823,2026-06-28T23:00,2026-06-28,2026,6,June,28,23,Sunday,7,Oui
2026062900,2026-06-29T00:00,2026-06-29,2026,6,June,29,0,Monday,1,Non
2026062901,2026-06-29T01:00,2026-06-29,2026,6,June,29,1,Monday,1,Non
2026062902,2026-06-29T02:00,2026-06-29,2026,6,June,29,2,Monday,1,Non
2026062903,2026-06-29T03:00,2026-06-29,2026,6,June,29,3,Monday,1,Non
2026062904,2026-06-29T04:00,2026-06-29,2026,6,June,29,4,Monday,1,Non
2026062905,2026-06-29T05:00,2026-06-29,2026,6,June,29,5,Monday,1,Non
2026062906,2026-06-29T06:00,2026-06-29,2026,6,June,29,6,Monday,1,Non
2026062907,2026-06-29T07:00,2026-06-29,2026,6,June,29,7,Monday,1,Non
2026062908,2026-06-29T08:00,2026-06-29,2026,6,June,29,8,Monday,1,Non
2026062909,2026-06-29T09:00,2026-06-29,2026,6,June,29,9,Monday,1,Non
2026062910,2026-06-29T10:00,2026-06-29,2026,6,June,29,10,Monday,1,Non
2026062911,2026-06-29T11:00,2026-06-29,2026,6,June,29,11,Monday,1,Non
2026062912,2026-06-29T12:00,2026-06-29,2026,6,June,29,12,Monday,1,Non
2026062913,2026-06-29T13:00,2026-06-29,2026,6,June,29,13,Monday,1,Non
2026062914,2026-06-29T14:00,2026-06-29,2026,6,June,29,14,Monday,1,Non
2026062915,2026-06-29T15:00,2026-06-29,2026,6,June,29,15,Monday,1,Non
2026062916,2026-06-29T16:00,2026-06-29,2026,6,June,29,16,Monday,1,Non
2026062917,2026-06-29T17:00,2026-06-29,2026,6,June,29,17,Monday,1,Non
2026062918,2026-06-29T18:00,2026-06-29,2026,6,June,29,18,Monday,1,Non
2026062919,2026-06-29T19:00,2026-06-29,2026,6,June,29,19,Monday,1,Non
2026062920,2026-06-29T20:00,2026-06-29,2026,6,June,29,20,Monday,1,Non
2026062921,2026-06-29T21:00,2026-06-29,2026,6,June,29,21,Monday,1,Non
2026062922,2026-06-29T22:00,2026-06-29,2026,6,June,29,22,Monday,1,Non
2026062923,2026-06-29T23:00,2026-06-29,2026,6,June,29,23,Monday,1,Non
2026063000,2026-06-30T00:00,2026-06-30,2026,6,June,30,0,Tuesday,2,Non
2026063001,2026-06-30T01:00,2026-06-30,2026,6,June,30,1,Tuesday,2,Non
2026063002,2026-06-30T02:00,2026-06-30,2026,6,June,30,2,Tuesday,2,Non
2026063003,2026-06-30T03:00,2026-06-30,2026,6,June,30,3,Tuesday,2,Non
2026063004,2026-06-30T04:00,2026-06-30,2026,6,June,30,4,Tuesday,2,Non
2026063005,2026-06-30T05:00,2026-06-30,2026,6,June,30,5,Tuesday,2,Non
2026063006,2026-06-30T06:00,2026-06-30,2026,6,June,30,6,Tuesday,2,Non
2026063007,2026-06-30T07:00,2026-06-30,2026,6,June,30,7,Tuesday,2,Non
2026063008,2026-06-30T08:00,2026-06-30,2026,6,June,30,8,Tuesday,2,Non
2026063009,2026-06-30T09:00,2026-06-30,2026,6,June,30,9,Tuesday,2,Non
2026063010,2026-06-30T10:00,2026-06-30,2026,6,June,30,10,Tuesday,2,Non
2026063011,2026-06-30T11:00,2026-06-30,2026,6,June,30,11,Tuesday,2,Non
2026063012,2026-06-30T12:00,2026-06-30,2026,6,June,30,12,Tuesday,2,Non
2026063013,2026-06-30T13:00,2026-06-30,2026,6,June,30,13,Tuesday,2,Non
2026063014,2026-06-30T14:00,2026-06-30,2026,6,June,30,14,Tuesday,2,Non
2026063015,2026-06-30T15:00,2026-06-30,2026,6,June,30,15,Tuesday,2,Non
2026063016,2026-06-30T16:00,2026-06-30,2026,6,June,30,16,Tuesday,2,Non
2026063017,2026-06-30T17:00,2026-06-30,2026,6,June,30,17,Tuesday,2,Non
2026063018,2026-06-30T18:00,2026-06-30,2026,6,June,30,18,Tuesday,2,Non
2026063019,2026-06-30T19:00,2026-06-30,2026,6,June,30,19,Tuesday,2,Non
2026063020,2026-06-30T20:00,2026-06-30,2026,6,June,30,20,Tuesday,2,Non
2026063021,2026-06-30T21:00,2026-06-30,2026,6,June,30,21,Tuesday,2,Non
2026063022,2026-06-30T22:00,2026-06-30,2026,6,June,30,22,Tuesday,2,Non
2026063023,2026-06-30T23:00,2026-06-30,2026,6,June,30,23,Tuesday,2,Non
2026070100,2026-07-01T00:00,2026-07-01,2026,7,July,1,0,Wednesday,3,Non
2026070101,2026-07-01T01:00,2026-07-01,2026,7,July,1,1,Wednesday,3,Non
2026070102,2026-07-01T02:00,2026-07-01,2026,7,July,1,2,Wednesday,3,Non
2026070103,2026-07-01T03:00,2026-07-01,2026,7,July,1,3,Wednesday,3,Non
2026070104,2026-07-01T04:00,2026-07-01,2026,7,July,1,4,Wednesday,3,Non
2026070105,2026-07-01T05:00,2026-07-01,2026,7,July,1,5,Wednesday,3,Non
2026070106,2026-07-01T06:00,2026-07-01,2026,7,July,1,6,Wednesday,3,Non
2026070107,2026-07-01T07:00,2026-07-01,2026,7,July,1,7,Wednesday,3,Non
2026070108,2026-07-01T08:00,2026-07-01,2026,7,July,1,8,Wednesday,3,Non
2026070109,2026-07-01T09:00,2026-07-01,2026,7,July,1,9,Wednesday,3,Non
2026070110,2026-07-01T10:00,2026-07-01,2026,7,July,1,10,Wednesday,3,Non
2026070111,2026-07-01T11:00,2026-07-01,2026,7,July,1,11,Wednesday,3,Non
2026070112,2026-07-01T12:00,2026-07-01,2026,7,July,1,12,Wednesday,3,Non
2026070113,2026-07-01T13:00,2026-07-01,2026,7,July,1,13,Wednesday,3,Non
2026070114,2026-07-01T14:00,2026-07-01,2026,7,July,1,14,Wednesday,3,Non
2026070115,2026-07-01T15:00,2026-07-01,2026,7,July,1,15,Wednesday,3,Non
2026070116,2026-07-01T16:00,2026-07-01,2026,7,July,1,16,Wednesday,3,Non
2026070117,2026-07-01T17:00,2026-07-01,2026,7,July,1,17,Wednesday,3,Non
2026070118,2026-07-01T18:00,2026-07-01,2026,7,July,1,18,Wednesday,3,Non
2026070119,2026-07-01T19:00,2026-07-01,2026,7,July,1,19,Wednesday,3,Non
2026070120,2026-07-01T20:00,2026-07-01,2026,7,July,1,20,Wednesday,3,Non
2026070121,2026-07-01T21:00,2026-07-01,2026,7,July,1,21,Wednesday,3,Non
2026070122,2026-07-01T22:00,2026-07-01,2026,7,July,1,22,Wednesday,3,Non
2026070123,2026-07-01T23:00,2026-07-01,2026,7,July,1,23,Wednesday,3,Non
2026070200,2026-07-02T00:00,2026-07-02,2026,7,July,2,0,Thursday,4,Non
2026070201,2026-07-02T01:00,2026-07-02,2026,7,July,2,1,Thursday,4,Non
2026070202,2026-07-02T02:00,2026-07-02,2026,7,July,2,2,Thursday,4,Non
2026070203,2026-07-02T03:00,2026-07-02,2026,7,July,2,3,Thursday,4,Non
2026070204,2026-07-02T04:00,2026-07-02,2026,7,July,2,4,Thursday,4,Non
2026070205,2026-07-02T05:00,2026-07-02,2026,7,July,2,5,Thursday,4,Non
2026070206,2026-07-02T06:00,2026-07-02,2026,7,July,2,6,Thursday,4,Non
2026070207,2026-07-02T07:00,2026-07-02,2026,7,July,2,7,Thursday,4,Non
2026070208,2026-07-02T08:00,2026-07-02,2026,7,July,2,8,Thursday,4,Non
2026070209,2026-07-02T09:00,2026-07-02,2026,7,July,2,9,Thursday,4,Non
2026070210,2026-07-02T10:00,2026-07-02,2026,7,July,2,10,Thursday,4,Non
2026070211,2026-07-02T11:00,2026-07-02,2026,7,July,2,11,Thursday,4,Non
2026070212,2026-07-02T12:00,2026-07-02,2026,7,July,2,12,Thursday,4,Non
2026070213,2026-07-02T13:00,2026-07-02,2026,7,July,2,13,Thursday,4,Non
2026070214,2026-07-02T14:00,2026-07-02,2026,7,July,2,14,Thursday,4,Non
2026070215,2026-07-02T15:00,2026-07-02,2026,7,July,2,15,Thursday,4,Non
2026070216,2026-07-02T16:00,2026-07-02,2026,7,July,2,16,Thursday,4,Non
2026070217,2026-07-02T17:00,2026-07-02,2026,7,July,2,17,Thursday,4,Non
2026070218,2026-07-02T18:00,2026-07-02,2026,7,July,2,18,Thursday,4,Non
2026070219,2026-07-02T19:00,2026-07-02,2026,7,July,2,19,Thursday,4,Non
2026070220,2026-07-02T20:00,2026-07-02,2026,7,July,2,20,Thursday,4,Non
2026070221,2026-07-02T21:00,2026-07-02,2026,7,July,2,21,Thursday,4,Non
2026070222,2026-07-02T22:00,2026-07-02,2026,7,July,2,22,Thursday,4,Non
2026070223,2026-07-02T23:00,2026-07-02,2026,7,July,2,23,Thursday,4,Non
2026070300,2026-07-03T00:00,2026-07-03,2026,7,July,3,0,Friday,5,Non
2026070301,2026-07-03T01:00,2026-07-03,2026,7,July,3,1,Friday,5,Non
2026070302,2026-07-03T02:00,2026-07-03,2026,7,July,3,2,Friday,5,Non
2026070303,2026-07-03T03:00,2026-07-03,2026,7,July,3,3,Friday,5,Non
2026070304,2026-07-03T04:00,2026-07-03,2026,7,July,3,4,Friday,5,Non
2026070305,2026-07-03T05:00,2026-07-03,2026,7,July,3,5,Friday,5,Non
2026070306,2026-07-03T06:00,2026-07-03,2026,7,July,3,6,Friday,5,Non
2026070307,2026-07-03T07:00,2026-07-03,2026,7,July,3,7,Friday,5,Non
2026070308,2026-07-03T08:00,2026-07-03,2026,7,July,3,8,Friday,5,Non
2026070309,2026-07-03T09:00,2026-07-03,2026,7,July,3,9,Friday,5,Non
2026070310,2026-07-03T10:00,2026-07-03,2026,7,July,3,10,Friday,5,Non
2026070311,2026-07-03T11:00,2026-07-03,2026,7,July,3,11,Friday,5,Non
2026070312,2026-07-03T12:00,2026-07-03,2026,7,July,3,12,Friday,5,Non
2026070313,2026-07-03T13:00,2026-07-03,2026,7,July,3,13,Friday,5,Non
2026070314,2026-07-03T14:00,2026-07-03,2026,7,July,3,14,Friday,5,Non
2026070315,2026-07-03T15:00,2026-07-03,2026,7,July,3,15,Friday,5,Non
2026070316,2026-07-03T16:00,2026-07-03,2026,7,July,3,16,Friday,5,Non
2026070317,2026-07-03T17:00,2026-07-03,2026,7,July,3,17,Friday,5,Non
2026070318,2026-07-03T18:00,2026-07-03,2026,7,July,3,18,Friday,5,Non
2026070319,2026-07-03T19:00,2026-07-03,2026,7,July,3,19,Friday,5,Non
2026070320,2026-07-03T20:00,2026-07-03,2026,7,July,3,20,Friday,5,Non
2026070321,2026-07-03T21:00,2026-07-03,2026,7,July,3,21,Friday,5,Non
2026070322,2026-07-03T22:00,2026-07-03,2026,7,July,3,22,Friday,5,Non
2026070323,2026-07-03T23:00,2026-07-03,2026,7,July,3,23,Friday,5,Non
2026070400,2026-07-04T00:00,2026-07-04,2026,7,July,4,0,Saturday,6,Oui
2026070401,2026-07-04T01:00,2026-07-04,2026,7,July,4,1,Saturday,6,Oui
2026070402,2026-07-04T02:00,2026-07-04,2026,7,July,4,2,Saturday,6,Oui
2026070403,2026-07-04T03:00,2026-07-04,2026,7,July,4,3,Saturday,6,Oui
2026070404,2026-07-04T04:00,2026-07-04,2026,7,July,4,4,Saturday,6,Oui
2026070405,2026-07-04T05:00,2026-07-04,2026,7,July,4,5,Saturday,6,Oui
2026070406,2026-07-04T06:00,2026-07-04,2026,7,July,4,6,Saturday,6,Oui
2026070407,2026-07-04T07:00,2026-07-04,2026,7,July,4,7,Saturday,6,Oui
2026070408,2026-07-04T08:00,2026-07-04,2026,7,July,4,8,Saturday,6,Oui
2026070409,2026-07-04T09:00,2026-07-04,2026,7,July,4,9,Saturday,6,Oui
2026070410,2026-07-04T10:00,2026-07-04,2026,7,July,4,10,Saturday,6,Oui
2026070411,2026-07-04T11:00,2026-07-04,2026,7,July,4,11,Saturday,6,Oui
2026070412,2026-07-04T12:00,2026-07-04,2026,7,July,4,12,Saturday,6,Oui
2026070413,2026-07-04T13:00,2026-07-04,2026,7,July,4,13,Saturday,6,Oui
2026070414,2026-07-04T14:00,2026-07-04,2026,7,July,4,14,Saturday,6,Oui
2026070415,2026-07-04T15:00,2026-07-04,2026,7,July,4,15,Saturday,6,Oui
2026070416,2026-07-04T16:00,2026-07-04,2026,7,July,4,16,Saturday,6,Oui
2026070417,2026-07-04T17:00,2026-07-04,2026,7,July,4,17,Saturday,6,Oui
2026070418,2026-07-04T18:00,2026-07-04,2026,7,July,4,18,Saturday,6,Oui
2026070419,2026-07-04T19:00,2026-07-04,2026,7,July,4,19,Saturday,6,Oui
2026070420,2026-07-04T20:00,2026-07-04,2026,7,July,4,20,Saturday,6,Oui
2026070421,2026-07-04T21:00,2026-07-04,2026,7,July,4,21,Saturday,6,Oui
2026070422,2026-07-04T22:00,2026-07-04,2026,7,July,4,22,Saturday,6,Oui
2026070423,2026-07-04T23:00,2026-07-04,2026,7,July,4,23,Saturday,6,Oui
2026070500,2026-07-05T00:00,2026-07-05,2026,7,July,5,0,Sunday,7,Oui
2026070501,2026-07-05T01:00,2026-07-05,2026,7,July,5,1,Sunday,7,Oui
2026070502,2026-07-05T02:00,2026-07-05,2026,7,July,5,2,Sunday,7,Oui
2026070503,2026-07-05T03:00,2026-07-05,2026,7,July,5,3,Sunday,7,Oui
2026070504,2026-07-05T04:00,2026-07-05,2026,7,July,5,4,Sunday,7,Oui
2026070505,2026-07-05T05:00,2026-07-05,2026,7,July,5,5,Sunday,7,Oui
2026070506,2026-07-05T06:00,2026-07-05,2026,7,July,5,6,Sunday,7,Oui
2026070507,2026-07-05T07:00,2026-07-05,2026,7,July,5,7,Sunday,7,Oui
2026070508,2026-07-05T08:00,2026-07-05,2026,7,July,5,8,Sunday,7,Oui
2026070509,2026-07-05T09:00,2026-07-05,2026,7,July,5,9,Sunday,7,Oui
2026070510,2026-07-05T10:00,2026-07-05,2026,7,July,5,10,Sunday,7,Oui
2026070511,2026-07-05T11:00,2026-07-05,2026,7,July,5,11,Sunday,7,Oui
2026070512,2026-07-05T12:00,2026-07-05,2026,7,July,5,12,Sunday,7,Oui
2026070513,2026-07-05T13:00,2026-07-05,2026,7,July,5,13,Sunday,7,Oui
2026070514,2026-07-05T14:00,2026-07-05,2026,7,July,5,14,Sunday,7,Oui
2026070515,2026-07-05T15:00,2026-07-05,2026,7,July,5,15,Sunday,7,Oui
2026070516,2026-07-05T16:00,2026-07-05,2026,7,July,5,16,Sunday,7,Oui
2026070517,2026-07-05T17:00,2026-07-05,2026,7,July,5,17,Sunday,7,Oui
2026070518,2026-07-05T18:00,2026-07-05,2026,7,July,5,18,Sunday,7,Oui
2026070519,2026-07-05T19:00,2026-07-05,2026,7,July,5,19,Sunday,7,Oui
2026070520,2026-07-05T20:00,2026-07-05,2026,7,July,5,20,Sunday,7,Oui
2026070521,2026-07-05T21:00,2026-07-05,2026,7,July,5,21,Sunday,7,Oui
2026070522,2026-07-05T22:00,2026-07-05,2026,7,July,5,22,Sunday,7,Oui
2026070523,2026-07-05T23:00,2026-07-05,2026,7,July,5,23,Sunday,7,Oui
2026070600,2026-07-06T00:00,2026-07-06,2026,7,July,6,0,Monday,1,Non
2026070601,2026-07-06T01:00,2026-07-06,2026,7,July,6,1,Monday,1,Non
2026070602,2026-07-06T02:00,2026-07-06,2026,7,July,6,2,Monday,1,Non
2026070603,2026-07-06T03:00,2026-07-06,2026,7,July,6,3,Monday,1,Non
2026070604,2026-07-06T04:00,2026-07-06,2026,7,July,6,4,Monday,1,Non
2026070605,2026-07-06T05:00,2026-07-06,2026,7,July,6,5,Monday,1,Non
2026070606,2026-07-06T06:00,2026-07-06,2026,7,July,6,6,Monday,1,Non
2026070607,2026-07-06T07:00,2026-07-06,2026,7,July,6,7,Monday,1,Non
2026070608,2026-07-06T08:00,2026-07-06,2026,7,July,6,8,Monday,1,Non
2026070609,2026-07-06T09:00,2026-07-06,2026,7,July,6,9,Monday,1,Non
2026070610,2026-07-06T10:00,2026-07-06,2026,7,July,6,10,Monday,1,Non
2026070611,2026-07-06T11:00,2026-07-06,2026,7,July,6,11,Monday,1,Non
2026070612,2026-07-06T12:00,2026-07-06,2026,7,July,6,12,Monday,1,Non
2026070613,2026-07-06T13:00,2026-07-06,2026,7,July,6,13,Monday,1,Non
2026070614,2026-07-06T14:00,2026-07-06,2026,7,July,6,14,Monday,1,Non
2026070615,2026-07-06T15:00,2026-07-06,2026,7,July,6,15,Monday,1,Non
2026070616,2026-07-06T16:00,2026-07-06,2026,7,July,6,16,Monday,1,Non
2026070617,2026-07-06T17:00,2026-07-06,2026,7,July,6,17,Monday,1,Non
2026070618,2026-07-06T18:00,2026-07-06,2026,7,July,6,18,Monday,1,Non
2026070619,2026-07-06T19:00,2026-07-06,2026,7,July,6,19,Monday,1,Non
2026070620,2026-07-06T20:00,2026-07-06,2026,7,July,6,20,Monday,1,Non
2026070621,2026-07-06T21:00,2026-07-06,2026,7,July,6,21,Monday,1,Non
2026070622,2026-07-06T22:00,2026-07-06,2026,7,July,6,22,Monday,1,Non
2026070623,2026-07-06T23:00,2026-07-06,2026,7,July,6,23,Monday,1,Non
2026070700,2026-07-07T00:00,2026-07-07,2026,7,July,7,0,Tuesday,2,Non
2026070701,2026-07-07T01:00,2026-07-07,2026,7,July,7,1,Tuesday,2,Non
2026070702,2026-07-07T02:00,2026-07-07,2026,7,July,7,2,Tuesday,2,Non
2026070703,2026-07-07T03:00,2026-07-07,2026,7,July,7,3,Tuesday,2,Non
2026070704,2026-07-07T04:00,2026-07-07,2026,7,July,7,4,Tuesday,2,Non
2026070705,2026-07-07T05:00,2026-07-07,2026,7,July,7,5,Tuesday,2,Non
2026070706,2026-07-07T06:00,2026-07-07,2026,7,July,7,6,Tuesday,2,Non
2026070707,2026-07-07T07:00,2026-07-07,2026,7,July,7,7,Tuesday,2,Non
2026070708,2026-07-07T08:00,2026-07-07,2026,7,July,7,8,Tuesday,2,Non
2026070709,2026-07-07T09:00,2026-07-07,2026,7,July,7,9,Tuesday,2,Non
2026070710,2026-07-07T10:00,2026-07-07,2026,7,July,7,10,Tuesday,2,Non
2026070711,2026-07-07T11:00,2026-07-07,2026,7,July,7,11,Tuesday,2,Non
2026070712,2026-07-07T12:00,2026-07-07,2026,7,July,7,12,Tuesday,2,Non
2026070713,2026-07-07T13:00,2026-07-07,2026,7,July,7,13,Tuesday,2,Non
2026070714,2026-07-07T14:00,2026-07-07,2026,7,July,7,14,Tuesday,2,Non
2026070715,2026-07-07T15:00,2026-07-07,2026,7,July,7,15,Tuesday,2,Non
2026070716,2026-07-07T16:00,2026-07-07,2026,7,July,7,16,Tuesday,2,Non
2026070717,2026-07-07T17:00,2026-07-07,2026,7,July,7,17,Tuesday,2,Non
2026070718,2026-07-07T18:00,2026-07-07,2026,7,July,7,18,Tuesday,2,Non
2026070719,2026-07-07T19:00,2026-07-07,2026,7,July,7,19,Tuesday,2,Non
2026070720,2026-07-07T20:00,2026-07-07,2026,7,July,7,20,Tuesday,2,Non
2026070721,2026-07-07T21:00,2026-07-07,2026,7,July,7,21,Tuesday,2,Non
2026070722,2026-07-07T22:00,2026-07-07,2026,7,July,7,22,Tuesday,2,Non
2026070723,2026-07-07T23:00,2026-07-07,2026,7,July,7,23,Tuesday,2,Non
2026070800,2026-07-08T00:00,2026-07-08,2026,7,July,8,0,Wednesday,3,Non
2026070801,2026-07-08T01:00,2026-07-08,2026,7,July,8,1,Wednesday,3,Non
2026070802,2026-07-08T02:00,2026-07-08,2026,7,July,8,2,Wednesday,3,Non
2026070803,2026-07-08T03:00,2026-07-08,2026,7,July,8,3,Wednesday,3,Non
2026070804,2026-07-08T04:00,2026-07-08,2026,7,July,8,4,Wednesday,3,Non
2026070805,2026-07-08T05:00,2026-07-08,2026,7,July,8,5,Wednesday,3,Non
2026070806,2026-07-08T06:00,2026-07-08,2026,7,July,8,6,Wednesday,3,Non
2026070807,2026-07-08T07:00,2026-07-08,2026,7,July,8,7,Wednesday,3,Non
2026070808,2026-07-08T08:00,2026-07-08,2026,7,July,8,8,Wednesday,3,Non
2026070809,2026-07-08T09:00,2026-07-08,2026,7,July,8,9,Wednesday,3,Non
2026070810,2026-07-08T10:00,2026-07-08,2026,7,July,8,10,Wednesday,3,Non
2026070811,2026-07-08T11:00,2026-07-08,2026,7,July,8,11,Wednesday,3,Non
2026070812,2026-07-08T12:00,2026-07-08,2026,7,July,8,12,Wednesday,3,Non
2026070813,2026-07-08T13:00,2026-07-08,2026,7,July,8,13,Wednesday,3,Non
2026070814,2026-07-08T14:00,2026-07-08,2026,7,July,8,14,Wednesday,3,Non
2026070815,2026-07-08T15:00,2026-07-08,2026,7,July,8,15,Wednesday,3,Non
2026070816,2026-07-08T16:00,2026-07-08,2026,7,July,8,16,Wednesday,3,Non
2026070817,2026-07-08T17:00,2026-07-08,2026,7,July,8,17,Wednesday,3,Non
2026070818,2026-07-08T18:00,2026-07-08,2026,7,July,8,18,Wednesday,3,Non
2026070819,2026-07-08T19:00,2026-07-08,2026,7,July,8,19,Wednesday,3,Non
2026070820,2026-07-08T20:00,2026-07-08,2026,7,July,8,20,Wednesday,3,Non
2026070821,2026-07-08T21:00,2026-07-08,2026,7,July,8,21,Wednesday,3,Non
2026070822,2026-07-08T22:00,2026-07-08,2026,7,July,8,22,Wednesday,3,Non
2026070823,2026-07-08T23:00,2026-07-08,2026,7,July,8,23,Wednesday,3,Non
2026070900,2026-07-09T00:00,2026-07-09,2026,7,July,9,0,Thursday,4,Non
2026070901,2026-07-09T01:00,2026-07-09,2026,7,July,9,1,Thursday,4,Non
2026070902,2026-07-09T02:00,2026-07-09,2026,7,July,9,2,Thursday,4,Non
2026070903,2026-07-09T03:00,2026-07-09,2026,7,July,9,3,Thursday,4,Non
2026070904,2026-07-09T04:00,2026-07-09,2026,7,July,9,4,Thursday,4,Non
2026070905,2026-07-09T05:00,2026-07-09,2026,7,July,9,5,Thursday,4,Non
2026070906,2026-07-09T06:00,2026-07-09,2026,7,July,9,6,Thursday,4,Non
2026070907,2026-07-09T07:00,2026-07-09,2026,7,July,9,7,Thursday,4,Non
2026070908,2026-07-09T08:00,2026-07-09,2026,7,July,9,8,Thursday,4,Non
2026070909,2026-07-09T09:00,2026-07-09,2026,7,July,9,9,Thursday,4,Non
2026070910,2026-07-09T10:00,2026-07-09,2026,7,July,9,10,Thursday,4,Non
2026070911,2026-07-09T11:00,2026-07-09,2026,7,July,9,11,Thursday,4,Non
2026070912,2026-07-09T12:00,2026-07-09,2026,7,July,9,12,Thursday,4,Non
2026070913,2026-07-09T13:00,2026-07-09,2026,7,July,9,13,Thursday,4,Non
2026070914,2026-07-09T14:00,2026-07-09,2026,7,July,9,14,Thursday,4,Non
2026070915,2026-07-09T15:00,2026-07-09,2026,7,July,9,15,Thursday,4,Non
2026070916,2026-07-09T16:00,2026-07-09,2026,7,July,9,16,Thursday,4,Non
2026070917,2026-07-09T17:00,2026-07-09,2026,7,July,9,17,Thursday,4,Non
2026070918,2026-07-09T18:00,2026-07-09,2026,7,July,9,18,Thursday,4,Non
2026070919,2026-07-09T19:00,2026-07-09,2026,7,July,9,19,Thursday,4,Non
2026070920,2026-07-09T20:00,2026-07-09,2026,7,July,9,20,Thursday,4,Non
2026070921,2026-07-09T21:00,2026-07-09,2026,7,July,9,21,Thursday,4,Non
2026070922,2026-07-09T22:00,2026-07-09,2026,7,July,9,22,Thursday,4,Non
2026070923,2026-07-09T23:00,2026-07-09,2026,7,July,9,23,Thursday,4,Non
2026071000,2026-07-10T00:00,2026-07-10,2026,7,July,10,0,Friday,5,Non
2026071001,2026-07-10T01:00,2026-07-10,2026,7,July,10,1,Friday,5,Non
2026071002,2026-07-10T02:00,2026-07-10,2026,7,July,10,2,Friday,5,Non
2026071003,2026-07-10T03:00,2026-07-10,2026,7,July,10,3,Friday,5,Non
2026071004,2026-07-10T04:00,2026-07-10,2026,7,July,10,4,Friday,5,Non
2026071005,2026-07-10T05:00,2026-07-10,2026,7,July,10,5,Friday,5,Non
2026071006,2026-07-10T06:00,2026-07-10,2026,7,July,10,6,Friday,5,Non
2026071007,2026-07-10T07:00,2026-07-10,2026,7,July,10,7,Friday,5,Non
2026071008,2026-07-10T08:00,2026-07-10,2026,7,July,10,8,Friday,5,Non
2026071009,2026-07-10T09:00,2026-07-10,2026,7,July,10,9,Friday,5,Non
2026071010,2026-07-10T10:00,2026-07-10,2026,7,July,10,10,Friday,5,Non
2026071011,2026-07-10T11:00,2026-07-10,2026,7,July,10,11,Friday,5,Non
2026071012,2026-07-10T12:00,2026-07-10,2026,7,July,10,12,Friday,5,Non
2026071013,2026-07-10T13:00,2026-07-10,2026,7,July,10,13,Friday,5,Non
2026071014,2026-07-10T14:00,2026-07-10,2026,7,July,10,14,Friday,5,Non
2026071015,2026-07-10T15:00,2026-07-10,2026,7,July,10,15,Friday,5,Non
2026071016,2026-07-10T16:00,2026-07-10,2026,7,July,10,16,Friday,5,Non
2026071017,2026-07-10T17:00,2026-07-10,2026,7,July,10,17,Friday,5,Non
2026071018,2026-07-10T18:00,2026-07-10,2026,7,July,10,18,Friday,5,Non
2026071019,2026-07-10T19:00,2026-07-10,2026,7,July,10,19,Friday,5,Non
2026071020,2026-07-10T20:00,2026-07-10,2026,7,July,10,20,Friday,5,Non
2026071021,2026-07-10T21:00,2026-07-10,2026,7,July,10,21,Friday,5,Non
2026071022,2026-07-10T22:00,2026-07-10,2026,7,July,10,22,Friday,5,Non
2026071023,2026-07-10T23:00,2026-07-10,2026,7,July,10,23,Friday,5,Non
2026071100,2026-07-11T00:00,2026-07-11,2026,7,July,11,0,Saturday,6,Oui
2026071101,2026-07-11T01:00,2026-07-11,2026,7,July,11,1,Saturday,6,Oui
2026071102,2026-07-11T02:00,2026-07-11,2026,7,July,11,2,Saturday,6,Oui
2026071103,2026-07-11T03:00,2026-07-11,2026,7,July,11,3,Saturday,6,Oui
2026071104,2026-07-11T04:00,2026-07-11,2026,7,July,11,4,Saturday,6,Oui
2026071105,2026-07-11T05:00,2026-07-11,2026,7,July,11,5,Saturday,6,Oui
2026071106,2026-07-11T06:00,2026-07-11,2026,7,July,11,6,Saturday,6,Oui
2026071107,2026-07-11T07:00,2026-07-11,2026,7,July,11,7,Saturday,6,Oui
2026071108,2026-07-11T08:00,2026-07-11,2026,7,July,11,8,Saturday,6,Oui
2026071109,2026-07-11T09:00,2026-07-11,2026,7,July,11,9,Saturday,6,Oui
2026071110,2026-07-11T10:00,2026-07-11,2026,7,July,11,10,Saturday,6,Oui
2026071111,2026-07-11T11:00,2026-07-11,2026,7,July,11,11,Saturday,6,Oui
2026071112,2026-07-11T12:00,2026-07-11,2026,7,July,11,12,Saturday,6,Oui
2026071113,2026-07-11T13:00,2026-07-11,2026,7,July,11,13,Saturday,6,Oui
2026071114,2026-07-11T14:00,2026-07-11,2026,7,July,11,14,Saturday,6,Oui
2026071115,2026-07-11T15:00,2026-07-11,2026,7,July,11,15,Saturday,6,Oui
2026071116,2026-07-11T16:00,2026-07-11,2026,7,July,11,16,Saturday,6,Oui
2026071117,2026-07-11T17:00,2026-07-11,2026,7,July,11,17,Saturday,6,Oui
2026071118,2026-07-11T18:00,2026-07-11,2026,7,July,11,18,Saturday,6,Oui
2026071119,2026-07-11T19:00,2026-07-11,2026,7,July,11,19,Saturday,6,Oui
2026071120,2026-07-11T20:00,2026-07-11,2026,7,July,11,20,Saturday,6,Oui
2026071121,2026-07-11T21:00,2026-07-11,2026,7,July,11,21,Saturday,6,Oui
2026071122,2026-07-11T22:00,2026-07-11,2026,7,July,11,22,Saturday,6,Oui
2026071123,2026-07-11T23:00,2026-07-11,2026,7,July,11,23,Saturday,6,Oui
2026071200,2026-07-12T00:00,2026-07-12,2026,7,July,12,0,Sunday,7,Oui
2026071201,2026-07-12T01:00,2026-07-12,2026,7,July,12,1,Sunday,7,Oui
2026071202,2026-07-12T02:00,2026-07-12,2026,7,July,12,2,Sunday,7,Oui
2026071203,2026-07-12T03:00,2026-07-12,2026,7,July,12,3,Sunday,7,Oui
2026071204,2026-07-12T04:00,2026-07-12,2026,7,July,12,4,Sunday,7,Oui
2026071205,2026-07-12T05:00,2026-07-12,2026,7,July,12,5,Sunday,7,Oui
2026071206,2026-07-12T06:00,2026-07-12,2026,7,July,12,6,Sunday,7,Oui
2026071207,2026-07-12T07:00,2026-07-12,2026,7,July,12,7,Sunday,7,Oui
2026071208,2026-07-12T08:00,2026-07-12,2026,7,July,12,8,Sunday,7,Oui
2026071209,2026-07-12T09:00,2026-07-12,2026,7,July,12,9,Sunday,7,Oui
2026071210,2026-07-12T10:00,2026-07-12,2026,7,July,12,10,Sunday,7,Oui
2026071211,2026-07-12T11:00,2026-07-12,2026,7,July,12,11,Sunday,7,Oui
2026071212,2026-07-12T12:00,2026-07-12,2026,7,July,12,12,Sunday,7,Oui
2026071213,2026-07-12T13:00,2026-07-12,2026,7,July,12,13,Sunday,7,Oui
2026071214,2026-07-12T14:00,2026-07-12,2026,7,July,12,14,Sunday,7,Oui
2026071215,2026-07-12T15:00,2026-07-12,2026,7,July,12,15,Sunday,7,Oui
2026071216,2026-07-12T16:00,2026-07-12,2026,7,July,12,16,Sunday,7,Oui
2026071217,2026-07-12T17:00,2026-07-12,2026,7,July,12,17,Sunday,7,Oui
2026071218,2026-07-12T18:00,2026-07-12,2026,7,July,12,18,Sunday,7,Oui
2026071219,2026-07-12T19:00,2026-07-12,2026,7,July,12,19,Sunday,7,Oui
2026071220,2026-07-12T20:00,2026-07-12,2026,7,July,12,20,Sunday,7,Oui
2026071221,2026-07-12T21:00,2026-07-12,2026,7,July,12,21,Sunday,7,Oui
2026071222,2026-07-12T22:00,2026-07-12,2026,7,July,12,22,Sunday,7,Oui
2026071223,2026-07-12T23:00,2026-07-12,2026,7,July,12,23,Sunday,7,Oui
2026071300,2026-07-13T00:00,2026-07-13,2026,7,July,13,0,Monday,1,Non
2026071301,2026-07-13T01:00,2026-07-13,2026,7,July,13,1,Monday,1,Non
2026071302,2026-07-13T02:00,2026-07-13,2026,7,July,13,2,Monday,1,Non
2026071303,2026-07-13T03:00,2026-07-13,2026,7,July,13,3,Monday,1,Non
2026071304,2026-07-13T04:00,2026-07-13,2026,7,July,13,4,Monday,1,Non
2026071305,2026-07-13T05:00,2026-07-13,2026,7,July,13,5,Monday,1,Non
2026071306,2026-07-13T06:00,2026-07-13,2026,7,July,13,6,Monday,1,Non
2026071307,2026-07-13T07:00,2026-07-13,2026,7,July,13,7,Monday,1,Non
2026071308,2026-07-13T08:00,2026-07-13,2026,7,July,13,8,Monday,1,Non
2026071309,2026-07-13T09:00,2026-07-13,2026,7,July,13,9,Monday,1,Non
2026071310,2026-07-13T10:00,2026-07-13,2026,7,July,13,10,Monday,1,Non
2026071311,2026-07-13T11:00,2026-07-13,2026,7,July,13,11,Monday,1,Non
2026071312,2026-07-13T12:00,2026-07-13,2026,7,July,13,12,Monday,1,Non
2026071313,2026-07-13T13:00,2026-07-13,2026,7,July,13,13,Monday,1,Non
2026071314,2026-07-13T14:00,2026-07-13,2026,7,July,13,14,Monday,1,Non
2026071315,2026-07-13T15:00,2026-07-13,2026,7,July,13,15,Monday,1,Non
2026071316,2026-07-13T16:00,2026-07-13,2026,7,July,13,16,Monday,1,Non
2026071317,2026-07-13T17:00,2026-07-13,2026,7,July,13,17,Monday,1,Non
2026071318,2026-07-13T18:00,2026-07-13,2026,7,July,13,18,Monday,1,Non
2026071319,2026-07-13T19:00,2026-07-13,2026,7,July,13,19,Monday,1,Non
2026071320,2026-07-13T20:00,2026-07-13,2026,7,July,13,20,Monday,1,Non
2026071321,2026-07-13T21:00,2026-07-13,2026,7,July,13,21,Monday,1,Non
2026071322,2026-07-13T22:00,2026-07-13,2026,7,July,13,22,Monday,1,Non
2026071323,2026-07-13T23:00,2026-07-13,2026,7,July,13,23,Monday,1,Non
2026071400,2026-07-14T00:00,2026-07-14,2026,7,July,14,0,Tuesday,2,Non
2026071401,2026-07-14T01:00,2026-07-14,2026,7,July,14,1,Tuesday,2,Non
2026071402,2026-07-14T02:00,2026-07-14,2026,7,July,14,2,Tuesday,2,Non
2026071403,2026-07-14T03:00,2026-07-14,2026,7,July,14,3,Tuesday,2,Non
2026071404,2026-07-14T04:00,2026-07-14,2026,7,July,14,4,Tuesday,2,Non
2026071405,2026-07-14T05:00,2026-07-14,2026,7,July,14,5,Tuesday,2,Non
2026071406,2026-07-14T06:00,2026-07-14,2026,7,July,14,6,Tuesday,2,Non
2026071407,2026-07-14T07:00,2026-07-14,2026,7,July,14,7,Tuesday,2,Non
2026071408,2026-07-14T08:00,2026-07-14,2026,7,July,14,8,Tuesday,2,Non
2026071409,2026-07-14T09:00,2026-07-14,2026,7,July,14,9,Tuesday,2,Non
2026071410,2026-07-14T10:00,2026-07-14,2026,7,July,14,10,Tuesday,2,Non
2026071411,2026-07-14T11:00,2026-07-14,2026,7,July,14,11,Tuesday,2,Non
2026071412,2026-07-14T12:00,2026-07-14,2026,7,July,14,12,Tuesday,2,Non
2026071413,2026-07-14T13:00,2026-07-14,2026,7,July,14,13,Tuesday,2,Non
2026071414,2026-07-14T14:00,2026-07-14,2026,7,July,14,14,Tuesday,2,Non
2026071415,2026-07-14T15:00,2026-07-14,2026,7,July,14,15,Tuesday,2,Non
2026071416,2026-07-14T16:00,2026-07-14,2026,7,July,14,16,Tuesday,2,Non
2026071417,2026-07-14T17:00,2026-07-14,2026,7,July,14,17,Tuesday,2,Non
2026071418,2026-07-14T18:00,2026-07-14,2026,7,July,14,18,Tuesday,2,Non
2026071419,2026-07-14T19:00,2026-07-14,2026,7,July,14,19,Tuesday,2,Non
2026071420,2026-07-14T20:00,2026-07-14,2026,7,July,14,20,Tuesday,2,Non
2026071421,2026-07-14T21:00,2026-07-14,2026,7,July,14,21,Tuesday,2,Non
2026071422,2026-07-14T22:00,2026-07-14,2026,7,July,14,22,Tuesday,2,Non
2026071423,2026-07-14T23:00,2026-07-14,2026,7,July,14,23,Tuesday,2,Non
2026071500,2026-07-15T00:00,2026-07-15,2026,7,July,15,0,Wednesday,3,Non
2026071501,2026-07-15T01:00,2026-07-15,2026,7,July,15,1,Wednesday,3,Non
2026071502,2026-07-15T02:00,2026-07-15,2026,7,July,15,2,Wednesday,3,Non
2026071503,2026-07-15T03:00,2026-07-15,2026,7,July,15,3,Wednesday,3,Non
2026071504,2026-07-15T04:00,2026-07-15,2026,7,July,15,4,Wednesday,3,Non
2026071505,2026-07-15T05:00,2026-07-15,2026,7,July,15,5,Wednesday,3,Non
2026071506,2026-07-15T06:00,2026-07-15,2026,7,July,15,6,Wednesday,3,Non
2026071507,2026-07-15T07:00,2026-07-15,2026,7,July,15,7,Wednesday,3,Non
2026071508,2026-07-15T08:00,2026-07-15,2026,7,July,15,8,Wednesday,3,Non
2026071509,2026-07-15T09:00,2026-07-15,2026,7,July,15,9,Wednesday,3,Non
2026071510,2026-07-15T10:00,2026-07-15,2026,7,July,15,10,Wednesday,3,Non
2026071511,2026-07-15T11:00,2026-07-15,2026,7,July,15,11,Wednesday,3,Non
2026071512,2026-07-15T12:00,2026-07-15,2026,7,July,15,12,Wednesday,3,Non
2026071513,2026-07-15T13:00,2026-07-15,2026,7,July,15,13,Wednesday,3,Non
2026071514,2026-07-15T14:00,2026-07-15,2026,7,July,15,14,Wednesday,3,Non
2026071515,2026-07-15T15:00,2026-07-15,2026,7,July,15,15,Wednesday,3,Non
2026071516,2026-07-15T16:00,2026-07-15,2026,7,July,15,16,Wednesday,3,Non
2026071517,2026-07-15T17:00,2026-07-15,2026,7,July,15,17,Wednesday,3,Non
2026071518,2026-07-15T18:00,2026-07-15,2026,7,July,15,18,Wednesday,3,Non
2026071519,2026-07-15T19:00,2026-07-15,2026,7,July,15,19,Wednesday,3,Non
2026071520,2026-07-15T20:00,2026-07-15,2026,7,July,15,20,Wednesday,3,Non
2026071521,2026-07-15T21:00,2026-07-15,2026,7,July,15,21,Wednesday,3,Non
2026071522,2026-07-15T22:00,2026-07-15,2026,7,July,15,22,Wednesday,3,Non
2026071523,2026-07-15T23:00,2026-07-15,2026,7,July,15,23,Wednesday,3,Non
2026071600,2026-07-16T00:00,2026-07-16,2026,7,July,16,0,Thursday,4,Non
2026071601,2026-07-16T01:00,2026-07-16,2026,7,July,16,1,Thursday,4,Non
2026071602,2026-07-16T02:00,2026-07-16,2026,7,July,16,2,Thursday,4,Non
2026071603,2026-07-16T03:00,2026-07-16,2026,7,July,16,3,Thursday,4,Non
2026071604,2026-07-16T04:00,2026-07-16,2026,7,July,16,4,Thursday,4,Non
2026071605,2026-07-16T05:00,2026-07-16,2026,7,July,16,5,Thursday,4,Non
2026071606,2026-07-16T06:00,2026-07-16,2026,7,July,16,6,Thursday,4,Non
2026071607,2026-07-16T07:00,2026-07-16,2026,7,July,16,7,Thursday,4,Non
2026071608,2026-07-16T08:00,2026-07-16,2026,7,July,16,8,Thursday,4,Non
2026071609,2026-07-16T09:00,2026-07-16,2026,7,July,16,9,Thursday,4,Non
2026071610,2026-07-16T10:00,2026-07-16,2026,7,July,16,10,Thursday,4,Non
2026071611,2026-07-16T11:00,2026-07-16,2026,7,July,16,11,Thursday,4,Non
2026071612,2026-07-16T12:00,2026-07-16,2026,7,July,16,12,Thursday,4,Non
2026071613,2026-07-16T13:00,2026-07-16,2026,7,July,16,13,Thursday,4,Non
2026071614,2026-07-16T14:00,2026-07-16,2026,7,July,16,14,Thursday,4,Non
2026071615,2026-07-16T15:00,2026-07-16,2026,7,July,16,15,Thursday,4,Non
2026071616,2026-07-16T16:00,2026-07-16,2026,7,July,16,16,Thursday,4,Non
2026071617,2026-07-16T17:00,2026-07-16,2026,7,July,16,17,Thursday,4,Non
2026071618,2026-07-16T18:00,2026-07-16,2026,7,July,16,18,Thursday,4,Non
2026071619,2026-07-16T19:00,2026-07-16,2026,7,July,16,19,Thursday,4,Non
2026071620,2026-07-16T20:00,2026-07-16,2026,7,July,16,20,Thursday,4,Non
2026071621,2026-07-16T21:00,2026-07-16,2026,7,July,16,21,Thursday,4,Non
2026071622,2026-07-16T22:00,2026-07-16,2026,7,July,16,22,Thursday,4,Non
2026071623,2026-07-16T23:00,2026-07-16,2026,7,July,16,23,Thursday,4,Non
2026071700,2026-07-17T00:00,2026-07-17,2026,7,July,17,0,Friday,5,Non
2026071701,2026-07-17T01:00,2026-07-17,2026,7,July,17,1,Friday,5,Non
2026071702,2026-07-17T02:00,2026-07-17,2026,7,July,17,2,Friday,5,Non
2026071703,2026-07-17T03:00,2026-07-17,2026,7,July,17,3,Friday,5,Non
2026071704,2026-07-17T04:00,2026-07-17,2026,7,July,17,4,Friday,5,Non
2026071705,2026-07-17T05:00,2026-07-17,2026,7,July,17,5,Friday,5,Non
2026071706,2026-07-17T06:00,2026-07-17,2026,7,July,17,6,Friday,5,Non
2026071707,2026-07-17T07:00,2026-07-17,2026,7,July,17,7,Friday,5,Non
2026071708,2026-07-17T08:00,2026-07-17,2026,7,July,17,8,Friday,5,Non
2026071709,2026-07-17T09:00,2026-07-17,2026,7,July,17,9,Friday,5,Non
2026071710,2026-07-17T10:00,2026-07-17,2026,7,July,17,10,Friday,5,Non
2026071711,2026-07-17T11:00,2026-07-17,2026,7,July,17,11,Friday,5,Non
2026071712,2026-07-17T12:00,2026-07-17,2026,7,July,17,12,Friday,5,Non
2026071713,2026-07-17T13:00,2026-07-17,2026,7,July,17,13,Friday,5,Non
2026071714,2026-07-17T14:00,2026-07-17,2026,7,July,17,14,Friday,5,Non
2026071715,2026-07-17T15:00,2026-07-17,2026,7,July,17,15,Friday,5,Non
2026071716,2026-07-17T16:00,2026-07-17,2026,7,July,17,16,Friday,5,Non
2026071717,2026-07-17T17:00,2026-07-17,2026,7,July,17,17,Friday,5,Non
2026071718,2026-07-17T18:00,2026-07-17,2026,7,July,17,18,Friday,5,Non
2026071719,2026-07-17T19:00,2026-07-17,2026,7,July,17,19,Friday,5,Non
2026071720,2026-07-17T20:00,2026-07-17,2026,7,July,17,20,Friday,5,Non
2026071721,2026-07-17T21:00,2026-07-17,2026,7,July,17,21,Friday,5,Non
2026071722,2026-07-17T22:00,2026-07-17,2026,7,July,17,22,Friday,5,Non
2026071723,2026-07-17T23:00,2026-07-17,2026,7,July,17,23,Friday,5,Non
2026071800,2026-07-18T00:00,2026-07-18,2026,7,July,18,0,Saturday,6,Oui
2026071801,2026-07-18T01:00,2026-07-18,2026,7,July,18,1,Saturday,6,Oui
2026071802,2026-07-18T02:00,2026-07-18,2026,7,July,18,2,Saturday,6,Oui
2026071803,2026-07-18T03:00,2026-07-18,2026,7,July,18,3,Saturday,6,Oui
2026071804,2026-07-18T04:00,2026-07-18,2026,7,July,18,4,Saturday,6,Oui
2026071805,2026-07-18T05:00,2026-07-18,2026,7,July,18,5,Saturday,6,Oui
2026071806,2026-07-18T06:00,2026-07-18,2026,7,July,18,6,Saturday,6,Oui
2026071807,2026-07-18T07:00,2026-07-18,2026,7,July,18,7,Saturday,6,Oui
2026071808,2026-07-18T08:00,2026-07-18,2026,7,July,18,8,Saturday,6,Oui
2026071809,2026-07-18T09:00,2026-07-18,2026,7,July,18,9,Saturday,6,Oui
2026071810,2026-07-18T10:00,2026-07-18,2026,7,July,18,10,Saturday,6,Oui
2026071811,2026-07-18T11:00,2026-07-18,2026,7,July,18,11,Saturday,6,Oui
2026071812,2026-07-18T12:00,2026-07-18,2026,7,July,18,12,Saturday,6,Oui
2026071813,2026-07-18T13:00,2026-07-18,2026,7,July,18,13,Saturday,6,Oui
2026071814,2026-07-18T14:00,2026-07-18,2026,7,July,18,14,Saturday,6,Oui
2026071815,2026-07-18T15:00,2026-07-18,2026,7,July,18,15,Saturday,6,Oui
2026071816,2026-07-18T16:00,2026-07-18,2026,7,July,18,16,Saturday,6,Oui
2026071817,2026-07-18T17:00,2026-07-18,2026,7,July,18,17,Saturday,6,Oui
2026071818,2026-07-18T18:00,2026-07-18,2026,7,July,18,18,Saturday,6,Oui
2026071819,2026-07-18T19:00,2026-07-18,2026,7,July,18,19,Saturday,6,Oui
2026071820,2026-07-18T20:00,2026-07-18,2026,7,July,18,20,Saturday,6,Oui
2026071821,2026-07-18T21:00,2026-07-18,2026,7,July,18,21,Saturday,6,Oui
2026071822,2026-07-18T22:00,2026-07-18,2026,7,July,18,22,Saturday,6,Oui
2026071823,2026-07-18T23:00,2026-07-18,2026,7,July,18,23,Saturday,6,Oui
2026071900,2026-07-19T00:00,2026-07-19,2026,7,July,19,0,Sunday,7,Oui
2026071901,2026-07-19T01:00,2026-07-19,2026,7,July,19,1,Sunday,7,Oui
2026071902,2026-07-19T02:00,2026-07-19,2026,7,July,19,2,Sunday,7,Oui
2026071903,2026-07-19T03:00,2026-07-19,2026,7,July,19,3,Sunday,7,Oui
2026071904,2026-07-19T04:00,2026-07-19,2026,7,July,19,4,Sunday,7,Oui
2026071905,2026-07-19T05:00,2026-07-19,2026,7,July,19,5,Sunday,7,Oui
2026071906,2026-07-19T06:00,2026-07-19,2026,7,July,19,6,Sunday,7,Oui
2026071907,2026-07-19T07:00,2026-07-19,2026,7,July,19,7,Sunday,7,Oui
2026071908,2026-07-19T08:00,2026-07-19,2026,7,July,19,8,Sunday,7,Oui
2026071909,2026-07-19T09:00,2026-07-19,2026,7,July,19,9,Sunday,7,Oui
2026071910,2026-07-19T10:00,2026-07-19,2026,7,July,19,10,Sunday,7,Oui
2026071911,2026-07-19T11:00,2026-07-19,2026,7,July,19,11,Sunday,7,Oui
2026071912,2026-07-19T12:00,2026-07-19,2026,7,July,19,12,Sunday,7,Oui
2026071913,2026-07-19T13:00,2026-07-19,2026,7,July,19,13,Sunday,7,Oui
2026071914,2026-07-19T14:00,2026-07-19,2026,7,July,19,14,Sunday,7,Oui
2026071915,2026-07-19T15:00,2026-07-19,2026,7,July,19,15,Sunday,7,Oui
2026071916,2026-07-19T16:00,2026-07-19,2026,7,July,19,16,Sunday,7,Oui
2026071917,2026-07-19T17:00,2026-07-19,2026,7,July,19,17,Sunday,7,Oui
2026071918,2026-07-19T18:00,2026-07-19,2026,7,July,19,18,Sunday,7,Oui
2026071919,2026-07-19T19:00,2026-07-19,2026,7,July,19,19,Sunday,7,Oui
2026071920,2026-07-19T20:00,2026-07-19,2026,7,July,19,20,Sunday,7,Oui
2026071921,2026-07-19T21:00,2026-07-19,2026,7,July,19,21,Sunday,7,Oui
2026071922,2026-07-19T22:00,2026-07-19,2026,7,July,19,22,Sunday,7,Oui
2026071923,2026-07-19T23:00,2026-07-19,2026,7,July,19,23,Sunday,7,Oui
2026072000,2026-07-20T00:00,2026-07-20,2026,7,July,20,0,Monday,1,Non
2026072001,2026-07-20T01:00,2026-07-20,2026,7,July,20,1,Monday,1,Non
2026072002,2026-07-20T02:00,2026-07-20,2026,7,July,20,2,Monday,1,Non
2026072003,2026-07-20T03:00,2026-07-20,2026,7,July,20,3,Monday,1,Non
2026072004,2026-07-20T04:00,2026-07-20,2026,7,July,20,4,Monday,1,Non
2026072005,2026-07-20T05:00,2026-07-20,2026,7,July,20,5,Monday,1,Non
2026072006,2026-07-20T06:00,2026-07-20,2026,7,July,20,6,Monday,1,Non
2026072007,2026-07-20T07:00,2026-07-20,2026,7,July,20,7,Monday,1,Non
2026072008,2026-07-20T08:00,2026-07-20,2026,7,July,20,8,Monday,1,Non
2026072009,2026-07-20T09:00,2026-07-20,2026,7,July,20,9,Monday,1,Non
2026072010,2026-07-20T10:00,2026-07-20,2026,7,July,20,10,Monday,1,Non
2026072011,2026-07-20T11:00,2026-07-20,2026,7,July,20,11,Monday,1,Non
2026072012,2026-07-20T12:00,2026-07-20,2026,7,July,20,12,Monday,1,Non
2026072013,2026-07-20T13:00,2026-07-20,2026,7,July,20,13,Monday,1,Non
2026072014,2026-07-20T14:00,2026-07-20,2026,7,July,20,14,Monday,1,Non
2026072015,2026-07-20T15:00,2026-07-20,2026,7,July,20,15,Monday,1,Non
2026072016,2026-07-20T16:00,2026-07-20,2026,7,July,20,16,Monday,1,Non
2026072017,2026-07-20T17:00,2026-07-20,2026,7,July,20,17,Monday,1,Non
2026072018,2026-07-20T18:00,2026-07-20,2026,7,July,20,18,Monday,1,Non
2026072019,2026-07-20T19:00,2026-07-20,2026,7,July,20,19,Monday,1,Non
2026072020,2026-07-20T20:00,2026-07-20,2026,7,July,20,20,Monday,1,Non
2026072021,2026-07-20T21:00,2026-07-20,2026,7,July,20,21,Monday,1,Non
2026072022,2026-07-20T22:00,2026-07-20,2026,7,July,20,22,Monday,1,Non
2026072023,2026-07-20T23:00,2026-07-20,2026,7,July,20,23,Monday,1,Non
2026072100,2026-07-21T00:00,2026-07-21,2026,7,July,21,0,Tuesday,2,Non
2026072101,2026-07-21T01:00,2026-07-21,2026,7,July,21,1,Tuesday,2,Non
2026072102,2026-07-21T02:00,2026-07-21,2026,7,July,21,2,Tuesday,2,Non
2026072103,2026-07-21T03:00,2026-07-21,2026,7,July,21,3,Tuesday,2,Non
2026072104,2026-07-21T04:00,2026-07-21,2026,7,July,21,4,Tuesday,2,Non
2026072105,2026-07-21T05:00,2026-07-21,2026,7,July,21,5,Tuesday,2,Non
2026072106,2026-07-21T06:00,2026-07-21,2026,7,July,21,6,Tuesday,2,Non
2026072107,2026-07-21T07:00,2026-07-21,2026,7,July,21,7,Tuesday,2,Non
2026072108,2026-07-21T08:00,2026-07-21,2026,7,July,21,8,Tuesday,2,Non
2026072109,2026-07-21T09:00,2026-07-21,2026,7,July,21,9,Tuesday,2,Non
2026072110,2026-07-21T10:00,2026-07-21,2026,7,July,21,10,Tuesday,2,Non
2026072111,2026-07-21T11:00,2026-07-21,2026,7,July,21,11,Tuesday,2,Non
2026072112,2026-07-21T12:00,2026-07-21,2026,7,July,21,12,Tuesday,2,Non
2026072113,2026-07-21T13:00,2026-07-21,2026,7,July,21,13,Tuesday,2,Non
2026072114,2026-07-21T14:00,2026-07-21,2026,7,July,21,14,Tuesday,2,Non
2026072115,2026-07-21T15:00,2026-07-21,2026,7,July,21,15,Tuesday,2,Non
2026072116,2026-07-21T16:00,2026-07-21,2026,7,July,21,16,Tuesday,2,Non
2026072117,2026-07-21T17:00,2026-07-21,2026,7,July,21,17,Tuesday,2,Non
2026072118,2026-07-21T18:00,2026-07-21,2026,7,July,21,18,Tuesday,2,Non
2026072119,2026-07-21T19:00,2026-07-21,2026,7,July,21,19,Tuesday,2,Non
2026072120,2026-07-21T20:00,2026-07-21,2026,7,July,21,20,Tuesday,2,Non
2026072121,2026-07-21T21:00,2026-07-21,2026,7,July,21,21,Tuesday,2,Non
2026072122,2026-07-21T22:00,2026-07-21,2026,7,July,21,22,Tuesday,2,Non
2026072123,2026-07-21T23:00,2026-07-21,2026,7,July,21,23,Tuesday,2,Non
2026072200,2026-07-22T00:00,2026-07-22,2026,7,July,22,0,Wednesday,3,Non
2026072201,2026-07-22T01:00,2026-07-22,2026,7,July,22,1,Wednesday,3,Non
2026072202,2026-07-22T02:00,2026-07-22,2026,7,July,22,2,Wednesday,3,Non
2026072203,2026-07-22T03:00,2026-07-22,2026,7,July,22,3,Wednesday,3,Non
2026072204,2026-07-22T04:00,2026-07-22,2026,7,July,22,4,Wednesday,3,Non
2026072205,2026-07-22T05:00,2026-07-22,2026,7,July,22,5,Wednesday,3,Non
2026072206,2026-07-22T06:00,2026-07-22,2026,7,July,22,6,Wednesday,3,Non
2026072207,2026-07-22T07:00,2026-07-22,2026,7,July,22,7,Wednesday,3,Non
2026072208,2026-07-22T08:00,2026-07-22,2026,7,July,22,8,Wednesday,3,Non
2026072209,2026-07-22T09:00,2026-07-22,2026,7,July,22,9,Wednesday,3,Non
2026072210,2026-07-22T10:00,2026-07-22,2026,7,July,22,10,Wednesday,3,Non
2026072211,2026-07-22T11:00,2026-07-22,2026,7,July,22,11,Wednesday,3,Non
2026072212,2026-07-22T12:00,2026-07-22,2026,7,July,22,12,Wednesday,3,Non
2026072213,2026-07-22T13:00,2026-07-22,2026,7,July,22,13,Wednesday,3,Non
2026072214,2026-07-22T14:00,2026-07-22,2026,7,July,22,14,Wednesday,3,Non
2026072215,2026-07-22T15:00,2026-07-22,2026,7,July,22,15,Wednesday,3,Non
2026072216,2026-07-22T16:00,2026-07-22,2026,7,July,22,16,Wednesday,3,Non
2026072217,2026-07-22T17:00,2026-07-22,2026,7,July,22,17,Wednesday,3,Non
2026072218,2026-07-22T18:00,2026-07-22,2026,7,July,22,18,Wednesday,3,Non
2026072219,2026-07-22T19:00,2026-07-22,2026,7,July,22,19,Wednesday,3,Non
2026072220,2026-07-22T20:00,2026-07-22,2026,7,July,22,20,Wednesday,3,Non
2026072221,2026-07-22T21:00,2026-07-22,2026,7,July,22,21,Wednesday,3,Non
2026072222,2026-07-22T22:00,2026-07-22,2026,7,July,22,22,Wednesday,3,Non
2026072223,2026-07-22T23:00,2026-07-22,2026,7,July,22,23,Wednesday,3,Non
2026072300,2026-07-23T00:00,2026-07-23,2026,7,July,23,0,Thursday,4,Non
2026072301,2026-07-23T01:00,2026-07-23,2026,7,July,23,1,Thursday,4,Non
2026072302,2026-07-23T02:00,2026-07-23,2026,7,July,23,2,Thursday,4,Non
2026072303,2026-07-23T03:00,2026-07-23,2026,7,July,23,3,Thursday,4,Non
2026072304,2026-07-23T04:00,2026-07-23,2026,7,July,23,4,Thursday,4,Non
2026072305,2026-07-23T05:00,2026-07-23,2026,7,July,23,5,Thursday,4,Non
2026072306,2026-07-23T06:00,2026-07-23,2026,7,July,23,6,Thursday,4,Non
2026072307,2026-07-23T07:00,2026-07-23,2026,7,July,23,7,Thursday,4,Non
2026072308,2026-07-23T08:00,2026-07-23,2026,7,July,23,8,Thursday,4,Non
2026072309,2026-07-23T09:00,2026-07-23,2026,7,July,23,9,Thursday,4,Non
2026072310,2026-07-23T10:00,2026-07-23,2026,7,July,23,10,Thursday,4,Non
2026072311,2026-07-23T11:00,2026-07-23,2026,7,July,23,11,Thursday,4,Non
2026072312,2026-07-23T12:00,2026-07-23,2026,7,July,23,12,Thursday,4,Non
2026072313,2026-07-23T13:00,2026-07-23,2026,7,July,23,13,Thursday,4,Non
2026072314,2026-07-23T14:00,2026-07-23,2026,7,July,23,14,Thursday,4,Non
2026072315,2026-07-23T15:00,2026-07-23,2026,7,July,23,15,Thursday,4,Non
2026072316,2026-07-23T16:00,2026-07-23,2026,7,July,23,16,Thursday,4,Non
2026072317,2026-07-23T17:00,2026-07-23,2026,7,July,23,17,Thursday,4,Non
2026072318,2026-07-23T18:00,2026-07-23,2026,7,July,23,18,Thursday,4,Non
2026072319,2026-07-23T19:00,2026-07-23,2026,7,July,23,19,Thursday,4,Non
2026072320,2026-07-23T20:00,2026-07-23,2026,7,July,23,20,Thursday,4,Non
2026072321,2026-07-23T21:00,2026-07-23,2026,7,July,23,21,Thursday,4,Non
2026072322,2026-07-23T22:00,2026-07-23,2026,7,July,23,22,Thursday,4,Non
2026072323,2026-07-23T23:00,2026-07-23,2026,7,July,23,23,Thursday,4,Non
2026072400,2026-07-24T00:00,2026-07-24,2026,7,July,24,0,Friday,5,Non
2026072401,2026-07-24T01:00,2026-07-24,2026,7,July,24,1,Friday,5,Non
2026072402,2026-07-24T02:00,2026-07-24,2026,7,July,24,2,Friday,5,Non
2026072403,2026-07-24T03:00,2026-07-24,2026,7,July,24,3,Friday,5,Non
2026072404,2026-07-24T04:00,2026-07-24,2026,7,July,24,4,Friday,5,Non
2026072405,2026-07-24T05:00,2026-07-24,2026,7,July,24,5,Friday,5,Non
2026072406,2026-07-24T06:00,2026-07-24,2026,7,July,24,6,Friday,5,Non
2026072407,2026-07-24T07:00,2026-07-24,2026,7,July,24,7,Friday,5,Non
2026072408,2026-07-24T08:00,2026-07-24,2026,7,July,24,8,Friday,5,Non
2026072409,2026-07-24T09:00,2026-07-24,2026,7,July,24,9,Friday,5,Non
2026072410,2026-07-24T10:00,2026-07-24,2026,7,July,24,10,Friday,5,Non
2026072411,2026-07-24T11:00,2026-07-24,2026,7,July,24,11,Friday,5,Non
2026072412,2026-07-24T12:00,2026-07-24,2026,7,July,24,12,Friday,5,Non
2026072413,2026-07-24T13:00,2026-07-24,2026,7,July,24,13,Friday,5,Non
2026072414,2026-07-24T14:00,2026-07-24,2026,7,July,24,14,Friday,5,Non
2026072415,2026-07-24T15:00,2026-07-24,2026,7,July,24,15,Friday,5,Non
2026072416,2026-07-24T16:00,2026-07-24,2026,7,July,24,16,Friday,5,Non
2026072417,2026-07-24T17:00,2026-07-24,2026,7,July,24,17,Friday,5,Non
2026072418,2026-07-24T18:00,2026-07-24,2026,7,July,24,18,Friday,5,Non
2026072419,2026-07-24T19:00,2026-07-24,2026,7,July,24,19,Friday,5,Non
2026072420,2026-07-24T20:00,2026-07-24,2026,7,July,24,20,Friday,5,Non
2026072421,2026-07-24T21:00,2026-07-24,2026,7,July,24,21,Friday,5,Non
2026072422,2026-07-24T22:00,2026-07-24,2026,7,July,24,22,Friday,5,Non
2026072423,2026-07-24T23:00,2026-07-24,2026,7,July,24,23,Friday,5,Non
2026072500,2026-07-25T00:00,2026-07-25,2026,7,July,25,0,Saturday,6,Oui
2026072501,2026-07-25T01:00,2026-07-25,2026,7,July,25,1,Saturday,6,Oui
2026072502,2026-07-25T02:00,2026-07-25,2026,7,July,25,2,Saturday,6,Oui
2026072503,2026-07-25T03:00,2026-07-25,2026,7,July,25,3,Saturday,6,Oui
2026072504,2026-07-25T04:00,2026-07-25,2026,7,July,25,4,Saturday,6,Oui
2026072505,2026-07-25T05:00,2026-07-25,2026,7,July,25,5,Saturday,6,Oui
2026072506,2026-07-25T06:00,2026-07-25,2026,7,July,25,6,Saturday,6,Oui
2026072507,2026-07-25T07:00,2026-07-25,2026,7,July,25,7,Saturday,6,Oui
2026072508,2026-07-25T08:00,2026-07-25,2026,7,July,25,8,Saturday,6,Oui
2026072509,2026-07-25T09:00,2026-07-25,2026,7,July,25,9,Saturday,6,Oui
2026072510,2026-07-25T10:00,2026-07-25,2026,7,July,25,10,Saturday,6,Oui
2026072511,2026-07-25T11:00,2026-07-25,2026,7,July,25,11,Saturday,6,Oui
2026072512,2026-07-25T12:00,2026-07-25,2026,7,July,25,12,Saturday,6,Oui
2026072513,2026-07-25T13:00,2026-07-25,2026,7,July,25,13,Saturday,6,Oui
2026072514,2026-07-25T14:00,2026-07-25,2026,7,July,25,14,Saturday,6,Oui
2026072515,2026-07-25T15:00,2026-07-25,2026,7,July,25,15,Saturday,6,Oui
2026072516,2026-07-25T16:00,2026-07-25,2026,7,July,25,16,Saturday,6,Oui
2026072517,2026-07-25T17:00,2026-07-25,2026,7,July,25,17,Saturday,6,Oui
2026072518,2026-07-25T18:00,2026-07-25,2026,7,July,25,18,Saturday,6,Oui
2026072519,2026-07-25T19:00,2026-07-25,2026,7,July,25,19,Saturday,6,Oui
2026072520,2026-07-25T20:00,2026-07-25,2026,7,July,25,20,Saturday,6,Oui
2026072521,2026-07-25T21:00,2026-07-25,2026,7,July,25,21,Saturday,6,Oui
2026072522,2026-07-25T22:00,2026-07-25,2026,7,July,25,22,Saturday,6,Oui
2026072523,2026-07-25T23:00,2026-07-25,2026,7,July,25,23,Saturday,6,Oui
2026072600,2026-07-26T00:00,2026-07-26,2026,7,July,26,0,Sunday,7,Oui
2026072601,2026-07-26T01:00,2026-07-26,2026,7,July,26,1,Sunday,7,Oui
2026072602,2026-07-26T02:00,2026-07-26,2026,7,July,26,2,Sunday,7,Oui
2026072603,2026-07-26T03:00,2026-07-26,2026,7,July,26,3,Sunday,7,Oui
2026072604,2026-07-26T04:00,2026-07-26,2026,7,July,26,4,Sunday,7,Oui
2026072605,2026-07-26T05:00,2026-07-26,2026,7,July,26,5,Sunday,7,Oui
2026072606,2026-07-26T06:00,2026-07-26,2026,7,July,26,6,Sunday,7,Oui
2026072607,2026-07-26T07:00,2026-07-26,2026,7,July,26,7,Sunday,7,Oui
2026072608,2026-07-26T08:00,2026-07-26,2026,7,July,26,8,Sunday,7,Oui
2026072609,2026-07-26T09:00,2026-07-26,2026,7,July,26,9,Sunday,7,Oui
2026072610,2026-07-26T10:00,2026-07-26,2026,7,July,26,10,Sunday,7,Oui
2026072611,2026-07-26T11:00,2026-07-26,2026,7,July,26,11,Sunday,7,Oui
2026072612,2026-07-26T12:00,2026-07-26,2026,7,July,26,12,Sunday,7,Oui
2026072613,2026-07-26T13:00,2026-07-26,2026,7,July,26,13,Sunday,7,Oui
2026072614,2026-07-26T14:00,2026-07-26,2026,7,July,26,14,Sunday,7,Oui
2026072615,2026-07-26T15:00,2026-07-26,2026,7,July,26,15,Sunday,7,Oui
2026072616,2026-07-26T16:00,2026-07-26,2026,7,July,26,16,Sunday,7,Oui
2026072617,2026-07-26T17:00,2026-07-26,2026,7,July,26,17,Sunday,7,Oui
2026072618,2026-07-26T18:00,2026-07-26,2026,7,July,26,18,Sunday,7,Oui
2026072619,2026-07-26T19:00,2026-07-26,2026,7,July,26,19,Sunday,7,Oui
2026072620,2026-07-26T20:00,2026-07-26,2026,7,July,26,20,Sunday,7,Oui
2026072621,2026-07-26T21:00,2026-07-26,2026,7,July,26,21,Sunday,7,Oui
2026072622,2026-07-26T22:00,2026-07-26,2026,7,July,26,22,Sunday,7,Oui
2026072623,2026-07-26T23:00,2026-07-26,2026,7,July,26,23,Sunday,7,Oui
2026072700,2026-07-27T00:00,2026-07-27,2026,7,July,27,0,Monday,1,Non
2026072701,2026-07-27T01:00,2026-07-27,2026,7,July,27,1,Monday,1,Non
2026072702,2026-07-27T02:00,2026-07-27,2026,7,July,27,2,Monday,1,Non
2026072703,2026-07-27T03:00,2026-07-27,2026,7,July,27,3,Monday,1,Non
2026072704,2026-07-27T04:00,2026-07-27,2026,7,July,27,4,Monday,1,Non
2026072705,2026-07-27T05:00,2026-07-27,2026,7,July,27,5,Monday,1,Non
2026072706,2026-07-27T06:00,2026-07-27,2026,7,July,27,6,Monday,1,Non
2026072707,2026-07-27T07:00,2026-07-27,2026,7,July,27,7,Monday,1,Non
2026072708,2026-07-27T08:00,2026-07-27,2026,7,July,27,8,Monday,1,Non
2026072709,2026-07-27T09:00,2026-07-27,2026,7,July,27,9,Monday,1,Non
2026072710,2026-07-27T10:00,2026-07-27,2026,7,July,27,10,Monday,1,Non
2026072711,2026-07-27T11:00,2026-07-27,2026,7,July,27,11,Monday,1,Non
2026072712,2026-07-27T12:00,2026-07-27,2026,7,July,27,12,Monday,1,Non
2026072713,2026-07-27T13:00,2026-07-27,2026,7,July,27,13,Monday,1,Non
2026072714,2026-07-27T14:00,2026-07-27,2026,7,July,27,14,Monday,1,Non
2026072715,2026-07-27T15:00,2026-07-27,2026,7,July,27,15,Monday,1,Non
2026072716,2026-07-27T16:00,2026-07-27,2026,7,July,27,16,Monday,1,Non
2026072717,2026-07-27T17:00,2026-07-27,2026,7,July,27,17,Monday,1,Non
2026072718,2026-07-27T18:00,2026-07-27,2026,7,July,27,18,Monday,1,Non
2026072719,2026-07-27T19:00,2026-07-27,2026,7,July,27,19,Monday,1,Non
2026072720,2026-07-27T20:00,2026-07-27,2026,7,July,27,20,Monday,1,Non
2026072721,2026-07-27T21:00,2026-07-27,2026,7,July,27,21,Monday,1,Non
2026072722,2026-07-27T22:00,2026-07-27,2026,7,July,27,22,Monday,1,Non
2026072723,2026-07-27T23:00,2026-07-27,2026,7,July,27,23,Monday,1,Non
2026072800,2026-07-28T00:00,2026-07-28,2026,7,July,28,0,Tuesday,2,Non
2026072801,2026-07-28T01:00,2026-07-28,2026,7,July,28,1,Tuesday,2,Non
2026072802,2026-07-28T02:00,2026-07-28,2026,7,July,28,2,Tuesday,2,Non
2026072803,2026-07-28T03:00,2026-07-28,2026,7,July,28,3,Tuesday,2,Non
2026072804,2026-07-28T04:00,2026-07-28,2026,7,July,28,4,Tuesday,2,Non
2026072805,2026-07-28T05:00,2026-07-28,2026,7,July,28,5,Tuesday,2,Non
2026072806,2026-07-28T06:00,2026-07-28,2026,7,July,28,6,Tuesday,2,Non
2026072807,2026-07-28T07:00,2026-07-28,2026,7,July,28,7,Tuesday,2,Non
2026072808,2026-07-28T08:00,2026-07-28,2026,7,July,28,8,Tuesday,2,Non
2026072809,2026-07-28T09:00,2026-07-28,2026,7,July,28,9,Tuesday,2,Non
2026072810,2026-07-28T10:00,2026-07-28,2026,7,July,28,10,Tuesday,2,Non
2026072811,2026-07-28T11:00,2026-07-28,2026,7,July,28,11,Tuesday,2,Non
2026072812,2026-07-28T12:00,2026-07-28,2026,7,July,28,12,Tuesday,2,Non
2026072813,2026-07-28T13:00,2026-07-28,2026,7,July,28,13,Tuesday,2,Non
2026072814,2026-07-28T14:00,2026-07-28,2026,7,July,28,14,Tuesday,2,Non
2026072815,2026-07-28T15:00,2026-07-28,2026,7,July,28,15,Tuesday,2,Non
2026072816,2026-07-28T16:00,2026-07-28,2026,7,July,28,16,Tuesday,2,Non
2026072817,2026-07-28T17:00,2026-07-28,2026,7,July,28,17,Tuesday,2,Non
2026072818,2026-07-28T18:00,2026-07-28,2026,7,July,28,18,Tuesday,2,Non
2026072819,2026-07-28T19:00,2026-07-28,2026,7,July,28,19,Tuesday,2,Non
2026072820,2026-07-28T20:00,2026-07-28,2026,7,July,28,20,Tuesday,2,Non
2026072821,2026-07-28T21:00,2026-07-28,2026,7,July,28,21,Tuesday,2,Non
2026072822,2026-07-28T22:00,2026-07-28,2026,7,July,28,22,Tuesday,2,Non
2026072823,2026-07-28T23:00,2026-07-28,2026,7,July,28,23,Tuesday,2,Non
2026072900,2026-07-29T00:00,2026-07-29,2026,7,July,29,0,Wednesday,3,Non
2026072901,2026-07-29T01:00,2026-07-29,2026,7,July,29,1,Wednesday,3,Non
2026072902,2026-07-29T02:00,2026-07-29,2026,7,July,29,2,Wednesday,3,Non
2026072903,2026-07-29T03:00,2026-07-29,2026,7,July,29,3,Wednesday,3,Non
2026072904,2026-07-29T04:00,2026-07-29,2026,7,July,29,4,Wednesday,3,Non
2026072905,2026-07-29T05:00,2026-07-29,2026,7,July,29,5,Wednesday,3,Non
2026072906,2026-07-29T06:00,2026-07-29,2026,7,July,29,6,Wednesday,3,Non
2026072907,2026-07-29T07:00,2026-07-29,2026,7,July,29,7,Wednesday,3,Non
2026072908,2026-07-29T08:00,2026-07-29,2026,7,July,29,8,Wednesday,3,Non
2026072909,2026-07-29T09:00,2026-07-29,2026,7,July,29,9,Wednesday,3,Non
2026072910,2026-07-29T10:00,2026-07-29,2026,7,July,29,10,Wednesday,3,Non
2026072911,2026-07-29T11:00,2026-07-29,2026,7,July,29,11,Wednesday,3,Non
2026072912,2026-07-29T12:00,2026-07-29,2026,7,July,29,12,Wednesday,3,Non
2026072913,2026-07-29T13:00,2026-07-29,2026,7,July,29,13,Wednesday,3,Non
2026072914,2026-07-29T14:00,2026-07-29,2026,7,July,29,14,Wednesday,3,Non
2026072915,2026-07-29T15:00,2026-07-29,2026,7,July,29,15,Wednesday,3,Non
2026072916,2026-07-29T16:00,2026-07-29,2026,7,July,29,16,Wednesday,3,Non
2026072917,2026-07-29T17:00,2026-07-29,2026,7,July,29,17,Wednesday,3,Non
2026072918,2026-07-29T18:00,2026-07-29,2026,7,July,29,18,Wednesday,3,Non
2026072919,2026-07-29T19:00,2026-07-29,2026,7,July,29,19,Wednesday,3,Non
2026072920,2026-07-29T20:00,2026-07-29,2026,7,July,29,20,Wednesday,3,Non
2026072921,2026-07-29T21:00,2026-07-29,2026,7,July,29,21,Wednesday,3,Non
2026072922,2026-07-29T22:00,2026-07-29,2026,7,July,29,22,Wednesday,3,Non
2026072923,2026-07-29T23:00,2026-07-29,2026,7,July,29,23,Wednesday,3,Non
2026073000,2026-07-30T00:00,2026-07-30,2026,7,July,30,0,Thursday,4,Non
2026073001,2026-07-30T01:00,2026-07-30,2026,7,July,30,1,Thursday,4,Non
2026073002,2026-07-30T02:00,2026-07-30,2026,7,July,30,2,Thursday,4,Non
2026073003,2026-07-30T03:00,2026-07-30,2026,7,July,30,3,Thursday,4,Non
2026073004,2026-07-30T04:00,2026-07-30,2026,7,July,30,4,Thursday,4,Non
2026073005,2026-07-30T05:00,2026-07-30,2026,7,July,30,5,Thursday,4,Non
2026073006,2026-07-30T06:00,2026-07-30,2026,7,July,30,6,Thursday,4,Non
2026073007,2026-07-30T07:00,2026-07-30,2026,7,July,30,7,Thursday,4,Non
2026073008,2026-07-30T08:00,2026-07-30,2026,7,July,30,8,Thursday,4,Non
2026073009,2026-07-30T09:00,2026-07-30,2026,7,July,30,9,Thursday,4,Non
2026073010,2026-07-30T10:00,2026-07-30,2026,7,July,30,10,Thursday,4,Non
2026073011,2026-07-30T11:00,2026-07-30,2026,7,July,30,11,Thursday,4,Non
2026073012,2026-07-30T12:00,2026-07-30,2026,7,July,30,12,Thursday,4,Non
2026073013,2026-07-30T13:00,2026-07-30,2026,7,July,30,13,Thursday,4,Non
2026073014,2026-07-30T14:00,2026-07-30,2026,7,July,30,14,Thursday,4,Non
2026073015,2026-07-30T15:00,2026-07-30,2026,7,July,30,15,Thursday,4,Non
2026073016,2026-07-30T16:00,2026-07-30,2026,7,July,30,16,Thursday,4,Non
2026073017,2026-07-30T17:00,2026-07-30,2026,7,July,30,17,Thursday,4,Non
2026073018,2026-07-30T18:00,2026-07-30,2026,7,July,30,18,Thursday,4,Non
2026073019,2026-07-30T19:00,2026-07-30,2026,7,July,30,19,Thursday,4,Non
2026073020,2026-07-30T20:00,2026-07-30,2026,7,July,30,20,Thursday,4,Non
2026073021,2026-07-30T21:00,2026-07-30,2026,7,July,30,21,Thursday,4,Non
2026073022,2026-07-30T22:00,2026-07-30,2026,7,July,30,22,Thursday,4,Non
2026073023,2026-07-30T23:00,2026-07-30,2026,7,July,30,23,Thursday,4,Non
2026073100,2026-07-31T00:00,2026-07-31,2026,7,July,31,0,Friday,5,Non
2026073101,2026-07-31T01:00,2026-07-31,2026,7,July,31,1,Friday,5,Non
2026073102,2026-07-31T02:00,2026-07-31,2026,7,July,31,2,Friday,5,Non
2026073103,2026-07-31T03:00,2026-07-31,2026,7,July,31,3,Friday,5,Non
2026073104,2026-07-31T04:00,2026-07-31,2026,7,July,31,4,Friday,5,Non
2026073105,2026-07-31T05:00,2026-07-31,2026,7,July,31,5,Friday,5,Non
2026073106,2026-07-31T06:00,2026-07-31,2026,7,July,31,6,Friday,5,Non
2026073107,2026-07-31T07:00,2026-07-31,2026,7,July,31,7,Friday,5,Non
2026073108,2026-07-31T08:00,2026-07-31,2026,7,July,31,8,Friday,5,Non
2026073109,2026-07-31T09:00,2026-07-31,2026,7,July,31,9,Friday,5,Non
2026073110,2026-07-31T10:00,2026-07-31,2026,7,July,31,10,Friday,5,Non
2026073111,2026-07-31T11:00,2026-07-31,2026,7,July,31,11,Friday,5,Non
2026073112,2026-07-31T12:00,2026-07-31,2026,7,July,31,12,Friday,5,Non
2026073113,2026-07-31T13:00,2026-07-31,2026,7,July,31,13,Friday,5,Non
2026073114,2026-07-31T14:00,2026-07-31,2026,7,July,31,14,Friday,5,Non
2026073115,2026-07-31T15:00,2026-07-31,2026,7,July,31,15,Friday,5,Non
2026073116,2026-07-31T16:00,2026-07-31,2026,7,July,31,16,Friday,5,Non
