temps_key,ville_key,aqi,pm10,pm2_5,co,no2
2026050100,Antananarivo,20,1.1,1.1,116.0,1.3
2026050100,Dakar,32,22.9,10.4,142.0,1.6
2026050100,New_York,26,13.3,12.2,204.0,14.7
2026050100,Paris,35,7.5,5.8,174.0,10.2
2026050100,Tokyo,43,27.7,24.5,261.0,37.8
2026050101,Antananarivo,20,1.0,1.0,111.0,1.3
2026050101,Dakar,32,25.1,10.9,135.0,1.5
2026050101,New_York,27,11.0,10.3,184.0,12.7
2026050101,Paris,34,7.0,5.4,169.0,9.5
2026050101,Tokyo,44,25.2,21.8,248.0,32.5
2026050102,Antananarivo,19,1.0,0.9,105.0,1.4
2026050102,Dakar,31,27.1,11.3,127.0,1.5
2026050102,New_York,27,8.7,8.2,169.0,11.3
2026050102,Paris,34,6.7,5.6,167.0,7.2
2026050102,Tokyo,44,23.4,20.3,239.0,29.0
2026050103,Antananarivo,20,0.7,0.7,102.0,1.2
2026050103,Dakar,31,28.8,11.8,121.0,1.4
2026050103,New_York,28,6.8,6.4,162.0,10.2
2026050103,Paris,32,7.3,5.6,168.0,6.8
2026050103,Tokyo,44,21.3,18.6,236.0,27.3
2026050104,Antananarivo,20,0.7,0.7,104.0,1.3
2026050104,Dakar,32,30.3,12.3,118.0,1.4
2026050104,New_York,28,5.5,5.2,161.0,9.7
2026050104,Paris,30,7.8,5.6,169.0,6.7
2026050104,Tokyo,45,18.9,16.3,241.0,27.2
2026050105,Antananarivo,20,0.7,0.7,109.0,1.4
2026050105,Dakar,32,31.7,12.5,118.0,1.4
2026050105,New_York,27,5.2,4.9,165.0,10.0
2026050105,Paris,28,8.3,5.6,172.0,7.2
2026050105,Tokyo,45,16.9,15.1,252.0,29.0
2026050106,Antananarivo,20,0.9,0.9,112.0,1.4
2026050106,Dakar,32,33.3,12.6,121.0,1.5
2026050106,New_York,26,5.6,5.3,180.0,11.7
2026050106,Paris,26,9.0,5.7,178.0,13.2
2026050106,Tokyo,45,17.9,16.6,264.0,33.0
2026050107,Antananarivo,22,1.0,1.0,112.0,1.2
2026050107,Dakar,33,36.3,13.0,130.0,1.6
2026050107,New_York,24,6.8,6.5,201.0,14.2
2026050107,Paris,21,10.0,6.7,186.0,21.2
2026050107,Tokyo,45,21.4,20.7,278.0,41.4
2026050108,Antananarivo,23,0.9,0.9,111.0,0.9
2026050108,Dakar,33,40.4,13.5,143.0,1.8
2026050108,New_York,24,6.3,6.1,215.0,15.1
2026050108,Paris,19,10.8,8.4,270.0,27.7
2026050108,Tokyo,45,25.1,24.9,294.0,52.1
2026050109,Antananarivo,24,0.9,0.9,110.0,0.6
2026050109,Dakar,34,45.6,14.3,150.0,1.8
2026050109,New_York,26,6.3,6.0,214.0,12.8
2026050109,Paris,18,11.8,8.4,269.0,24.5
2026050109,Tokyo,46,47.0,45.5,305.0,60.8
2026050110,Antananarivo,24,0.9,0.9,109.0,0.4
2026050110,Dakar,35,52.0,15.1,147.0,1.5
2026050110,New_York,30,4.7,4.4,205.0,9.6
2026050110,Paris,19,13.7,9.0,250.0,21.3
2026050110,Tokyo,50,42.4,40.9,307.0,64.9
2026050111,Antananarivo,24,1.3,1.1,107.0,0.4
2026050111,Dakar,36,59.0,15.8,138.0,1.0
2026050111,New_York,33,4.2,3.8,196.0,7.1
2026050111,Paris,20,15.2,10.2,248.0,17.6
2026050111,Tokyo,54,41.3,40.5,305.0,70.0
2026050112,Antananarivo,24,1.2,1.1,107.0,0.3
2026050112,Dakar,37,50.9,13.4,132.0,0.7
2026050112,New_York,36,4.6,4.2,188.0,5.8
2026050112,Paris,27,14.2,8.4,238.0,13.2
2026050112,Tokyo,58,37.7,37.4,310.0,70.0
2026050113,Antananarivo,24,1.4,1.2,109.0,0.2
2026050113,Dakar,37,57.0,14.6,131.0,0.7
2026050113,New_York,39,5.1,4.6,179.0,5.1
2026050113,Paris,32,14.2,8.8,212.0,9.7
2026050113,Tokyo,60,30.4,30.2,333.0,60.6
2026050114,Antananarivo,24,1.5,1.3,112.0,0.2
2026050114,Dakar,37,66.1,16.0,132.0,0.6
2026050114,New_York,42,5.3,4.7,175.0,5.4
2026050114,Paris,36,13.5,9.5,182.0,7.7
2026050114,Tokyo,61,15.8,15.6,362.0,46.0
2026050115,Antananarivo,24,1.7,1.5,115.0,0.4
2026050115,Dakar,36,77.8,18.0,135.0,0.7
2026050115,New_York,44,5.5,4.8,177.0,5.3
2026050115,Paris,40,12.5,9.2,177.0,7.1
2026050115,Tokyo,61,13.0,12.7,373.0,33.7
2026050116,Antananarivo,22,1.7,1.5,119.0,1.2
2026050116,Dakar,36,93.1,21.0,140.0,0.9
2026050116,New_York,45,6.0,5.3,183.0,6.2
2026050116,Paris,39,13.2,9.4,178.0,6.5
2026050116,Tokyo,61,14.2,13.6,349.0,26.0
2026050117,Antananarivo,20,2.1,1.9,124.0,2.3
2026050117,Dakar,37,110.1,25.0,146.0,1.2
2026050117,New_York,41,7.3,6.5,194.0,11.7
2026050117,Paris,38,13.3,9.6,189.0,9.0
2026050117,Tokyo,61,14.2,13.2,307.0,20.4
2026050118,Antananarivo,17,4.1,4.0,127.0,3.2
2026050118,Dakar,42,123.9,29.5,151.0,1.5
2026050118,New_York,34,9.5,8.8,216.0,25.5
2026050118,Paris,35,13.8,10.2,192.0,18.0
2026050118,Tokyo,60,10.2,9.5,278.0,16.8
2026050119,Antananarivo,15,5.6,5.5,129.0,3.7
2026050119,Dakar,51,129.0,32.9,155.0,1.7
2026050119,New_York,25,12.8,12.2,244.0,43.9
2026050119,Paris,34,13.2,10.5,210.0,25.5
2026050119,Tokyo,59,8.8,8.6,273.0,15.5
2026050120,Antananarivo,14,6.1,6.0,131.0,4.0
2026050120,Dakar,60,126.2,35.3,158.0,1.9
2026050120,New_York,27,16.2,15.9,262.0,57.8
2026050120,Paris,30,13.4,9.7,205.0,31.7
2026050120,Tokyo,55,9.1,8.8,280.0,16.1
2026050121,Antananarivo,12,6.5,6.3,129.0,4.2
2026050121,Dakar,62,123.4,37.1,158.0,2.0
2026050121,New_York,27,17.0,16.6,264.0,57.3
2026050121,Paris,27,14.0,10.4,227.0,42.4
2026050121,Tokyo,52,13.3,12.4,294.0,17.7
2026050122,Antananarivo,12,6.9,6.7,121.0,4.3
2026050122,Dakar,64,113.2,37.1,155.0,2.0
2026050122,New_York,26,16.7,16.2,258.0,56.2
2026050122,Paris,23,15.6,12.5,255.0,48.4
2026050122,Tokyo,48,14.8,14.5,322.0,20.0
2026050123,Antananarivo,12,7.0,6.9,109.0,4.3
2026050123,Dakar,65,100.8,35.6,150.0,1.8
2026050123,New_York,25,16.5,16.1,247.0,53.2
2026050123,Paris,25,16.4,13.2,276.0,52.6
2026050123,Tokyo,45,17.3,16.9,358.0,23.1
2026050200,Antananarivo,12,5.8,5.7,103.0,4.0
2026050200,Dakar,67,87.3,31.5,144.0,1.6
2026050200,New_York,23,16.5,16.1,232.0,46.3
2026050200,Paris,23,17.0,14.0,276.0,47.7
2026050200,Tokyo,43,15.8,15.5,376.0,24.8
2026050201,Antananarivo,14,4.2,4.1,107.0,3.3
2026050201,Dakar,68,76.1,29.5,137.0,1.5
2026050201,New_York,22,16.8,16.2,213.0,37.5
2026050201,Paris,20,17.7,14.5,279.0,40.1
2026050201,Tokyo,42,11.6,11.4,364.0,22.9
2026050202,Antananarivo,15,3.0,2.9,117.0,2.4
2026050202,Dakar,69,68.7,27.6,130.0,1.5
2026050202,New_York,24,17.2,16.5,199.0,30.9
2026050202,Paris,18,18.8,15.0,219.0,32.2
2026050202,Tokyo,40,9.3,9.1,334.0,19.5
2026050203,Antananarivo,17,2.1,2.0,124.0,1.7
2026050203,Dakar,69,65.2,26.3,125.0,1.4
2026050203,New_York,24,18.2,17.4,194.0,28.3
2026050203,Paris,19,19.2,14.9,224.0,24.2
2026050203,Tokyo,39,9.3,9.2,301.0,18.8
2026050204,Antananarivo,16,2.1,2.1,126.0,1.9
2026050204,Dakar,70,65.4,25.4,122.0,1.3
2026050204,New_York,22,19.4,18.6,195.0,27.9
2026050204,Paris,20,19.5,14.4,214.0,22.1
2026050204,Tokyo,38,10.2,10.1,256.0,24.2
2026050205,Antananarivo,16,2.1,2.0,126.0,2.1
2026050205,Dakar,71,68.0,25.1,120.0,1.2
2026050205,New_York,21,20.8,20.1,201.0,28.7
2026050205,Paris,21,19.7,14.2,207.0,19.6
2026050205,Tokyo,38,12.9,12.8,208.0,32.4
2026050206,Antananarivo,16,2.3,2.2,128.0,2.1
2026050206,Dakar,71,72.2,25.2,122.0,1.2
2026050206,New_York,21,21.7,21.1,219.0,31.9
2026050206,Paris,21,20.1,14.6,206.0,21.8
2026050206,Tokyo,38,19.7,19.7,199.0,37.0
2026050207,Antananarivo,17,2.8,2.7,134.0,1.8
2026050207,Dakar,72,77.3,25.6,131.0,1.2
2026050207,New_York,22,22.7,22.2,243.0,36.4
2026050207,Paris,22,20.1,14.3,245.0,29.3
2026050207,Tokyo,38,21.2,21.1,277.0,34.7
2026050208,Antananarivo,18,2.9,2.7,142.0,1.4
2026050208,Dakar,72,84.1,26.0,143.0,1.3
2026050208,New_York,24,19.0,18.6,255.0,24.5
2026050208,Paris,23,21.3,15.0,355.0,30.8
2026050208,Tokyo,38,15.6,15.5,395.0,29.0
2026050209,Antananarivo,20,3.1,2.9,146.0,1.0
2026050209,Dakar,73,87.8,26.0,150.0,1.3
2026050209,New_York,25,16.1,15.8,245.0,21.3
2026050209,Paris,23,19.1,14.5,350.0,24.5
2026050209,Tokyo,37,14.3,12.2,454.0,24.7
2026050210,Antananarivo,23,2.9,2.7,142.0,0.7
2026050210,Dakar,74,92.4,26.2,147.0,1.1
2026050210,New_York,26,12.2,11.6,224.0,16.8
2026050210,Paris,24,16.3,12.8,335.0,21.9
2026050210,Tokyo,41,13.9,11.6,392.0,21.5
2026050211,Antananarivo,26,2.6,2.3,134.0,0.5
2026050211,Dakar,75,101.3,27.3,139.0,0.7
2026050211,New_York,28,7.9,7.5,206.0,13.0
2026050211,Paris,26,15.7,10.7,271.0,16.9
2026050211,Tokyo,52,14.8,11.5,272.0,17.0
2026050212,Antananarivo,28,2.5,2.2,128.0,0.3
2026050212,Dakar,75,102.2,26.1,133.0,0.5
2026050212,New_York,31,6.5,6.1,197.0,10.5
2026050212,Paris,30,15.6,10.4,231.0,13.1
2026050212,Tokyo,60,17.4,12.6,186.0,13.7
2026050213,Antananarivo,29,2.4,2.1,124.0,0.2
2026050213,Dakar,76,119.7,29.5,132.0,0.5
2026050213,New_York,35,6.2,5.7,190.0,8.7
2026050213,Paris,36,16.0,10.0,202.0,9.0
2026050213,Tokyo,62,20.1,14.7,175.0,11.2
2026050214,Antananarivo,29,2.4,2.1,121.0,0.1
2026050214,Dakar,77,135.0,33.6,134.0,0.5
2026050214,New_York,38,6.3,5.7,186.0,7.5
2026050214,Paris,39,15.2,7.5,174.0,5.1
2026050214,Tokyo,63,21.8,16.1,198.0,9.9
2026050215,Antananarivo,28,0.4,0.3,122.0,0.4
2026050215,Dakar,78,143.4,37.5,137.0,0.6
2026050215,New_York,40,6.5,5.9,183.0,6.2
2026050215,Paris,42,14.7,6.7,168.0,4.6
2026050215,Tokyo,62,22.6,16.8,228.0,13.3
2026050216,Antananarivo,26,0.8,0.7,130.0,1.5
2026050216,Dakar,79,146.7,40.6,142.0,0.8
2026050216,New_York,42,6.7,6.1,182.0,5.4
2026050216,Paris,40,14.2,6.3,169.0,5.0
2026050216,Tokyo,57,24.0,18.3,254.0,24.6
2026050217,Antananarivo,23,2.4,2.2,143.0,2.9
2026050217,Dakar,80,143.9,42.3,148.0,1.1
2026050217,New_York,41,6.7,6.1,184.0,7.0
2026050217,Paris,40,13.0,6.5,165.0,4.8
2026050217,Tokyo,40,31.4,27.0,286.0,40.6
2026050218,Antananarivo,20,4.7,4.5,151.0,4.0
2026050218,Dakar,81,136.0,42.4,154.0,1.4
2026050218,New_York,36,6.5,5.9,192.0,13.0
2026050218,Paris,39,13.2,6.8,159.0,5.4
2026050218,Tokyo,30,37.5,33.6,327.0,55.2
2026050219,Antananarivo,17,5.8,5.5,151.0,4.2
2026050219,Dakar,81,123.4,40.6,159.0,1.6
2026050219,New_York,30,7.2,6.7,204.0,21.3
2026050219,Paris,36,10.4,6.7,167.0,8.8
2026050219,Tokyo,31,46.4,42.6,380.0,66.3
2026050220,Antananarivo,15,6.3,6.0,147.0,3.9
2026050220,Dakar,81,105.9,37.1,163.0,1.7
2026050220,New_York,26,13.8,12.9,213.0,26.6
2026050220,Paris,33,9.1,6.9,150.0,13.5
2026050220,Tokyo,34,53.3,48.8,441.0,75.9
2026050221,Antananarivo,14,6.8,6.4,143.0,3.9
2026050221,Dakar,81,91.0,33.2,164.0,1.8
2026050221,New_York,26,13.0,12.3,216.0,26.3
2026050221,Paris,32,8.6,6.7,162.0,17.1
2026050221,Tokyo,40,38.9,38.9,511.0,89.3
2026050222,Antananarivo,12,7.6,7.2,138.0,4.5
2026050222,Dakar,80,77.8,29.3,158.0,1.8
2026050222,New_York,26,11.7,11.0,215.0,25.6
2026050222,Paris,30,9.3,6.8,173.0,21.7
2026050222,Tokyo,38,37.5,36.4,603.0,82.5
2026050223,Antananarivo,11,8.6,8.1,133.0,5.4
2026050223,Dakar,80,67.3,26.0,149.0,1.7
2026050223,New_York,25,10.2,9.5,213.0,23.8
2026050223,Paris,25,9.2,7.4,188.0,26.0
2026050223,Tokyo,40,32.6,31.3,703.0,72.9
2026050300,Antananarivo,10,9.7,9.2,130.0,6.0
2026050300,Dakar,79,61.2,23.1,140.0,1.5
2026050300,New_York,25,8.7,8.2,209.0,19.7
2026050300,Paris,23,10.3,8.4,200.0,24.5
2026050300,Tokyo,43,29.3,28.3,763.0,64.6
2026050301,Antananarivo,10,11.3,10.8,129.0,6.2
2026050301,Dakar,79,57.3,21.0,133.0,1.4
2026050301,New_York,24,7.5,7.2,203.0,14.5
2026050301,Paris,24,11.2,8.4,190.0,22.6
2026050301,Tokyo,45,27.8,27.1,762.0,58.9
2026050302,Antananarivo,9,12.2,11.8,130.0,6.1
2026050302,Dakar,78,59.0,20.3,127.0,1.3
2026050302,New_York,25,6.5,6.3,197.0,10.4
2026050302,Paris,24,11.4,7.8,154.0,15.6
2026050302,Tokyo,48,25.5,25.0,722.0,54.3
2026050303,Antananarivo,8,13.4,13.1,134.0,7.9
2026050303,Dakar,78,63.1,20.5,122.0,1.2
2026050303,New_York,26,5.7,5.6,190.0,8.6
2026050303,Paris,24,10.1,7.9,152.0,12.5
2026050303,Tokyo,50,23.4,22.8,663.0,50.8
2026050304,Antananarivo,9,11.7,11.4,143.0,6.8
2026050304,Dakar,78,69.2,21.4,119.0,1.1
2026050304,New_York,26,5.4,5.2,182.0,7.9
2026050304,Paris,24,9.8,7.5,150.0,9.5
2026050304,Tokyo,52,23.4,22.6,574.0,48.6
2026050305,Antananarivo,10,8.8,8.6,155.0,5.3
2026050305,Dakar,78,76.1,22.5,118.0,1.0
2026050305,New_York,27,5.4,5.2,178.0,7.8
2026050305,Paris,25,9.0,6.7,150.0,9.4
2026050305,Tokyo,55,25.3,24.1,466.0,47.3
2026050306,Antananarivo,13,7.0,6.9,164.0,3.9
2026050306,Dakar,78,83.1,23.5,121.0,1.0
2026050306,New_York,27,5.8,5.5,181.0,8.4
2026050306,Paris,24,8.1,6.2,150.0,9.8
2026050306,Tokyo,56,28.5,26.4,398.0,45.8
2026050307,Antananarivo,18,6.8,6.8,166.0,2.6
2026050307,Dakar,78,89.6,24.4,133.0,1.4
2026050307,New_York,27,6.8,6.4,187.0,9.5
2026050307,Paris,22,7.4,6.0,172.0,11.7
2026050307,Tokyo,58,33.8,31.1,411.0,43.0
2026050308,Antananarivo,24,3.7,3.6,165.0,1.5
2026050308,Dakar,79,94.8,25.2,150.0,1.9
2026050308,New_York,27,8.0,7.3,189.0,11.5
2026050308,Paris,20,6.9,6.2,240.0,14.0
2026050308,Tokyo,59,32.1,27.4,464.0,40.0
2026050309,Antananarivo,28,2.9,2.8,162.0,0.6
2026050309,Dakar,79,98.5,26.2,160.0,2.2
2026050309,New_York,29,8.5,7.7,183.0,9.7
2026050309,Paris,21,6.3,5.8,255.0,14.9
2026050309,Tokyo,60,35.4,30.0,491.0,44.3
2026050310,Antananarivo,30,2.2,2.0,156.0,0.3
2026050310,Dakar,79,100.1,26.8,156.0,1.8
2026050310,New_York,31,7.9,6.8,173.0,7.2
2026050310,Paris,23,5.6,5.3,234.0,13.0
2026050310,Tokyo,61,34.6,28.1,457.0,44.1
2026050311,Antananarivo,30,1.8,1.6,147.0,0.3
2026050311,Dakar,79,100.1,26.5,144.0,1.2
2026050311,New_York,33,6.3,5.4,165.0,5.2
2026050311,Paris,25,5.4,4.8,205.0,10.3
2026050311,Tokyo,61,36.7,29.1,397.0,43.6
2026050312,Antananarivo,30,1.7,1.4,139.0,0.3
2026050312,Dakar,79,115.0,29.5,136.0,0.8
2026050312,New_York,35,4.2,3.7,162.0,4.3
2026050312,Paris,27,5.2,4.3,199.0,8.6
2026050312,Tokyo,62,35.3,28.3,355.0,41.0
2026050313,Antananarivo,30,1.7,1.4,130.0,0.2
2026050313,Dakar,79,120.1,30.7,135.0,0.7
2026050313,New_York,37,3.8,3.3,162.0,3.9
2026050313,Paris,28,5.8,4.1,192.0,7.1
2026050313,Tokyo,62,26.3,22.4,353.0,34.4
2026050314,Antananarivo,29,1.9,1.5,120.0,0.1
2026050314,Dakar,79,130.4,33.3,137.0,0.7
2026050314,New_York,38,4.0,3.5,162.0,3.8
2026050314,Paris,32,6.0,4.0,170.0,6.0
2026050314,Tokyo,63,20.4,18.0,368.0,25.7
2026050315,Antananarivo,28,1.5,1.4,116.0,0.4
2026050315,Dakar,79,143.4,36.9,141.0,0.8
2026050315,New_York,39,4.1,3.6,159.0,3.4
2026050315,Paris,32,4.7,3.5,168.0,5.8
2026050315,Tokyo,63,17.1,14.8,373.0,19.0
2026050316,Antananarivo,26,1.7,1.5,120.0,1.0
2026050316,Dakar,79,155.1,40.7,144.0,1.2
2026050316,New_York,39,3.9,3.5,157.0,3.3
2026050316,Paris,32,4.1,2.8,170.0,4.6
2026050316,Tokyo,63,14.4,11.9,355.0,16.2
2026050317,Antananarivo,23,2.4,2.2,128.0,2.0
2026050317,Dakar,79,162.5,44.1,147.0,1.7
2026050317,New_York,38,3.5,3.4,160.0,4.8
2026050317,Paris,32,3.8,2.6,172.0,5.6
2026050317,Tokyo,63,12.8,10.8,326.0,15.4
2026050318,Antananarivo,21,3.8,3.6,137.0,2.8
2026050318,Dakar,80,166.7,46.7,158.0,2.4
2026050318,New_York,36,3.3,3.2,173.0,8.8
2026050318,Paris,30,3.5,2.7,177.0,6.8
2026050318,Tokyo,62,10.0,8.4,300.0,14.7
2026050319,Antananarivo,18,5.0,4.8,146.0,3.5
2026050319,Dakar,80,171.4,48.3,181.0,3.5
2026050319,New_York,34,3.8,3.6,191.0,14.5
2026050319,Paris,30,4.0,3.2,185.0,9.3
2026050319,Tokyo,61,8.8,7.3,279.0,13.6
2026050320,Antananarivo,16,6.4,6.2,155.0,4.2
2026050320,Dakar,81,168.6,47.8,211.0,4.7
2026050320,New_York,28,9.4,8.2,208.0,26.8
2026050320,Paris,29,4.8,3.2,175.0,16.5
2026050320,Tokyo,60,9.3,7.8,261.0,12.7
2026050321,Antananarivo,15,7.7,7.5,160.0,4.5
2026050321,Dakar,82,164.8,46.8,235.0,5.7
2026050321,New_York,25,10.9,10.0,223.0,30.7
2026050321,Paris,28,4.5,3.2,151.0,17.0
2026050321,Tokyo,53,10.7,9.3,249.0,14.3
2026050322,Antananarivo,14,8.1,7.8,160.0,4.4
2026050322,Dakar,83,157.9,44.9,253.0,6.3
2026050322,New_York,22,11.7,10.9,236.0,35.7
2026050322,Paris,27,5.3,3.5,169.0,19.4
2026050322,Tokyo,48,11.5,10.1,248.0,12.7
2026050323,Antananarivo,14,7.3,7.0,156.0,3.9
2026050323,Dakar,85,149.5,42.6,264.0,6.7
2026050323,New_York,20,11.8,11.0,240.0,37.3
2026050323,Paris,21,6.0,4.6,204.0,22.1
2026050323,Tokyo,51,11.4,10.0,253.0,10.4
2026050400,Antananarivo,15,6.1,5.7,151.0,3.4
2026050400,Dakar,86,158.3,46.6,258.0,6.4
2026050400,New_York,21,10.9,10.1,227.0,31.9
2026050400,Paris,18,7.2,5.6,202.0,21.5
2026050400,Tokyo,55,10.0,8.7,253.0,8.6
2026050401,Antananarivo,17,5.3,5.0,144.0,2.8
2026050401,Dakar,88,143.0,42.8,219.0,5.5
2026050401,New_York,24,9.4,8.8,204.0,23.0
2026050401,Paris,16,7.8,6.1,198.0,23.4
2026050401,Tokyo,53,8.1,6.9,242.0,7.6
2026050402,Antananarivo,18,4.8,4.5,136.0,2.1
2026050402,Dakar,89,131.8,39.8,163.0,4.3
2026050402,New_York,26,8.3,7.7,188.0,16.6
2026050402,Paris,15,8.5,7.6,195.0,21.8
2026050402,Tokyo,49,6.2,5.2,227.0,7.1
2026050403,Antananarivo,21,3.8,3.6,132.0,1.5
2026050403,Dakar,90,125.3,37.8,121.0,3.4
2026050403,New_York,26,8.1,7.5,184.0,15.2
2026050403,Paris,15,9.4,7.8,178.0,17.1
2026050403,Tokyo,43,4.3,3.5,214.0,7.0
2026050404,Antananarivo,21,3.3,3.1,135.0,1.6
2026050404,Dakar,91,119.7,36.0,109.0,3.0
2026050404,New_York,25,8.3,7.8,186.0,16.2
2026050404,Paris,13,9.8,7.6,179.0,16.8
2026050404,Tokyo,38,3.5,2.7,203.0,7.2
2026050405,Antananarivo,21,2.9,2.7,143.0,1.8
2026050405,Dakar,92,113.2,33.6,111.0,2.8
2026050405,New_York,24,8.9,8.3,193.0,18.0
2026050405,Paris,11,10.5,7.7,178.0,19.9
2026050405,Tokyo,32,2.4,1.9,194.0,7.9
2026050406,Antananarivo,22,3.2,3.1,149.0,1.8
2026050406,Dakar,93,106.6,31.1,120.0,2.7
2026050406,New_York,22,9.5,9.0,207.0,21.0
2026050406,Paris,14,11.0,8.9,187.0,28.1
2026050406,Tokyo,30,2.4,2.1,199.0,9.2
2026050407,Antananarivo,24,3.7,3.6,154.0,1.5
2026050407,Dakar,93,106.4,29.8,137.0,2.7
2026050407,New_York,20,10.2,9.7,226.0,24.6
2026050407,Paris,21,12.9,9.9,243.0,42.4
2026050407,Tokyo,28,4.7,4.5,229.0,12.2
2026050408,Antananarivo,27,4.5,4.3,159.0,1.0
2026050408,Dakar,93,109.0,29.2,159.0,2.9
2026050408,New_York,22,7.4,7.3,235.0,23.6
2026050408,Paris,24,18.0,13.1,420.0,50.3
2026050408,Tokyo,27,9.2,9.0,272.0,15.9
2026050409,Antananarivo,30,5.2,4.6,158.0,0.6
2026050409,Dakar,94,110.4,29.2,171.0,2.8
2026050409,New_York,27,8.8,8.7,226.0,20.8
2026050409,Paris,23,18.6,12.6,503.0,47.9
2026050409,Tokyo,26,6.6,6.5,302.0,14.9
2026050410,Antananarivo,30,4.7,4.0,149.0,0.4
2026050410,Dakar,94,112.7,29.5,163.0,2.4
2026050410,New_York,34,10.8,10.4,206.0,16.8
2026050410,Paris,24,17.7,11.7,438.0,50.5
2026050410,Tokyo,35,10.1,9.4,306.0,12.9
2026050411,Antananarivo,30,4.0,3.4,134.0,0.3
2026050411,Dakar,94,115.7,30.0,144.0,1.8
2026050411,New_York,40,11.5,10.6,190.0,13.1
2026050411,Paris,17,16.4,10.9,346.0,34.4
2026050411,Tokyo,51,13.3,11.7,298.0,10.1
2026050412,Antananarivo,29,3.6,2.9,123.0,0.3
2026050412,Dakar,94,159.7,38.3,131.0,1.1
2026050412,New_York,47,10.3,9.2,180.0,9.9
2026050412,Paris,22,11.2,9.0,277.0,26.3
2026050412,Tokyo,61,14.9,13.0,293.0,8.4
2026050413,Antananarivo,29,3.2,2.6,118.0,0.2
2026050413,Dakar,95,159.7,38.3,130.0,1.1
2026050413,New_York,55,9.5,8.5,173.0,7.0
2026050413,Paris,24,8.4,7.0,267.0,19.7
2026050413,Tokyo,63,15.0,13.4,294.0,7.8
2026050414,Antananarivo,29,3.0,2.5,116.0,0.1
2026050414,Dakar,96,155.1,37.8,133.0,1.0
2026050414,New_York,59,8.8,7.9,170.0,5.3
2026050414,Paris,28,7.1,5.9,236.0,15.9
2026050414,Tokyo,64,15.0,13.5,298.0,8.1
2026050415,Antananarivo,28,1.8,1.3,117.0,0.3
2026050415,Dakar,96,156.9,38.0,139.0,1.1
2026050415,New_York,61,8.6,7.8,172.0,4.8
2026050415,Paris,28,6.7,5.6,228.0,16.1
2026050415,Tokyo,64,14.9,13.6,315.0,11.1
2026050416,Antananarivo,26,2.2,1.7,123.0,0.8
2026050416,Dakar,96,158.3,37.8,147.0,1.3
2026050416,New_York,61,8.6,7.9,178.0,5.5
2026050416,Paris,27,6.7,5.4,234.0,16.5
2026050416,Tokyo,61,15.1,14.3,361.0,19.2
2026050417,Antananarivo,24,2.9,2.4,132.0,1.4
2026050417,Dakar,96,155.1,37.1,156.0,1.6
2026050417,New_York,60,9.0,8.2,189.0,8.6
2026050417,Paris,27,6.6,5.5,256.0,21.9
2026050417,Tokyo,53,17.0,16.4,420.0,29.8
2026050418,Antananarivo,22,4.0,3.6,138.0,2.0
2026050418,Dakar,96,155.1,36.8,163.0,2.2
2026050418,New_York,54,10.7,9.9,211.0,16.6
2026050418,Paris,27,9.1,6.8,286.0,32.8
2026050418,Tokyo,42,23.4,23.1,446.0,36.9
2026050419,Antananarivo,20,4.9,4.5,139.0,2.4
2026050419,Dakar,96,150.4,36.1,164.0,3.5
2026050419,New_York,45,12.3,11.7,237.0,27.1
2026050419,Paris,24,12.7,9.8,283.0,37.9
2026050419,Tokyo,37,38.4,38.2,413.0,37.7
2026050420,Antananarivo,17,5.7,5.3,137.0,2.6
2026050420,Dakar,96,144.4,35.3,162.0,5.0
2026050420,New_York,40,12.5,12.0,252.0,30.5
2026050420,Paris,22,12.1,9.8,247.0,39.3
2026050420,Tokyo,35,26.7,26.4,347.0,35.0
2026050421,Antananarivo,16,6.1,5.7,134.0,2.7
2026050421,Dakar,95,134.6,33.8,160.0,6.1
2026050421,New_York,40,11.4,11.2,244.0,28.2
2026050421,Paris,23,12.8,9.3,253.0,48.5
2026050421,Tokyo,35,20.3,19.4,289.0,28.0
2026050422,Antananarivo,16,5.7,5.3,132.0,2.5
2026050422,Dakar,95,127.1,32.2,161.0,6.3
2026050422,New_York,39,11.0,10.8,224.0,25.0
2026050422,Paris,23,12.0,8.4,285.0,47.0
2026050422,Tokyo,36,12.8,12.5,250.0,23.2
2026050423,Antananarivo,17,4.7,4.5,129.0,2.1
2026050423,Dakar,94,124.3,31.2,161.0,5.9
2026050423,New_York,39,11.0,10.8,207.0,21.8
2026050423,Paris,22,12.1,10.0,275.0,44.8
2026050423,Tokyo,38,7.8,7.7,218.0,16.6
2026050500,Antananarivo,18,3.6,3.4,126.0,1.8
2026050500,Dakar,94,133.2,35.3,157.0,3.3
2026050500,New_York,40,11.1,10.9,200.0,18.7
2026050500,Paris,19,14.3,12.1,250.0,38.4
2026050500,Tokyo,39,4.4,4.3,193.0,11.5
2026050501,Antananarivo,18,2.7,2.5,122.0,1.5
2026050501,Dakar,93,127.1,34.9,144.0,2.8
2026050501,New_York,41,11.1,10.9,197.0,15.8
2026050501,Paris,17,14.4,12.2,235.0,30.8
2026050501,Tokyo,39,2.5,2.5,177.0,9.1
2026050502,Antananarivo,19,2.3,2.1,117.0,1.3
2026050502,Dakar,93,122.5,35.3,126.0,2.1
2026050502,New_York,41,10.7,10.5,195.0,13.8
2026050502,Paris,18,14.7,12.6,235.0,25.6
2026050502,Tokyo,38,2.0,1.9,169.0,8.2
2026050503,Antananarivo,18,2.7,2.5,115.0,1.4
2026050503,Dakar,93,119.2,35.9,113.0,1.6
2026050503,New_York,40,10.4,10.2,190.0,13.1
2026050503,Paris,18,15.3,12.9,216.0,23.9
2026050503,Tokyo,38,2.1,2.0,166.0,8.2
2026050504,Antananarivo,18,2.3,2.2,119.0,1.4
2026050504,Dakar,93,115.5,36.2,106.0,1.4
2026050504,New_York,38,10.1,9.9,185.0,13.4
2026050504,Paris,19,15.0,12.5,200.0,19.4
2026050504,Tokyo,36,2.8,2.7,172.0,9.4
2026050505,Antananarivo,18,2.1,2.0,126.0,1.5
2026050505,Dakar,93,112.5,36.3,105.0,1.4
2026050505,New_York,36,9.9,9.7,187.0,14.8
2026050505,Paris,19,14.8,10.7,191.0,16.4
2026050505,Tokyo,35,4.0,3.8,183.0,11.6
2026050506,Antananarivo,19,2.2,2.1,131.0,1.4
2026050506,Dakar,93,110.1,36.2,111.0,1.5
2026050506,New_York,34,9.7,9.6,201.0,18.3
2026050506,Paris,19,15.8,10.9,182.0,18.8
2026050506,Tokyo,34,6.4,6.1,192.0,13.3
2026050507,Antananarivo,20,2.5,2.3,130.0,1.2
2026050507,Dakar,93,110.1,36.0,134.0,1.9
2026050507,New_York,30,9.5,9.4,221.0,22.8
2026050507,Paris,20,15.5,12.8,183.0,22.9
2026050507,Tokyo,34,10.2,9.9,195.0,14.1
2026050508,Antananarivo,21,2.6,2.4,127.0,0.9
2026050508,Dakar,93,112.0,35.5,164.0,2.4
2026050508,New_York,30,12.1,11.7,234.0,25.0
2026050508,Paris,20,17.3,12.8,250.0,26.3
2026050508,Tokyo,35,10.9,10.4,196.0,14.5
2026050509,Antananarivo,22,3.2,2.8,123.0,0.7
2026050509,Dakar,93,116.2,35.2,184.0,2.6
2026050509,New_York,34,11.6,11.3,233.0,23.7
2026050509,Paris,20,14.3,10.3,240.0,25.9
2026050509,Tokyo,36,7.8,7.7,195.0,14.7
2026050510,Antananarivo,23,2.9,2.4,118.0,0.5
2026050510,Dakar,93,121.1,34.7,181.0,2.2
2026050510,New_York,38,11.0,10.7,226.0,21.8
2026050510,Paris,20,13.6,9.3,234.0,23.0
2026050510,Tokyo,38,7.4,7.3,189.0,14.1
2026050511,Antananarivo,25,2.8,2.3,111.0,0.4
2026050511,Dakar,93,125.3,33.8,167.0,1.6
2026050511,New_York,46,10.7,10.3,219.0,19.4
2026050511,Paris,19,13.3,9.7,230.0,19.6
2026050511,Tokyo,43,7.9,7.9,182.0,13.5
2026050512,Antananarivo,26,2.8,2.3,107.0,0.3
2026050512,Dakar,93,109.4,31.9,156.0,1.6
2026050512,New_York,57,10.9,10.3,214.0,16.0
2026050512,Paris,20,11.4,9.3,214.0,17.0
2026050512,Tokyo,46,8.8,8.7,178.0,13.6
2026050513,Antananarivo,26,2.8,2.3,106.0,0.2
2026050513,Dakar,93,113.9,32.6,152.0,1.7
2026050513,New_York,62,10.7,9.9,210.0,12.0
2026050513,Paris,22,11.1,8.2,217.0,17.5
2026050513,Tokyo,48,9.7,9.5,179.0,15.2
2026050514,Antananarivo,26,2.9,2.3,107.0,0.2
2026050514,Dakar,92,115.7,35.4,150.0,1.9
2026050514,New_York,64,10.2,9.5,207.0,9.6
2026050514,Paris,25,10.8,8.3,221.0,18.8
2026050514,Tokyo,48,10.4,10.2,184.0,17.5
2026050515,Antananarivo,25,1.7,1.6,111.0,0.5
2026050515,Dakar,91,127.6,35.9,150.0,2.1
2026050515,New_York,64,10.0,9.5,203.0,9.6
2026050515,Paris,26,9.3,8.5,237.0,20.0
2026050515,Tokyo,47,10.5,10.4,197.0,20.0
2026050516,Antananarivo,24,2.3,2.1,119.0,1.1
2026050516,Dakar,91,134.6,33.6,155.0,2.3
2026050516,New_York,63,9.8,9.3,200.0,11.0
2026050516,Paris,25,7.9,7.1,256.0,26.0
2026050516,Tokyo,44,10.1,9.9,226.0,22.6
2026050517,Antananarivo,21,3.2,3.0,130.0,1.8
2026050517,Dakar,90,141.6,31.5,163.0,2.4
2026050517,New_York,62,9.7,9.3,203.0,13.0
2026050517,Paris,21,9.1,8.2,260.0,27.6
2026050517,Tokyo,39,9.0,8.7,262.0,25.3
2026050518,Antananarivo,19,4.4,4.2,138.0,2.5
2026050518,Dakar,90,141.1,28.8,165.0,2.6
2026050518,New_York,61,9.9,9.6,222.0,16.0
2026050518,Paris,21,11.7,9.6,255.0,30.0
2026050518,Tokyo,37,10.8,9.9,284.0,27.1
2026050519,Antananarivo,18,5.3,5.0,141.0,2.9
2026050519,Dakar,90,134.6,26.1,157.0,2.9
2026050519,New_York,60,10.6,10.4,248.0,19.5
2026050519,Paris,21,15.7,10.0,264.0,32.1
2026050519,Tokyo,35,11.4,10.1,277.0,27.3
2026050520,Antananarivo,16,6.1,5.8,141.0,3.1
2026050520,Dakar,90,124.3,24.0,144.0,3.3
2026050520,New_York,58,10.2,10.2,258.0,20.1
2026050520,Paris,20,15.2,9.9,238.0,34.6
2026050520,Tokyo,34,12.0,10.7,256.0,26.6
2026050521,Antananarivo,15,7.0,6.7,138.0,3.3
2026050521,Dakar,89,113.9,23.1,134.0,3.4
2026050521,New_York,55,9.2,9.2,239.0,18.4
2026050521,Paris,20,9.9,8.9,227.0,36.1
2026050521,Tokyo,35,14.3,13.3,244.0,26.8
2026050522,Antananarivo,14,8.0,7.7,129.0,3.5
2026050522,Dakar,89,106.2,23.4,132.0,3.2
2026050522,New_York,52,8.1,8.1,204.0,16.1
2026050522,Paris,20,8.6,7.8,219.0,30.7
2026050522,Tokyo,35,14.0,12.9,253.0,25.2
2026050523,Antananarivo,14,8.7,8.4,118.0,3.7
2026050523,Dakar,89,98.5,24.0,132.0,2.7
2026050523,New_York,49,6.9,6.8,177.0,13.9
2026050523,Paris,22,8.3,7.9,205.0,22.9
2026050523,Tokyo,35,13.2,11.8,270.0,23.0
2026050600,Antananarivo,14,8.0,7.7,111.0,3.6
2026050600,Dakar,88,88.0,23.3,130.0,2.1
2026050600,New_York,47,5.6,5.6,166.0,12.0
2026050600,Paris,26,10.4,9.8,204.0,17.4
2026050600,Tokyo,35,12.1,10.6,283.0,21.2
2026050601,Antananarivo,16,5.3,5.0,114.0,3.0
2026050601,Dakar,87,83.4,23.6,121.0,1.9
2026050601,New_York,46,4.9,4.8,162.0,10.3
2026050601,Paris,25,13.5,10.8,204.0,14.1
2026050601,Tokyo,35,11.7,10.2,282.0,19.9
2026050602,Antananarivo,18,4.8,4.6,122.0,2.1
2026050602,Dakar,87,81.0,23.7,109.0,1.6
2026050602,New_York,44,4.6,4.5,160.0,9.1
2026050602,Paris,26,15.6,14.0,186.0,11.6
2026050602,Tokyo,35,11.3,9.7,276.0,19.1
2026050603,Antananarivo,19,5.4,5.2,130.0,1.9
2026050603,Dakar,86,82.0,23.7,100.0,1.4
2026050603,New_York,42,4.6,4.5,156.0,8.3
2026050603,Paris,26,16.4,14.5,176.0,11.5
2026050603,Tokyo,34,10.8,9.3,280.0,19.3
2026050604,Antananarivo,19,5.3,5.1,136.0,2.0
2026050604,Dakar,85,82.0,23.2,96.0,1.3
2026050604,New_York,41,4.5,4.5,154.0,8.1
2026050604,Paris,28,15.8,13.8,172.0,10.1
2026050604,Tokyo,32,10.7,9.0,306.0,21.7
2026050605,Antananarivo,19,5.4,5.1,141.0,2.1
2026050605,Dakar,85,82.0,22.4,96.0,1.3
2026050605,New_York,39,4.5,4.4,155.0,9.2
2026050605,Paris,28,14.7,12.4,169.0,9.1
2026050605,Tokyo,30,11.3,9.5,342.0,25.1
2026050606,Antananarivo,20,5.1,4.9,146.0,2.0
2026050606,Dakar,84,82.0,21.7,100.0,1.5
2026050606,New_York,36,4.5,4.4,162.0,12.7
2026050606,Paris,27,14.3,12.6,171.0,10.6
2026050606,Tokyo,29,14.5,12.5,361.0,27.0
2026050607,Antananarivo,22,4.8,4.5,152.0,1.6
2026050607,Dakar,84,82.0,21.1,114.0,2.1
2026050607,New_York,34,4.6,4.5,172.0,17.5
2026050607,Paris,23,14.1,12.7,185.0,15.0
2026050607,Tokyo,31,20.9,18.8,350.0,25.9
2026050608,Antananarivo,24,4.6,4.2,156.0,1.0
2026050608,Dakar,83,81.5,20.8,133.0,2.8
2026050608,New_York,33,3.9,3.9,178.0,18.2
2026050608,Paris,21,15.3,13.9,250.0,21.7
2026050608,Tokyo,34,20.4,17.5,324.0,23.3
2026050609,Antananarivo,27,4.5,4.0,156.0,0.5
2026050609,Dakar,83,79.2,20.8,144.0,3.1
2026050609,New_York,35,4.3,4.2,175.0,17.2
2026050609,Paris,22,14.2,11.8,228.0,23.9
2026050609,Tokyo,30,23.7,20.6,296.0,34.1
2026050610,Antananarivo,28,4.1,3.6,146.0,0.3
2026050610,Dakar,82,74.7,20.7,140.0,2.6
2026050610,New_York,37,4.5,4.4,167.0,15.9
2026050610,Paris,26,12.5,10.0,208.0,23.2
2026050610,Tokyo,34,20.0,16.1,270.0,28.2
2026050611,Antananarivo,29,3.8,3.2,131.0,0.3
2026050611,Dakar,81,68.7,20.0,129.0,1.6
2026050611,New_York,39,4.7,4.6,162.0,15.4
2026050611,Paris,29,10.2,8.4,193.0,18.0
2026050611,Tokyo,39,16.1,12.7,243.0,20.2
2026050612,Antananarivo,29,3.5,2.9,119.0,0.3
2026050612,Dakar,80,47.1,16.2,120.0,0.9
2026050612,New_York,39,5.0,4.8,163.0,16.4
2026050612,Paris,32,9.6,7.5,186.0,13.1
2026050612,Tokyo,44,17.1,13.3,224.0,14.5
2026050613,Antananarivo,30,3.3,2.7,113.0,0.2
2026050613,Dakar,79,45.1,16.3,118.0,0.8
2026050613,New_York,40,6.4,6.1,167.0,18.2
2026050613,Paris,32,9.7,6.9,188.0,13.1
2026050613,Tokyo,45,17.8,13.5,217.0,12.9
2026050614,Antananarivo,29,3.2,2.6,110.0,0.1
2026050614,Dakar,78,48.9,17.0,118.0,0.7
2026050614,New_York,40,6.9,6.6,172.0,19.3
2026050614,Paris,34,9.8,6.1,184.0,11.3
2026050614,Tokyo,43,16.5,12.4,218.0,13.7
2026050615,Antananarivo,28,1.1,1.1,111.0,0.4
2026050615,Dakar,77,55.4,18.0,120.0,0.7
2026050615,New_York,41,6.7,6.5,175.0,18.5
2026050615,Paris,35,10.1,5.9,185.0,10.4
2026050615,Tokyo,41,16.9,12.8,226.0,16.1
2026050616,Antananarivo,26,1.5,1.4,119.0,1.2
2026050616,Dakar,76,60.1,19.0,125.0,1.0
2026050616,New_York,43,6.7,6.4,178.0,16.9
2026050616,Paris,35,9.4,6.3,186.0,10.5
2026050616,Tokyo,38,18.5,14.2,243.0,20.7
2026050617,Antananarivo,23,2.5,2.4,132.0,2.3
2026050617,Dakar,75,61.2,19.5,132.0,1.3
2026050617,New_York,43,7.6,7.3,187.0,17.1
2026050617,Paris,34,9.8,6.5,189.0,12.3
2026050617,Tokyo,34,20.3,16.1,267.0,27.0
2026050618,Antananarivo,21,4.2,4.1,140.0,3.1
2026050618,Dakar,73,60.5,19.8,137.0,1.7
2026050618,New_York,41,9.1,8.9,208.0,21.0
2026050618,Paris,32,10.6,6.3,195.0,15.3
2026050618,Tokyo,30,21.3,17.5,290.0,32.3
2026050619,Antananarivo,19,4.5,4.4,141.0,3.4
2026050619,Dakar,72,59.0,19.7,140.0,2.0
2026050619,New_York,38,10.6,10.4,234.0,26.6
2026050619,Paris,30,12.1,7.6,200.0,19.1
2026050619,Tokyo,28,21.8,18.3,307.0,35.4
2026050620,Antananarivo,18,5.2,5.0,139.0,3.4
2026050620,Dakar,71,56.7,19.3,143.0,2.2
2026050620,New_York,33,9.9,9.7,252.0,27.8
2026050620,Paris,30,11.1,7.6,190.0,22.9
2026050620,Tokyo,27,22.5,19.2,322.0,37.6
2026050621,Antananarivo,16,6.1,5.9,134.0,3.5
2026050621,Dakar,70,54.4,19.0,143.0,2.4
2026050621,New_York,30,10.5,10.5,254.0,25.8
2026050621,Paris,27,10.0,8.4,202.0,28.0
2026050621,Tokyo,28,29.6,25.6,348.0,56.5
2026050622,Antananarivo,15,7.0,6.8,124.0,3.8
2026050622,Dakar,69,51.9,18.6,141.0,2.4
2026050622,New_York,25,9.2,9.1,247.0,23.0
2026050622,Paris,23,11.3,10.0,212.0,29.3
2026050622,Tokyo,29,31.2,27.6,398.0,60.2
2026050623,Antananarivo,14,7.2,7.0,112.0,4.1
2026050623,Dakar,68,48.7,18.0,137.0,2.3
2026050623,New_York,23,5.4,5.4,236.0,19.8
2026050623,Paris,23,12.6,11.1,214.0,31.7
2026050623,Tokyo,30,34.1,30.9,458.0,65.4
2026050700,Antananarivo,14,6.8,6.7,105.0,4.0
2026050700,Dakar,67,49.1,18.4,132.0,2.1
2026050700,New_York,25,3.6,3.5,219.0,16.1
2026050700,Paris,20,12.9,11.1,233.0,34.0
2026050700,Tokyo,32,38.4,35.5,493.0,70.3
2026050701,Antananarivo,16,5.1,4.9,106.0,3.2
2026050701,Dakar,66,46.2,17.9,124.0,2.0
2026050701,New_York,29,6.8,6.0,198.0,12.0
2026050701,Paris,20,13.5,11.3,243.0,33.9
2026050701,Tokyo,34,48.0,44.6,483.0,75.2
2026050702,Antananarivo,19,3.7,3.6,113.0,2.2
2026050702,Dakar,66,43.0,17.2,113.0,1.7
2026050702,New_York,32,6.5,6.0,180.0,9.2
2026050702,Paris,20,15.6,11.4,198.0,24.8
2026050702,Tokyo,36,43.8,39.7,449.0,79.9
2026050703,Antananarivo,21,3.6,3.5,120.0,1.5
2026050703,Dakar,65,39.9,16.5,106.0,1.6
2026050703,New_York,32,6.5,6.0,168.0,8.3
2026050703,Paris,20,15.3,11.5,187.0,17.6
2026050703,Tokyo,39,41.0,38.1,414.0,81.4
2026050704,Antananarivo,20,3.4,3.3,129.0,1.7
2026050704,Dakar,64,37.3,15.9,103.0,1.5
2026050704,New_York,31,6.5,6.0,161.0,8.6
2026050704,Paris,21,16.7,12.0,186.0,15.5
2026050704,Tokyo,43,38.9,36.2,386.0,78.0
2026050705,Antananarivo,20,3.4,3.3,139.0,2.0
2026050705,Dakar,64,34.9,15.3,102.0,1.5
2026050705,New_York,30,7.0,6.4,159.0,9.3
2026050705,Paris,20,18.8,12.3,191.0,15.7
2026050705,Tokyo,47,38.8,36.4,358.0,71.6
2026050706,Antananarivo,20,3.8,3.7,145.0,2.0
2026050706,Dakar,63,32.9,14.6,105.0,1.6
2026050706,New_York,28,8.2,7.6,167.0,10.5
2026050706,Paris,19,21.0,13.1,200.0,19.6
2026050706,Tokyo,52,43.5,40.5,331.0,64.4
2026050707,Antananarivo,21,3.4,3.3,145.0,1.6
2026050707,Dakar,62,31.3,14.1,115.0,1.8
2026050707,New_York,27,9.5,8.9,182.0,12.0
2026050707,Paris,19,23.3,14.7,214.0,26.1
2026050707,Tokyo,56,45.1,41.0,302.0,56.6
2026050708,Antananarivo,24,3.3,3.1,141.0,1.0
2026050708,Dakar,61,30.2,13.7,128.0,2.0
2026050708,New_York,26,8.5,7.9,191.0,15.2
2026050708,Paris,20,26.4,16.0,317.0,40.6
2026050708,Tokyo,60,38.5,35.3,274.0,48.1
2026050709,Antananarivo,26,3.2,2.8,135.0,0.5
2026050709,Dakar,60,29.2,13.6,136.0,2.1
2026050709,New_York,27,8.6,8.1,190.0,13.1
2026050709,Paris,21,26.9,16.9,326.0,43.6
2026050709,Tokyo,61,31.0,27.8,256.0,57.0
2026050710,Antananarivo,28,2.6,2.2,127.0,0.3
2026050710,Dakar,57,28.8,13.6,133.0,1.8
2026050710,New_York,30,6.8,6.5,184.0,10.2
2026050710,Paris,22,25.1,16.1,297.0,31.1
2026050710,Tokyo,61,23.0,21.2,259.0,54.2
2026050711,Antananarivo,30,2.1,1.8,117.0,0.3
2026050711,Dakar,53,28.2,13.6,126.0,1.2
2026050711,New_York,32,3.9,3.8,178.0,7.7
2026050711,Paris,24,23.5,15.8,278.0,25.8
2026050711,Tokyo,61,21.6,20.0,274.0,50.1
2026050712,Antananarivo,31,2.1,1.7,110.0,0.3
2026050712,Dakar,50,31.0,14.8,120.0,0.7
2026050712,New_York,35,3.0,2.9,174.0,6.2
2026050712,Paris,32,19.1,13.3,256.0,19.6
2026050712,Tokyo,61,19.3,17.8,278.0,44.8
2026050713,Antananarivo,30,2.3,1.9,108.0,0.2
2026050713,Dakar,49,28.5,14.5,120.0,0.7
2026050713,New_York,38,2.5,2.5,171.0,5.1
2026050713,Paris,36,13.7,10.1,222.0,15.8
2026050713,Tokyo,61,16.4,15.1,259.0,36.8
2026050714,Antananarivo,30,2.6,2.1,108.0,0.2
2026050714,Dakar,47,26.7,14.2,122.0,0.7
2026050714,New_York,39,2.3,2.2,167.0,4.5
2026050714,Paris,38,11.5,8.6,209.0,12.7
2026050714,Tokyo,61,13.8,12.9,229.0,27.6
2026050715,Antananarivo,28,0.4,0.4,112.0,0.3
2026050715,Dakar,45,25.0,13.9,125.0,0.8
2026050715,New_York,41,2.3,2.1,160.0,3.8
2026050715,Paris,39,11.6,8.1,210.0,13.1
2026050715,Tokyo,61,11.0,10.4,210.0,22.6
2026050716,Antananarivo,26,0.8,0.7,122.0,0.8
2026050716,Dakar,43,23.3,13.5,129.0,1.2
2026050716,New_York,41,2.4,2.1,152.0,3.4
2026050716,Paris,41,12.3,8.3,218.0,14.0
2026050716,Tokyo,61,9.9,9.5,211.0,25.2
2026050717,Antananarivo,24,1.6,1.5,136.0,1.5
2026050717,Dakar,40,21.7,13.0,135.0,1.6
2026050717,New_York,40,2.5,2.2,157.0,4.9
2026050717,Paris,41,12.8,8.6,236.0,17.1
2026050717,Tokyo,61,11.1,10.6,222.0,32.0
2026050718,Antananarivo,21,2.9,2.8,143.0,2.1
2026050718,Dakar,38,20.9,12.7,140.0,2.0
2026050718,New_York,36,2.8,2.6,177.0,8.7
2026050718,Paris,38,13.7,8.9,268.0,24.6
2026050718,Tokyo,61,13.6,13.0,232.0,37.6
2026050719,Antananarivo,19,3.9,3.7,139.0,2.5
2026050719,Dakar,37,21.2,12.7,145.0,2.1
2026050719,New_York,31,3.3,3.1,209.0,14.4
2026050719,Paris,35,16.0,10.2,291.0,31.9
2026050719,Tokyo,61,15.3,14.6,235.0,40.1
2026050720,Antananarivo,17,5.0,4.7,129.0,2.9
2026050720,Dakar,35,20.1,12.1,151.0,2.1
2026050720,New_York,24,8.1,7.2,253.0,27.7
2026050720,Paris,32,16.1,11.9,259.0,40.1
2026050720,Tokyo,61,15.6,14.8,237.0,41.4
2026050721,Antananarivo,16,6.0,5.6,121.0,3.2
2026050721,Dakar,34,19.4,11.8,153.0,2.1
2026050721,New_York,21,9.3,8.7,322.0,31.3
2026050721,Paris,28,18.1,12.5,288.0,59.4
2026050721,Tokyo,61,24.4,22.4,246.0,46.7
2026050722,Antananarivo,14,6.6,6.3,117.0,3.5
2026050722,Dakar,32,18.8,11.6,151.0,2.0
2026050722,New_York,18,9.9,9.3,404.0,36.3
2026050722,Paris,31,20.5,14.5,306.0,66.9
2026050722,Tokyo,61,23.5,21.9,268.0,45.6
2026050723,Antananarivo,13,6.8,6.4,115.0,3.7
2026050723,Dakar,31,18.4,11.6,147.0,1.9
2026050723,New_York,20,11.1,10.6,464.0,40.9
2026050723,Paris,29,24.1,17.5,324.0,62.3
2026050723,Tokyo,60,24.4,23.1,296.0,44.2
2026050800,Antananarivo,13,6.6,6.2,114.0,3.6
2026050800,Dakar,30,18.0,11.4,141.0,1.7
2026050800,New_York,22,13.1,12.5,494.0,45.7
2026050800,Paris,25,27.4,20.8,305.0,52.1
2026050800,Tokyo,60,27.2,26.3,321.0,43.4
2026050801,Antananarivo,15,6.5,6.2,114.0,2.9
2026050801,Dakar,29,17.5,11.2,134.0,1.6
2026050801,New_York,24,16.3,15.6,503.0,50.2
2026050801,Paris,25,28.7,23.1,292.0,39.5
2026050801,Tokyo,59,29.6,28.9,337.0,44.3
2026050802,Antananarivo,18,5.2,4.9,114.0,2.0
2026050802,Dakar,28,16.8,10.9,126.0,1.6
2026050802,New_York,24,16.7,16.1,477.0,50.4
2026050802,Paris,26,28.4,23.8,279.0,36.0
2026050802,Tokyo,56,30.0,29.5,349.0,45.9
2026050803,Antananarivo,18,4.8,4.4,118.0,1.8
2026050803,Dakar,28,16.2,10.6,120.0,1.5
2026050803,New_York,21,13.9,13.3,390.0,43.0
2026050803,Paris,27,26.8,23.9,256.0,28.3
2026050803,Tokyo,55,28.5,27.9,364.0,46.3
2026050804,Antananarivo,18,4.8,4.5,128.0,1.9
2026050804,Dakar,28,15.8,10.4,118.0,1.5
2026050804,New_York,16,13.0,12.3,269.0,31.4
2026050804,Paris,28,21.8,19.3,242.0,25.9
2026050804,Tokyo,53,26.4,25.8,392.0,44.3
2026050805,Antananarivo,18,4.4,4.1,140.0,2.0
2026050805,Dakar,27,15.5,10.2,118.0,1.5
2026050805,New_York,19,13.6,12.9,185.0,22.2
2026050805,Paris,29,21.7,16.7,227.0,24.7
2026050805,Tokyo,51,26.1,25.4,424.0,41.1
2026050806,Antananarivo,18,4.3,4.0,147.0,1.9
2026050806,Dakar,27,15.5,10.1,121.0,1.5
2026050806,New_York,21,15.3,14.5,177.0,18.7
2026050806,Paris,29,22.4,16.4,226.0,32.4
2026050806,Tokyo,49,31.1,30.5,438.0,38.4
2026050807,Antananarivo,20,4.5,4.0,144.0,1.5
2026050807,Dakar,27,15.5,10.2,130.0,1.6
2026050807,New_York,22,16.7,16.0,206.0,17.7
2026050807,Paris,30,22.7,16.7,290.0,39.6
2026050807,Tokyo,48,34.9,34.1,422.0,37.3
2026050808,Antananarivo,24,4.6,4.0,137.0,0.9
2026050808,Dakar,27,15.5,10.2,141.0,1.8
2026050808,New_York,26,9.9,9.6,225.0,15.9
2026050808,Paris,30,25.6,20.1,492.0,45.9
2026050808,Tokyo,46,25.7,24.1,387.0,36.6
2026050809,Antananarivo,26,4.3,3.6,129.0,0.5
2026050809,Dakar,28,15.5,10.2,148.0,1.8
2026050809,New_York,30,9.9,9.3,213.0,13.8
2026050809,Paris,30,21.0,15.2,400.0,43.0
2026050809,Tokyo,45,20.1,18.3,350.0,29.5
2026050810,Antananarivo,27,3.9,3.2,123.0,0.3
2026050810,Dakar,30,15.8,10.4,146.0,1.5
2026050810,New_York,34,8.4,7.8,190.0,10.9
2026050810,Paris,30,17.2,14.0,337.0,29.0
2026050810,Tokyo,43,17.9,15.8,312.0,25.2
2026050811,Antananarivo,27,3.4,2.7,118.0,0.3
2026050811,Dakar,32,15.8,10.4,139.0,1.0
2026050811,New_York,37,8.5,7.8,173.0,8.4
2026050811,Paris,32,15.0,10.9,234.0,13.3
2026050811,Tokyo,42,15.7,13.1,271.0,19.3
2026050812,Antananarivo,27,3.0,2.4,114.0,0.3
2026050812,Dakar,33,16.1,10.6,134.0,0.7
2026050812,New_York,40,9.4,8.8,166.0,6.8
2026050812,Paris,38,12.5,10.1,211.0,8.7
2026050812,Tokyo,41,14.6,11.9,239.0,14.8
2026050813,Antananarivo,26,2.8,2.2,112.0,0.3
2026050813,Dakar,34,16.9,11.1,133.0,0.7
2026050813,New_York,42,10.3,9.7,165.0,5.7
2026050813,Paris,39,10.2,8.0,205.0,7.3
2026050813,Tokyo,40,13.6,11.2,220.0,12.9
2026050814,Antananarivo,26,2.9,2.3,112.0,0.3
2026050814,Dakar,35,17.2,11.2,134.0,0.6
2026050814,New_York,44,10.9,10.4,165.0,5.0
2026050814,Paris,41,8.6,6.2,200.0,8.3
2026050814,Tokyo,40,11.7,10.0,210.0,12.6
2026050815,Antananarivo,24,3.2,2.9,113.0,0.6
2026050815,Dakar,35,17.5,11.2,136.0,0.7
2026050815,New_York,46,11.5,11.1,166.0,4.3
2026050815,Paris,42,8.1,5.6,196.0,7.9
2026050815,Tokyo,39,10.7,9.4,205.0,13.3
2026050816,Antananarivo,23,3.4,3.1,117.0,1.2
2026050816,Dakar,35,18.3,11.1,140.0,0.9
2026050816,New_York,47,10.8,10.4,168.0,4.0
2026050816,Paris,41,8.2,5.6,198.0,8.8
2026050816,Tokyo,39,10.5,9.8,203.0,15.7
2026050817,Antananarivo,22,4.0,3.8,123.0,2.0
2026050817,Dakar,34,19.2,10.8,144.0,1.2
2026050817,New_York,45,9.1,8.7,174.0,5.3
2026050817,Paris,39,8.3,5.4,203.0,11.1
2026050817,Tokyo,39,11.3,10.7,207.0,19.2
2026050818,Antananarivo,20,5.6,5.4,126.0,2.6
2026050818,Dakar,33,21.2,10.9,148.0,1.4
2026050818,New_York,41,7.8,7.5,182.0,7.5
2026050818,Paris,38,8.8,5.4,207.0,14.3
2026050818,Tokyo,39,12.2,11.7,218.0,22.0
2026050819,Antananarivo,19,6.5,6.2,126.0,2.9
2026050819,Dakar,32,21.5,10.7,151.0,1.5
2026050819,New_York,36,7.3,7.1,193.0,11.2
2026050819,Paris,36,9.1,5.5,219.0,20.7
2026050819,Tokyo,39,13.2,12.8,244.0,23.1
2026050820,Antananarivo,18,6.6,6.3,124.0,2.9
2026050820,Dakar,32,21.1,10.6,152.0,1.6
2026050820,New_York,30,21.0,19.9,211.0,21.9
2026050820,Paris,33,8.4,6.3,201.0,24.8
2026050820,Tokyo,39,14.0,13.6,277.0,23.5
2026050821,Antananarivo,17,6.3,6.1,120.0,2.8
2026050821,Dakar,32,19.7,10.5,151.0,1.6
2026050821,New_York,22,21.8,21.0,239.0,37.1
2026050821,Paris,31,9.1,6.3,217.0,31.0
2026050821,Tokyo,39,12.2,11.8,296.0,22.0
2026050822,Antananarivo,18,5.8,5.5,113.0,2.3
2026050822,Dakar,32,18.0,10.5,145.0,1.6
2026050822,New_York,27,25.1,24.6,274.0,58.1
2026050822,Paris,28,11.3,6.8,224.0,31.1
2026050822,Tokyo,38,14.5,14.2,288.0,25.8
2026050823,Antananarivo,20,4.6,4.4,103.0,1.7
2026050823,Dakar,32,16.6,10.3,135.0,1.5
2026050823,New_York,34,27.9,27.3,312.0,74.2
2026050823,Paris,26,13.6,8.9,223.0,27.2
2026050823,Tokyo,37,18.1,17.9,268.0,31.1
2026050900,Antananarivo,22,3.5,3.0,97.0,1.2
2026050900,Dakar,32,17.8,10.8,127.0,1.3
2026050900,New_York,36,29.3,28.7,361.0,81.0
2026050900,Paris,25,14.3,10.5,225.0,27.7
2026050900,Tokyo,37,24.1,23.8,253.0,35.3
2026050901,Antananarivo,22,3.1,2.6,96.0,1.0
2026050901,Dakar,31,17.3,10.4,121.0,1.2
2026050901,New_York,37,30.6,30.0,413.0,82.9
2026050901,Paris,24,15.0,11.7,219.0,22.6
2026050901,Tokyo,37,26.6,26.3,253.0,37.6
2026050902,Antananarivo,22,3.0,2.4,99.0,1.0
2026050902,Dakar,31,16.8,10.1,116.0,1.2
2026050902,New_York,37,30.7,30.2,440.0,82.5
2026050902,Paris,23,15.9,12.2,202.0,19.7
2026050902,Tokyo,37,22.7,22.5,260.0,38.9
2026050903,Antananarivo,23,3.0,2.4,103.0,0.9
2026050903,Dakar,31,16.4,9.9,112.0,1.1
2026050903,New_York,36,28.2,27.8,423.0,80.4
2026050903,Paris,22,16.6,12.6,196.0,18.2
2026050903,Tokyo,36,17.6,17.4,268.0,38.8
2026050904,Antananarivo,23,3.1,2.6,109.0,1.1
2026050904,Dakar,30,16.1,9.8,110.0,1.1
2026050904,New_York,34,27.9,27.5,381.0,76.0
2026050904,Paris,21,16.3,12.4,196.0,14.9
2026050904,Tokyo,35,11.5,11.3,282.0,37.2
2026050905,Antananarivo,23,3.3,2.7,117.0,1.2
2026050905,Dakar,30,15.9,9.7,109.0,1.1
2026050905,New_York,32,25.8,25.5,339.0,70.4
2026050905,Paris,21,15.8,12.4,198.0,15.2
2026050905,Tokyo,34,9.2,8.8,298.0,34.2
2026050906,Antananarivo,23,3.8,3.1,122.0,1.3
2026050906,Dakar,30,15.9,9.8,111.0,1.2
2026050906,New_York,33,21.1,20.9,304.0,63.3
2026050906,Paris,20,15.9,12.6,200.0,17.3
2026050906,Tokyo,33,10.7,10.1,299.0,30.2
2026050907,Antananarivo,24,4.3,3.6,122.0,1.1
2026050907,Dakar,30,15.9,9.9,120.0,1.4
2026050907,New_York,34,16.6,16.4,268.0,55.0
2026050907,Paris,20,17.4,12.7,230.0,21.0
2026050907,Tokyo,32,13.4,12.8,270.0,24.6
2026050908,Antananarivo,26,4.2,3.4,119.0,0.7
2026050908,Dakar,31,16.1,10.1,132.0,1.6
2026050908,New_York,34,31.9,31.2,241.0,61.3
2026050908,Paris,20,17.5,12.9,349.0,19.6
2026050908,Tokyo,37,11.4,10.7,226.0,18.1
2026050909,Antananarivo,27,3.9,3.2,116.0,0.4
2026050909,Dakar,32,17.5,10.4,139.0,1.7
2026050909,New_York,36,27.8,27.3,225.0,55.4
2026050909,Paris,20,16.1,12.8,325.0,14.9
2026050909,Tokyo,36,11.2,10.7,191.0,28.8
2026050910,Antananarivo,27,3.8,3.0,113.0,0.3
2026050910,Dakar,33,23.9,10.9,137.0,1.4
2026050910,New_York,37,21.2,20.8,218.0,47.0
2026050910,Paris,22,15.9,12.8,289.0,14.5
2026050910,Tokyo,40,8.3,7.7,175.0,21.9
2026050911,Antananarivo,27,3.6,2.9,110.0,0.3
2026050911,Dakar,35,34.2,12.0,131.0,1.0
2026050911,New_York,38,13.1,12.8,213.0,38.5
2026050911,Paris,26,13.7,12.5,262.0,12.9
2026050911,Tokyo,48,5.5,5.4,168.0,12.5
2026050912,Antananarivo,27,3.5,2.8,107.0,0.3
2026050912,Dakar,36,47.5,15.0,127.0,0.7
2026050912,New_York,39,8.7,8.6,209.0,29.1
2026050912,Paris,33,12.7,9.9,228.0,9.0
2026050912,Tokyo,54,5.4,5.2,164.0,5.7
2026050913,Antananarivo,28,3.6,2.9,104.0,0.2
2026050913,Dakar,35,62.6,16.1,127.0,0.7
2026050913,New_York,40,8.7,8.3,208.0,19.7
2026050913,Paris,38,12.7,8.7,206.0,6.0
2026050913,Tokyo,56,5.9,5.6,160.0,3.4
2026050914,Antananarivo,28,3.7,3.0,102.0,0.2
2026050914,Dakar,35,75.4,17.3,129.0,0.6
2026050914,New_York,45,9.8,9.2,213.0,14.9
2026050914,Paris,41,10.4,7.5,179.0,4.7
2026050914,Tokyo,55,6.4,6.0,158.0,3.7
2026050915,Antananarivo,28,0.9,0.9,102.0,0.3
2026050915,Dakar,34,77.5,17.8,131.0,0.7
2026050915,New_York,43,12.7,12.0,227.0,17.7
2026050915,Paris,45,9.2,6.4,175.0,3.9
2026050915,Tokyo,53,6.8,6.4,162.0,5.9
2026050916,Antananarivo,26,1.3,1.2,106.0,0.9
2026050916,Dakar,34,78.9,18.6,134.0,0.9
2026050916,New_York,39,14.9,14.1,245.0,25.3
2026050916,Paris,45,9.1,6.4,183.0,4.1
2026050916,Tokyo,49,7.2,6.7,172.0,8.7
2026050917,Antananarivo,24,1.9,1.8,113.0,1.6
2026050917,Dakar,33,78.7,19.0,138.0,1.2
2026050917,New_York,39,17.4,16.8,261.0,33.5
2026050917,Paris,45,9.3,6.5,183.0,5.2
2026050917,Tokyo,42,8.3,7.7,186.0,13.5
2026050918,Antananarivo,22,3.1,3.0,119.0,2.2
2026050918,Dakar,32,86.1,20.1,141.0,1.4
2026050918,New_York,40,18.4,17.6,269.0,41.9
2026050918,Paris,43,9.0,6.3,182.0,6.3
2026050918,Tokyo,36,13.1,12.6,207.0,23.5
2026050919,Antananarivo,20,3.9,3.7,123.0,2.4
2026050919,Dakar,34,87.1,20.4,144.0,1.6
2026050919,New_York,41,19.2,18.4,274.0,51.0
2026050919,Paris,40,9.1,6.5,194.0,10.1
2026050919,Tokyo,26,21.7,21.4,236.0,43.8
2026050920,Antananarivo,19,4.2,4.1,125.0,2.5
2026050920,Dakar,37,82.9,19.7,145.0,1.7
2026050920,New_York,43,29.7,28.2,280.0,74.1
2026050920,Paris,38,9.6,6.7,173.0,15.0
2026050920,Tokyo,32,35.0,34.8,271.0,69.4
2026050921,Antananarivo,18,4.7,4.5,124.0,2.5
2026050921,Dakar,40,78.0,19.0,145.0,1.8
2026050921,New_York,44,32.6,30.2,290.0,75.4
2026050921,Paris,35,8.9,6.9,205.0,22.7
2026050921,Tokyo,39,54.4,53.6,306.0,86.4
2026050922,Antananarivo,18,5.1,4.8,117.0,2.7
2026050922,Dakar,44,71.0,17.9,141.0,1.8
2026050922,New_York,46,31.3,28.8,301.0,77.1
2026050922,Paris,27,9.4,7.8,227.0,26.3
2026050922,Tokyo,39,54.1,53.3,345.0,87.8
2026050923,Antananarivo,17,5.3,4.9,108.0,2.8
2026050923,Dakar,49,66.6,16.8,134.0,1.8
2026050923,New_York,46,29.8,26.7,304.0,77.6
2026050923,Paris,25,12.0,8.7,231.0,28.7
2026050923,Tokyo,40,56.5,55.5,383.0,89.7
2026051000,Antananarivo,17,5.3,4.9,102.0,2.8
2026051000,Dakar,53,70.1,18.5,128.0,1.7
2026051000,New_York,46,28.9,25.8,289.0,76.0
2026051000,Paris,23,12.7,9.4,216.0,23.4
2026051000,Tokyo,41,50.3,49.4,400.0,90.8
2026051001,Antananarivo,18,5.2,4.8,102.0,2.4
2026051001,Dakar,57,63.6,17.0,123.0,1.6
2026051001,New_York,46,28.7,25.6,267.0,73.1
2026051001,Paris,25,13.2,7.6,209.0,16.9
2026051001,Tokyo,41,48.4,47.6,382.0,91.1
2026051002,Antananarivo,19,5.0,4.7,106.0,1.9
2026051002,Dakar,60,60.5,15.9,118.0,1.5
2026051002,New_York,45,31.3,27.6,252.0,70.2
2026051002,Paris,22,13.8,8.2,186.0,15.9
2026051002,Tokyo,41,44.1,43.4,344.0,90.5
2026051003,Antananarivo,21,3.9,3.6,112.0,1.3
2026051003,Dakar,61,59.3,15.4,115.0,1.4
2026051003,New_York,45,35.7,31.0,255.0,68.2
2026051003,Paris,22,14.7,7.7,175.0,11.6
2026051003,Tokyo,44,41.1,40.5,309.0,87.4
2026051004,Antananarivo,20,3.5,3.2,120.0,1.5
2026051004,Dakar,62,59.6,15.2,113.0,1.3
2026051004,New_York,45,37.7,32.5,266.0,66.1
2026051004,Paris,23,13.4,7.1,169.0,10.7
2026051004,Tokyo,48,37.0,36.7,288.0,80.6
2026051005,Antananarivo,19,3.4,3.1,130.0,1.8
2026051005,Dakar,62,59.6,15.1,113.0,1.3
2026051005,New_York,46,36.4,31.2,276.0,62.4
2026051005,Paris,23,12.5,7.1,170.0,9.8
2026051005,Tokyo,52,33.9,33.6,270.0,71.3
2026051006,Antananarivo,18,3.8,3.5,136.0,1.9
2026051006,Dakar,63,58.9,15.0,116.0,1.3
2026051006,New_York,47,33.5,29.2,281.0,55.7
2026051006,Paris,21,12.2,7.1,170.0,11.8
2026051006,Tokyo,56,32.9,32.6,254.0,61.4
2026051007,Antananarivo,20,4.2,3.8,135.0,1.5
2026051007,Dakar,64,58.2,15.0,125.0,1.5
2026051007,New_York,48,29.4,26.5,284.0,47.5
2026051007,Paris,19,13.0,7.7,185.0,13.4
2026051007,Tokyo,60,26.3,24.8,238.0,50.5
2026051008,Antananarivo,23,4.0,3.5,131.0,1.0
2026051008,Dakar,65,58.6,15.0,138.0,1.7
2026051008,New_York,50,29.3,26.8,287.0,40.4
2026051008,Paris,18,14.5,10.1,314.0,16.9
2026051008,Tokyo,60,25.3,23.3,223.0,39.0
2026051009,Antananarivo,25,3.9,3.2,126.0,0.5
2026051009,Dakar,65,63.3,15.5,146.0,1.8
2026051009,New_York,49,30.6,28.3,292.0,36.1
2026051009,Paris,18,14.4,9.9,300.0,16.5
2026051009,Tokyo,61,9.9,9.8,212.0,30.7
2026051010,Antananarivo,26,3.7,3.0,120.0,0.3
2026051010,Dakar,66,70.5,16.4,145.0,1.5
2026051010,New_York,50,31.2,30.0,295.0,33.0
2026051010,Paris,19,13.8,9.8,270.0,14.7
2026051010,Tokyo,61,7.7,7.4,196.0,27.4
2026051011,Antananarivo,27,3.4,2.7,113.0,0.3
2026051011,Dakar,67,77.8,17.2,139.0,1.0
2026051011,New_York,51,28.3,27.3,290.0,29.3
2026051011,Paris,22,14.2,10.2,260.0,12.1
2026051011,Tokyo,61,8.5,8.3,184.0,22.8
2026051012,Antananarivo,27,3.2,2.4,108.0,0.3
2026051012,Dakar,68,82.9,17.9,135.0,0.7
2026051012,New_York,53,23.1,22.5,266.0,22.8
2026051012,Paris,27,12.1,9.6,229.0,9.8
2026051012,Tokyo,61,8.9,8.6,200.0,18.7
2026051013,Antananarivo,27,3.1,2.4,105.0,0.2
2026051013,Dakar,68,85.4,18.3,135.0,0.6
2026051013,New_York,58,20.1,19.6,233.0,15.8
2026051013,Paris,30,11.2,9.1,223.0,10.3
2026051013,Tokyo,61,8.6,8.1,281.0,15.3
2026051014,Antananarivo,27,3.0,2.3,105.0,0.2
2026051014,Dakar,69,87.5,18.7,136.0,0.6
2026051014,New_York,61,16.9,16.4,210.0,12.9
2026051014,Paris,31,10.7,8.0,211.0,8.0
2026051014,Tokyo,61,8.4,7.7,390.0,12.5
2026051015,Antananarivo,26,2.9,2.3,106.0,0.4
2026051015,Dakar,69,88.9,19.1,139.0,0.7
2026051015,New_York,60,14.8,14.2,209.0,18.0
2026051015,Paris,33,10.1,8.7,209.0,8.4
2026051015,Tokyo,61,8.1,7.3,446.0,11.2
2026051016,Antananarivo,24,3.0,2.4,111.0,1.1
2026051016,Dakar,69,90.8,19.6,144.0,1.0
2026051016,New_York,59,16.5,15.7,218.0,27.3
2026051016,Paris,33,11.0,8.4,215.0,10.4
2026051016,Tokyo,61,10.6,8.4,391.0,12.1
2026051017,Antananarivo,21,3.3,2.9,119.0,2.1
2026051017,Dakar,69,89.2,19.7,151.0,1.3
2026051017,New_York,59,20.7,20.1,225.0,33.7
2026051017,Paris,33,11.4,8.6,233.0,11.9
2026051017,Tokyo,61,10.7,8.5,283.0,14.5
2026051018,Antananarivo,19,5.1,4.7,124.0,3.0
2026051018,Dakar,69,84.1,19.6,156.0,1.6
2026051018,New_York,60,20.4,20.0,221.0,34.3
2026051018,Paris,30,12.1,8.7,248.0,14.1
2026051018,Tokyo,61,11.3,9.1,206.0,18.0
2026051019,Antananarivo,17,6.8,6.5,124.0,3.7
2026051019,Dakar,69,78.0,19.2,160.0,1.8
2026051019,New_York,60,15.0,14.6,214.0,32.0
2026051019,Paris,29,12.4,8.4,242.0,18.2
2026051019,Tokyo,61,13.1,10.8,203.0,23.5
2026051020,Antananarivo,15,7.9,7.6,120.0,4.3
2026051020,Dakar,69,68.2,18.2,162.0,1.9
2026051020,New_York,60,34.3,33.5,215.0,50.6
2026051020,Paris,27,12.4,8.1,219.0,23.5
2026051020,Tokyo,61,16.0,13.6,231.0,30.1
2026051021,Antananarivo,13,9.0,8.7,117.0,4.9
2026051021,Dakar,69,59.6,17.2,163.0,1.9
2026051021,New_York,60,42.6,40.7,236.0,58.0
2026051021,Paris,24,11.8,8.2,236.0,31.8
2026051021,Tokyo,60,17.6,15.1,254.0,34.4
2026051022,Antananarivo,11,10.1,9.7,114.0,5.6
2026051022,Dakar,69,52.6,16.3,162.0,1.8
2026051022,New_York,60,40.9,39.5,264.0,67.4
2026051022,Paris,22,10.0,8.4,243.0,33.1
2026051022,Tokyo,54,18.6,16.2,257.0,34.7
2026051023,Antananarivo,10,10.9,10.5,111.0,6.3
2026051023,Dakar,68,48.3,15.8,160.0,1.7
2026051023,New_York,61,38.3,37.5,274.0,68.1
2026051023,Paris,22,9.5,6.9,247.0,30.0
2026051023,Tokyo,48,18.3,15.9,254.0,32.7
2026051100,Antananarivo,9,11.4,11.0,110.0,6.5
2026051100,Dakar,68,59.0,19.5,156.0,1.5
2026051100,New_York,61,25.8,25.4,247.0,51.5
2026051100,Paris,23,8.8,7.1,236.0,24.2
2026051100,Tokyo,41,16.6,14.3,247.0,30.7
2026051101,Antananarivo,10,11.3,11.0,110.0,5.9
2026051101,Dakar,68,55.3,19.0,150.0,1.4
2026051101,New_York,61,7.4,7.3,201.0,26.2
2026051101,Paris,23,9.1,8.1,215.0,17.2
2026051101,Tokyo,38,15.2,13.1,232.0,29.1
2026051102,Antananarivo,11,10.3,10.0,112.0,4.9
2026051102,Dakar,68,53.3,18.7,144.0,1.4
2026051102,New_York,61,2.1,2.1,166.0,7.8
2026051102,Paris,26,10.4,9.2,179.0,10.6
2026051102,Tokyo,35,14.4,12.5,214.0,27.4
2026051103,Antananarivo,16,6.1,5.9,115.0,2.8
2026051103,Dakar,67,50.8,18.3,139.0,1.3
2026051103,New_York,59,1.5,1.4,156.0,3.3
2026051103,Paris,28,9.6,8.9,165.0,8.3
2026051103,Tokyo,32,13.2,11.5,206.0,26.7
2026051104,Antananarivo,15,5.6,5.4,122.0,2.8
2026051104,Dakar,67,48.9,17.8,136.0,1.2
2026051104,New_York,54,1.7,1.7,157.0,5.6
2026051104,Paris,30,8.9,8.1,163.0,7.9
2026051104,Tokyo,30,12.1,10.6,220.0,28.4
2026051105,Antananarivo,14,5.4,5.2,131.0,2.9
2026051105,Dakar,67,47.7,17.2,136.0,1.2
2026051105,New_York,49,2.1,2.0,161.0,8.7
2026051105,Paris,28,8.2,7.2,160.0,8.1
2026051105,Tokyo,28,12.1,10.7,244.0,31.0
2026051106,Antananarivo,15,5.6,5.4,138.0,2.7
2026051106,Dakar,67,46.6,16.6,139.0,1.2
2026051106,New_York,44,2.7,2.6,168.0,11.3
2026051106,Paris,26,7.7,6.0,160.0,9.7
2026051106,Tokyo,26,15.8,14.5,258.0,31.3
2026051107,Antananarivo,17,5.8,5.6,140.0,2.2
2026051107,Dakar,67,45.2,16.1,151.0,1.4
2026051107,New_York,40,3.5,3.4,179.0,14.6
2026051107,Paris,24,8.1,6.3,175.0,14.7
2026051107,Tokyo,29,17.1,15.2,253.0,26.9
2026051108,Antananarivo,19,4.6,4.4,140.0,1.5
2026051108,Dakar,67,43.1,15.6,168.0,1.6
2026051108,New_York,38,5.1,4.8,186.0,13.1
2026051108,Paris,22,8.5,6.6,232.0,19.6
2026051108,Tokyo,36,15.0,12.5,240.0,20.2
2026051109,Antananarivo,22,3.7,3.4,138.0,0.9
2026051109,Dakar,66,43.8,15.8,177.0,1.7
2026051109,New_York,36,4.6,4.4,185.0,12.8
2026051109,Paris,24,7.9,6.7,208.0,22.9
2026051109,Tokyo,41,14.7,11.6,225.0,16.2
2026051110,Antananarivo,23,3.2,2.9,132.0,0.6
2026051110,Dakar,66,43.5,15.8,171.0,1.4
2026051110,New_York,34,4.3,4.1,180.0,12.4
2026051110,Paris,26,7.4,6.0,197.0,20.0
2026051110,Tokyo,45,14.5,10.8,211.0,14.0
2026051111,Antananarivo,24,2.6,2.4,123.0,0.5
2026051111,Dakar,66,42.0,15.5,157.0,0.9
2026051111,New_York,32,4.1,3.9,175.0,12.0
2026051111,Paris,27,7.5,5.7,189.0,17.5
2026051111,Tokyo,50,14.1,10.3,197.0,10.9
2026051112,Antananarivo,24,2.2,2.1,118.0,0.4
2026051112,Dakar,65,28.9,12.3,147.0,0.6
2026051112,New_York,31,4.1,3.8,173.0,11.6
2026051112,Paris,30,8.9,5.7,184.0,13.1
2026051112,Tokyo,53,13.9,10.2,187.0,8.6
2026051113,Antananarivo,25,2.0,1.8,119.0,0.3
2026051113,Dakar,64,26.0,12.6,145.0,0.6
2026051113,New_York,31,4.3,4.0,172.0,11.2
2026051113,Paris,34,11.0,5.7,185.0,8.9
2026051113,Tokyo,54,13.2,9.9,183.0,7.6
2026051114,Antananarivo,26,2.0,1.8,122.0,0.2
2026051114,Dakar,63,25.7,12.9,146.0,0.5
2026051114,New_York,32,4.4,4.0,170.0,10.6
2026051114,Paris,36,11.0,6.2,173.0,7.2
2026051114,Tokyo,53,12.1,9.4,183.0,7.4
2026051115,Antananarivo,25,4.2,3.3,125.0,0.5
2026051115,Dakar,62,26.4,13.2,148.0,0.6
2026051115,New_York,33,4.6,4.2,166.0,9.5
2026051115,Paris,39,9.6,5.2,173.0,5.3
2026051115,Tokyo,52,11.5,9.1,185.0,8.1
2026051116,Antananarivo,23,4.3,3.5,125.0,1.2
2026051116,Dakar,61,27.4,13.2,150.0,0.8
2026051116,New_York,34,4.8,4.4,161.0,8.2
2026051116,Paris,40,7.1,4.0,162.0,5.0
2026051116,Tokyo,50,11.3,9.2,188.0,10.0
2026051117,Antananarivo,20,4.8,4.1,124.0,2.3
2026051117,Dakar,59,28.1,13.1,153.0,1.1
2026051117,New_York,35,4.9,4.6,162.0,7.9
2026051117,Paris,39,6.7,3.9,160.0,6.0
2026051117,Tokyo,47,11.3,9.3,192.0,12.7
2026051118,Antananarivo,18,6.3,5.7,123.0,3.1
2026051118,Dakar,54,28.4,13.1,156.0,1.4
2026051118,New_York,34,5.4,5.0,166.0,8.8
2026051118,Paris,36,6.8,3.9,166.0,7.9
2026051118,Tokyo,43,11.1,9.2,196.0,15.2
2026051119,Antananarivo,16,7.0,6.4,125.0,3.5
2026051119,Dakar,50,28.5,13.1,159.0,1.6
2026051119,New_York,33,5.9,5.5,175.0,10.7
2026051119,Paris,34,7.6,3.8,179.0,9.0
2026051119,Tokyo,40,11.9,9.9,199.0,17.5
2026051120,Antananarivo,15,7.5,6.9,127.0,3.7
2026051120,Dakar,46,27.8,13.1,162.0,1.7
2026051120,New_York,30,12.2,11.3,202.0,18.5
2026051120,Paris,32,7.6,4.9,165.0,12.4
2026051120,Tokyo,38,12.9,10.7,203.0,19.6
2026051121,Antananarivo,14,8.2,7.6,126.0,3.9
2026051121,Dakar,42,27.6,13.4,163.0,1.7
2026051121,New_York,24,16.4,15.7,275.0,27.7
2026051121,Paris,31,7.9,6.0,172.0,13.8
2026051121,Tokyo,35,16.6,13.1,206.0,20.4
2026051122,Antananarivo,13,9.3,8.7,118.0,4.2
2026051122,Dakar,40,28.3,13.6,159.0,1.6
2026051122,New_York,20,18.1,17.5,365.0,39.9
2026051122,Paris,30,8.9,6.5,175.0,12.0
2026051122,Tokyo,34,15.9,12.7,210.0,20.7
2026051123,Antananarivo,12,10.0,9.4,108.0,4.4
2026051123,Dakar,39,29.0,13.7,153.0,1.5
2026051123,New_York,22,17.3,16.8,407.0,45.3
2026051123,Paris,28,9.5,7.4,181.0,13.8
2026051123,Tokyo,33,16.0,12.7,213.0,21.2
2026051200,Antananarivo,12,8.8,8.2,102.0,4.3
2026051200,Dakar,38,25.6,14.1,147.0,1.4
2026051200,New_York,19,15.0,14.6,352.0,37.4
2026051200,Paris,26,9.1,7.2,183.0,16.8
2026051200,Tokyo,32,16.0,12.8,217.0,22.0
2026051201,Antananarivo,14,5.8,5.3,107.0,3.5
2026051201,Dakar,38,27.1,13.7,141.0,1.3
2026051201,New_York,22,12.3,11.8,247.0,22.7
2026051201,Paris,26,10.0,7.9,190.0,16.9
2026051201,Tokyo,30,15.3,12.2,217.0,23.0
2026051202,Antananarivo,17,4.7,4.2,116.0,2.3
2026051202,Dakar,38,33.2,14.1,136.0,1.1
2026051202,New_York,26,10.5,10.1,168.0,11.6
2026051202,Paris,26,9.6,6.8,183.0,14.8
2026051202,Tokyo,29,14.5,11.6,217.0,24.5
2026051203,Antananarivo,18,5.2,4.8,124.0,1.9
2026051203,Dakar,38,49.4,15.8,132.0,0.9
2026051203,New_York,27,9.1,8.8,146.0,8.3
2026051203,Paris,25,10.6,7.0,182.0,14.1
2026051203,Tokyo,27,14.0,11.2,227.0,26.9
2026051204,Antananarivo,18,4.7,4.4,128.0,1.9
2026051204,Dakar,38,77.3,19.3,129.0,0.8
2026051204,New_York,25,7.7,7.5,149.0,8.6
2026051204,Paris,24,12.1,7.8,185.0,15.5
2026051204,Tokyo,23,14.1,11.6,259.0,32.1
2026051205,Antananarivo,17,4.2,3.9,131.0,1.8
2026051205,Dakar,38,107.1,23.6,128.0,0.8
2026051205,New_York,24,6.4,6.3,158.0,9.3
2026051205,Paris,22,12.8,8.9,194.0,18.3
2026051205,Tokyo,23,15.8,13.2,302.0,38.4
2026051206,Antananarivo,18,3.8,3.5,130.0,1.6
2026051206,Dakar,38,144.8,29.6,130.0,0.8
2026051206,New_York,23,5.7,5.7,169.0,9.9
2026051206,Paris,16,15.9,11.2,204.0,24.3
2026051206,Tokyo,23,20.2,17.8,325.0,41.0
2026051207,Antananarivo,19,3.5,3.2,124.0,1.3
2026051207,Dakar,45,195.6,38.6,140.0,1.0
2026051207,New_York,22,5.8,5.8,186.0,11.0
2026051207,Paris,21,19.0,11.8,234.0,42.1
2026051207,Tokyo,23,22.1,18.8,314.0,36.6
2026051208,Antananarivo,20,3.2,2.9,115.0,0.8
2026051208,Dakar,57,237.5,48.3,154.0,1.3
2026051208,New_York,22,6.0,6.0,196.0,11.4
2026051208,Paris,25,21.5,13.3,391.0,51.7
2026051208,Tokyo,30,21.4,17.6,284.0,28.6
2026051209,Antananarivo,22,2.9,2.5,108.0,0.5
2026051209,Dakar,63,254.3,56.0,163.0,1.5
2026051209,New_York,24,6.6,6.5,193.0,10.4
2026051209,Paris,22,18.5,10.6,445.0,45.4
2026051209,Tokyo,33,19.7,15.9,254.0,28.8
2026051210,Antananarivo,23,2.9,2.5,106.0,0.4
2026051210,Dakar,66,260.8,62.4,160.0,1.3
2026051210,New_York,26,6.6,6.5,183.0,8.8
2026051210,Paris,24,15.4,8.1,317.0,32.5
2026051210,Tokyo,36,20.5,15.3,225.0,26.1
2026051211,Antananarivo,24,2.7,2.2,106.0,0.3
2026051211,Dakar,70,259.8,67.5,151.0,1.0
2026051211,New_York,29,6.2,6.1,173.0,7.3
2026051211,Paris,31,13.3,7.2,257.0,22.2
2026051211,Tokyo,41,21.3,15.8,197.0,22.3
2026051212,Antananarivo,25,2.4,1.9,106.0,0.3
2026051212,Dakar,73,251.5,70.8,145.0,0.7
2026051212,New_York,32,5.9,5.8,166.0,6.1
2026051212,Paris,34,10.2,6.0,229.0,17.1
2026051212,Tokyo,47,20.1,15.1,181.0,19.2
2026051213,Antananarivo,25,2.3,1.9,105.0,0.2
2026051213,Dakar,77,243.1,72.2,145.0,0.6
2026051213,New_York,34,6.2,6.0,159.0,5.1
2026051213,Paris,37,9.4,5.5,219.0,14.4
2026051213,Tokyo,51,18.4,13.9,190.0,17.3
2026051214,Antananarivo,26,2.4,1.9,103.0,0.2
2026051214,Dakar,81,231.0,71.7,147.0,0.7
2026051214,New_York,36,6.4,6.2,155.0,4.5
2026051214,Paris,41,9.8,5.2,211.0,12.6
2026051214,Tokyo,52,17.1,12.8,212.0,16.2
2026051215,Antananarivo,25,2.4,1.9,104.0,0.4
2026051215,Dakar,84,217.5,70.1,149.0,0.8
2026051215,New_York,38,6.5,6.3,154.0,3.9
2026051215,Paris,41,9.1,4.9,199.0,10.9
2026051215,Tokyo,52,15.3,11.4,227.0,15.9
2026051216,Antananarivo,24,2.4,2.0,109.0,1.0
2026051216,Dakar,87,203.5,68.0,150.0,1.1
2026051216,New_York,39,6.3,6.2,155.0,3.7
2026051216,Paris,41,9.1,5.6,186.0,11.3
2026051216,Tokyo,49,14.0,10.4,219.0,16.4
2026051217,Antananarivo,22,2.8,2.4,116.0,1.8
2026051217,Dakar,90,188.6,65.2,152.0,1.5
2026051217,New_York,39,6.0,5.8,159.0,5.9
2026051217,Paris,40,9.9,5.0,185.0,10.7
2026051217,Tokyo,44,13.2,10.0,203.0,17.8
2026051218,Antananarivo,20,4.0,3.7,121.0,2.5
2026051218,Dakar,93,173.2,61.9,154.0,1.8
2026051218,New_York,37,5.9,5.7,167.0,11.2
2026051218,Paris,38,9.8,5.0,188.0,12.1
2026051218,Tokyo,39,12.5,9.7,204.0,20.3
2026051219,Antananarivo,18,4.5,4.1,123.0,2.9
2026051219,Dakar,95,158.3,57.3,159.0,1.9
2026051219,New_York,33,6.3,6.2,178.0,18.8
2026051219,Paris,38,8.8,5.4,191.0,14.1
2026051219,Tokyo,36,13.3,10.7,231.0,24.2
2026051220,Antananarivo,16,5.3,4.9,123.0,3.1
2026051220,Dakar,98,141.1,51.0,165.0,2.0
2026051220,New_York,28,11.4,10.2,188.0,28.4
2026051220,Paris,33,8.7,6.3,175.0,20.8
2026051220,Tokyo,32,14.6,12.1,274.0,29.1
2026051221,Antananarivo,15,6.7,6.2,121.0,3.3
2026051221,Dakar,99,122.5,43.8,168.0,2.0
2026051221,New_York,25,14.6,13.0,199.0,31.9
2026051221,Paris,31,10.9,6.2,187.0,28.4
2026051221,Tokyo,28,17.0,14.6,332.0,34.8
2026051222,Antananarivo,14,7.9,7.4,115.0,3.7
2026051222,Dakar,101,105.0,36.7,164.0,1.9
2026051222,New_York,22,16.0,13.9,209.0,36.6
2026051222,Paris,28,10.3,7.8,187.0,25.2
2026051222,Tokyo,27,19.3,16.9,416.0,41.2
2026051223,Antananarivo,13,8.3,7.7,107.0,4.0
2026051223,Dakar,102,93.4,31.7,156.0,1.8
2026051223,New_York,20,16.2,13.8,213.0,38.2
2026051223,Paris,26,13.4,8.6,195.0,26.4
2026051223,Tokyo,27,22.5,20.2,514.0,48.2
2026051300,Antananarivo,13,8.0,7.3,101.0,4.0
2026051300,Dakar,103,99.2,38.0,149.0,1.7
2026051300,New_York,20,15.6,13.0,205.0,33.9
2026051300,Paris,24,13.2,9.5,196.0,21.7
2026051300,Tokyo,28,25.5,23.1,591.0,55.4
2026051301,Antananarivo,15,7.2,6.5,97.0,3.2
2026051301,Dakar,105,84.3,33.2,144.0,1.6
2026051301,New_York,23,15.3,12.6,190.0,26.6
2026051301,Paris,22,13.1,10.6,206.0,20.2
2026051301,Tokyo,30,32.0,29.3,634.0,64.3
2026051302,Antananarivo,18,5.6,4.6,95.0,1.9
2026051302,Dakar,106,74.7,30.0,139.0,1.4
2026051302,New_York,25,15.0,12.3,177.0,20.9
2026051302,Paris,26,11.1,7.9,170.0,14.0
2026051302,Tokyo,33,33.8,31.2,655.0,73.3
2026051303,Antananarivo,17,7.6,6.0,95.0,2.0
2026051303,Dakar,106,73.3,29.0,135.0,1.3
2026051303,New_York,26,14.6,11.9,168.0,18.6
2026051303,Paris,27,10.0,7.4,154.0,10.2
2026051303,Tokyo,35,35.6,33.4,652.0,77.7
2026051304,Antananarivo,18,7.2,5.7,97.0,1.9
2026051304,Dakar,107,76.8,29.6,132.0,1.2
2026051304,New_York,26,14.0,11.4,161.0,18.0
2026051304,Paris,28,10.2,6.9,153.0,7.8
2026051304,Tokyo,34,34.9,33.2,619.0,74.1
2026051305,Antananarivo,18,6.5,4.9,100.0,1.7
2026051305,Dakar,107,80.6,30.4,130.0,1.2
2026051305,New_York,27,13.3,10.8,159.0,18.3
2026051305,Paris,26,10.9,6.9,153.0,7.2
2026051305,Tokyo,35,35.3,33.6,563.0,65.8
2026051306,Antananarivo,20,6.4,4.8,106.0,1.5
2026051306,Dakar,106,86.6,31.8,133.0,1.3
2026051306,New_York,26,12.5,10.0,167.0,20.5
2026051306,Paris,24,11.0,6.7,154.0,11.5
2026051306,Tokyo,37,38.9,37.3,499.0,57.9
2026051307,Antananarivo,21,6.7,5.1,117.0,1.2
2026051307,Dakar,105,95.7,33.8,144.0,1.8
2026051307,New_York,26,14.8,11.3,181.0,23.6
2026051307,Paris,23,12.4,7.0,163.0,15.7
2026051307,Tokyo,39,37.4,34.5,426.0,52.2
2026051308,Antananarivo,23,6.8,5.3,130.0,0.8
2026051308,Dakar,104,108.5,36.7,160.0,2.6
2026051308,New_York,29,17.4,14.5,190.0,19.7
2026051308,Paris,23,13.0,7.1,223.0,21.3
2026051308,Tokyo,40,33.1,29.0,345.0,46.8
2026051309,Antananarivo,24,6.8,5.3,137.0,0.5
2026051309,Dakar,101,124.3,40.4,169.0,2.9
2026051309,New_York,31,17.9,15.4,189.0,17.8
2026051309,Paris,24,11.5,6.4,190.0,17.0
2026051309,Tokyo,42,29.6,24.9,283.0,42.5
2026051310,Antananarivo,25,6.7,5.1,132.0,0.4
2026051310,Dakar,99,142.0,44.6,167.0,2.5
2026051310,New_York,34,19.2,16.9,184.0,15.0
2026051310,Paris,28,10.4,5.5,170.0,11.0
2026051310,Tokyo,43,30.0,24.6,252.0,39.8
2026051311,Antananarivo,26,5.9,4.4,120.0,0.3
2026051311,Dakar,97,162.1,49.2,158.0,1.6
2026051311,New_York,38,19.6,17.6,178.0,12.7
2026051311,Paris,32,10.5,5.1,161.0,7.3
2026051311,Tokyo,45,32.5,26.3,240.0,36.2
2026051312,Antananarivo,26,5.3,3.9,111.0,0.3
2026051312,Dakar,96,163.4,50.3,152.0,1.0
2026051312,New_York,41,20.0,18.0,173.0,11.1
2026051312,Paris,34,10.5,4.8,158.0,6.0
2026051312,Tokyo,46,34.9,28.3,231.0,34.0
2026051313,Antananarivo,26,5.1,3.8,107.0,0.3
2026051313,Dakar,94,187.2,56.1,150.0,1.0
2026051313,New_York,46,19.5,17.5,167.0,9.8
2026051313,Paris,34,10.4,4.5,158.0,5.9
2026051313,Tokyo,49,34.3,28.1,221.0,34.5
2026051314,Antananarivo,25,5.0,3.6,104.0,0.3
2026051314,Dakar,93,202.6,61.7,151.0,0.9
2026051314,New_York,49,17.4,15.5,165.0,9.0
2026051314,Paris,31,10.5,4.3,159.0,6.6
2026051314,Tokyo,51,31.3,25.4,216.0,36.5
2026051315,Antananarivo,24,2.2,1.7,104.0,0.4
2026051315,Dakar,93,212.3,65.7,152.0,1.0
2026051315,New_York,50,15.2,13.3,168.0,8.5
2026051315,Paris,33,9.4,4.4,159.0,6.3
2026051315,Tokyo,53,27.0,21.5,214.0,38.5
2026051316,Antananarivo,23,2.4,1.8,106.0,0.7
2026051316,Dakar,93,223.5,69.6,154.0,1.3
2026051316,New_York,49,14.2,12.1,175.0,8.5
2026051316,Paris,34,9.2,4.7,160.0,6.8
2026051316,Tokyo,55,27.0,20.8,218.0,40.5
2026051317,Antananarivo,22,2.6,2.1,110.0,1.1
2026051317,Dakar,93,231.4,73.3,158.0,1.8
2026051317,New_York,46,13.1,10.7,178.0,9.4
2026051317,Paris,33,7.7,4.1,162.0,7.9
2026051317,Tokyo,56,29.0,21.8,226.0,42.6
2026051318,Antananarivo,20,3.4,2.8,113.0,1.5
2026051318,Dakar,94,234.7,76.1,162.0,2.2
2026051318,New_York,42,12.2,9.5,175.0,12.2
2026051318,Paris,32,7.1,4.3,167.0,9.0
2026051318,Tokyo,58,34.3,25.8,233.0,43.8
2026051319,Antananarivo,19,4.3,3.8,115.0,1.8
2026051319,Dakar,95,231.9,77.5,168.0,2.4
2026051319,New_York,38,12.9,9.6,170.0,16.0
2026051319,Paris,32,7.1,4.2,167.0,10.5
2026051319,Tokyo,60,42.5,32.0,234.0,43.1
2026051320,Antananarivo,17,4.7,4.3,115.0,2.1
2026051320,Dakar,96,225.8,77.5,175.0,2.6
2026051320,New_York,37,15.8,11.4,165.0,17.4
2026051320,Paris,30,5.9,3.7,156.0,13.3
2026051320,Tokyo,61,33.9,26.6,234.0,41.5
2026051321,Antananarivo,16,4.7,4.3,115.0,2.3
2026051321,Dakar,97,211.9,75.2,178.0,2.6
2026051321,New_York,36,16.5,11.7,162.0,17.4
2026051321,Paris,30,8.4,4.6,163.0,16.7
2026051321,Tokyo,61,37.0,28.5,239.0,40.1
2026051322,Antananarivo,16,4.7,4.3,113.0,2.5
2026051322,Dakar,99,192.3,70.5,175.0,2.5
2026051322,New_York,36,17.5,12.5,159.0,17.4
2026051322,Paris,28,9.0,4.3,164.0,16.9
2026051322,Tokyo,62,36.2,28.6,255.0,43.7
2026051323,Antananarivo,15,4.5,4.2,110.0,2.5
2026051323,Dakar,100,170.9,64.0,168.0,2.2
2026051323,New_York,35,17.5,12.5,157.0,17.1
2026051323,Paris,27,9.2,4.4,163.0,15.1
2026051323,Tokyo,62,37.8,31.8,276.0,48.8
2026051400,Antananarivo,15,4.1,3.8,108.0,2.5
2026051400,Dakar,102,128.1,53.0,160.0,1.6
2026051400,New_York,34,15.4,11.2,155.0,15.8
2026051400,Paris,27,9.3,4.2,159.0,10.6
2026051400,Tokyo,63,38.9,33.9,294.0,54.3
2026051401,Antananarivo,16,3.8,3.4,107.0,2.2
2026051401,Dakar,102,95.0,39.8,150.0,1.5
2026051401,New_York,34,12.1,9.4,152.0,14.3
2026051401,Paris,26,9.3,4.2,151.0,8.3
2026051401,Tokyo,63,45.9,42.4,306.0,60.9
2026051402,Antananarivo,18,3.1,2.7,108.0,1.8
2026051402,Dakar,102,71.7,31.1,138.0,1.3
2026051402,New_York,32,12.6,9.8,152.0,14.0
2026051402,Paris,26,11.1,4.5,140.0,6.7
2026051402,Tokyo,63,50.8,47.7,315.0,67.8
2026051403,Antananarivo,14,4.6,4.2,109.0,2.5
2026051403,Dakar,102,58.7,25.8,130.0,1.2
2026051403,New_York,30,13.2,10.4,153.0,15.9
2026051403,Paris,25,10.7,4.5,138.0,5.8
2026051403,Tokyo,64,55.5,52.9,321.0,71.5
2026051404,Antananarivo,15,4.2,3.7,113.0,2.5
2026051404,Dakar,102,51.1,22.5,126.0,1.1
2026051404,New_York,27,13.9,11.0,156.0,19.1
2026051404,Paris,25,10.2,4.6,138.0,5.6
2026051404,Tokyo,65,50.9,47.6,324.0,70.1
2026051405,Antananarivo,15,4.3,3.7,118.0,2.4
2026051405,Dakar,102,46.8,20.3,125.0,1.0
2026051405,New_York,25,14.6,11.7,163.0,22.7
2026051405,Paris,24,9.9,4.7,137.0,6.0
2026051405,Tokyo,65,50.5,47.5,324.0,65.5
2026051406,Antananarivo,16,4.7,4.1,121.0,2.2
2026051406,Dakar,101,45.9,19.4,128.0,1.1
2026051406,New_York,25,15.4,12.5,180.0,27.8
2026051406,Paris,23,9.4,5.0,140.0,7.7
2026051406,Tokyo,66,53.4,50.2,316.0,60.1
2026051407,Antananarivo,19,5.3,4.5,119.0,1.7
2026051407,Dakar,100,47.7,19.4,138.0,1.4
2026051407,New_York,26,16.9,14.1,201.0,33.3
2026051407,Paris,20,9.5,5.5,152.0,14.3
2026051407,Tokyo,66,58.2,53.3,295.0,54.5
2026051408,Antananarivo,22,5.7,4.4,114.0,1.0
2026051408,Dakar,99,51.9,20.1,151.0,1.8
2026051408,New_York,26,19.0,17.3,215.0,47.0
2026051408,Paris,19,11.4,6.3,200.0,18.8
2026051408,Tokyo,67,58.0,51.7,267.0,48.2
2026051409,Antananarivo,24,6.2,4.5,109.0,0.5
2026051409,Dakar,99,57.7,21.3,159.0,2.0
2026051409,New_York,26,16.3,14.9,215.0,37.3
2026051409,Paris,20,9.9,5.4,189.0,19.1
2026051409,Tokyo,67,37.5,31.9,242.0,32.1
2026051410,Antananarivo,25,6.2,4.4,105.0,0.3
2026051410,Dakar,97,64.7,22.8,156.0,1.7
2026051410,New_York,26,12.8,11.9,208.0,23.9
2026051410,Paris,20,7.3,4.3,177.0,15.2
2026051410,Tokyo,68,33.6,28.0,223.0,27.5
2026051411,Antananarivo,26,6.2,4.3,102.0,0.3
2026051411,Dakar,96,71.2,24.0,148.0,1.1
2026051411,New_York,29,10.0,9.3,199.0,13.3
2026051411,Paris,22,6.0,3.7,168.0,9.4
2026051411,Tokyo,68,31.9,25.2,207.0,21.2
2026051412,Antananarivo,26,6.1,4.2,100.0,0.3
2026051412,Dakar,95,105.7,33.5,141.0,0.8
2026051412,New_York,35,10.5,8.8,190.0,8.1
2026051412,Paris,26,5.4,3.4,163.0,7.1
2026051412,Tokyo,68,30.5,23.9,196.0,17.2
2026051413,Antananarivo,27,6.1,4.2,98.0,0.2
2026051413,Dakar,94,103.1,32.2,138.0,0.7
2026051413,New_York,40,10.2,8.0,179.0,5.8
2026051413,Paris,28,5.3,3.6,167.0,7.7
2026051413,Tokyo,68,29.3,23.0,188.0,17.2
2026051414,Antananarivo,27,6.2,4.3,97.0,0.2
2026051414,Dakar,92,98.0,30.4,137.0,0.7
2026051414,New_York,45,9.0,7.1,173.0,4.6
2026051414,Paris,29,5.2,3.5,163.0,7.0
2026051414,Tokyo,67,28.1,22.2,183.0,19.6
2026051415,Antananarivo,27,5.2,3.6,100.0,0.4
2026051415,Dakar,91,91.5,28.5,137.0,0.7
2026051415,New_York,47,8.3,6.7,171.0,4.6
2026051415,Paris,30,4.9,3.9,166.0,6.7
2026051415,Tokyo,67,28.4,22.5,188.0,22.6
2026051416,Antananarivo,26,5.2,3.7,110.0,0.7
2026051416,Dakar,89,86.1,27.4,139.0,0.9
2026051416,New_York,45,7.8,6.6,172.0,5.8
2026051416,Paris,31,5.2,3.8,161.0,6.3
2026051416,Tokyo,67,28.8,22.9,210.0,26.6
2026051417,Antananarivo,25,5.6,4.0,125.0,1.2
2026051417,Dakar,86,83.6,27.0,143.0,1.2
2026051417,New_York,42,7.1,6.2,183.0,7.0
2026051417,Paris,31,7.0,4.4,168.0,8.5
2026051417,Tokyo,67,24.0,19.4,242.0,31.3
2026051418,Antananarivo,24,6.7,5.0,136.0,1.6
2026051418,Dakar,84,80.1,26.8,146.0,1.5
2026051418,New_York,39,6.2,5.5,214.0,7.6
2026051418,Paris,31,8.2,5.1,173.0,10.2
2026051418,Tokyo,67,22.1,17.5,259.0,34.7
2026051419,Antananarivo,22,7.4,5.7,141.0,1.9
2026051419,Dakar,81,75.4,26.3,147.0,1.7
2026051419,New_York,36,5.4,4.9,255.0,8.2
2026051419,Paris,31,7.2,5.3,172.0,11.7
2026051419,Tokyo,67,22.0,17.6,250.0,35.9
2026051420,Antananarivo,20,7.5,6.0,143.0,2.2
2026051420,Dakar,79,73.1,25.8,147.0,1.8
2026051420,New_York,31,11.0,9.5,274.0,10.6
2026051420,Paris,30,8.2,5.8,159.0,14.3
2026051420,Tokyo,67,24.5,19.2,227.0,35.7
2026051421,Antananarivo,18,7.8,6.3,141.0,2.3
2026051421,Dakar,76,75.2,25.8,146.0,1.9
2026051421,New_York,28,11.0,9.8,251.0,12.5
2026051421,Paris,28,8.5,6.6,166.0,20.1
2026051421,Tokyo,66,26.0,19.7,207.0,29.2
2026051422,Antananarivo,18,8.0,6.4,133.0,2.2
2026051422,Dakar,74,83.1,26.6,144.0,1.9
2026051422,New_York,25,11.4,10.4,207.0,15.0
2026051422,Paris,28,9.2,7.5,173.0,23.8
2026051422,Tokyo,66,27.7,20.8,197.0,27.9
2026051423,Antananarivo,19,7.6,5.9,121.0,1.9
2026051423,Dakar,72,92.7,27.4,140.0,1.7
2026051423,New_York,22,10.5,9.7,173.0,16.3
2026051423,Paris,25,10.2,8.4,186.0,23.8
2026051423,Tokyo,66,30.3,22.2,190.0,26.2
2026051500,Antananarivo,19,7.0,5.4,110.0,1.7
2026051500,Dakar,71,106.9,29.2,136.0,1.5
2026051500,New_York,20,9.5,9.0,164.0,15.1
2026051500,Paris,22,10.0,8.4,189.0,24.9
2026051500,Tokyo,65,29.4,21.6,186.0,24.9
2026051501,Antananarivo,19,6.7,5.1,102.0,1.6
2026051501,Dakar,70,107.6,28.7,130.0,1.4
2026051501,New_York,20,8.4,8.1,165.0,12.7
2026051501,Paris,21,10.3,8.8,185.0,23.0
2026051501,Tokyo,65,28.3,20.6,183.0,24.4
2026051502,Antananarivo,18,6.2,4.8,95.0,1.7
2026051502,Dakar,70,111.3,28.4,124.0,1.4
2026051502,New_York,19,7.2,7.0,167.0,10.9
2026051502,Paris,19,11.6,8.2,183.0,19.7
2026051502,Tokyo,64,27.0,19.5,183.0,24.2
2026051503,Antananarivo,19,5.8,4.5,93.0,1.6
2026051503,Dakar,71,111.5,27.4,119.0,1.3
2026051503,New_York,19,6.2,6.1,165.0,10.5
2026051503,Paris,20,12.1,8.5,182.0,17.7
2026051503,Tokyo,63,25.5,18.4,184.0,24.4
2026051504,Antananarivo,19,5.3,4.1,100.0,1.8
2026051504,Dakar,72,106.2,25.6,117.0,1.3
2026051504,New_York,19,5.6,5.5,163.0,10.8
2026051504,Paris,21,13.4,8.4,178.0,14.3
2026051504,Tokyo,62,24.4,17.5,189.0,25.1
2026051505,Antananarivo,20,4.8,3.9,111.0,2.0
2026051505,Dakar,73,106.4,24.7,117.0,1.3
2026051505,New_York,18,5.5,5.4,164.0,10.8
2026051505,Paris,20,12.8,9.1,175.0,14.2
2026051505,Tokyo,61,24.4,17.2,196.0,26.1
2026051506,Antananarivo,20,5.1,4.2,118.0,2.0
2026051506,Dakar,74,115.3,25.4,119.0,1.3
2026051506,New_York,18,5.8,5.7,172.0,10.4
2026051506,Paris,18,12.7,10.4,177.0,17.5
2026051506,Tokyo,60,25.8,18.1,201.0,26.6
2026051507,Antananarivo,22,5.2,4.1,115.0,1.6
2026051507,Dakar,75,132.7,27.5,127.0,1.5
2026051507,New_York,18,6.2,6.1,182.0,9.8
2026051507,Paris,16,14.2,11.0,181.0,26.0
2026051507,Tokyo,56,28.4,20.0,203.0,26.2
2026051508,Antananarivo,25,4.9,4.0,108.0,1.1
2026051508,Dakar,77,149.5,29.9,137.0,1.7
2026051508,New_York,21,6.7,6.4,189.0,8.8
2026051508,Paris,19,17.4,11.7,276.0,32.3
2026051508,Tokyo,50,30.3,21.7,203.0,25.2
2026051509,Antananarivo,27,3.8,2.9,102.0,0.6
2026051509,Dakar,78,166.7,32.8,144.0,1.7
2026051509,New_York,24,6.9,6.5,188.0,7.9
2026051509,Paris,22,15.8,10.9,277.0,24.0
2026051509,Tokyo,45,29.1,21.8,203.0,23.6
2026051510,Antananarivo,28,3.3,2.4,100.0,0.4
2026051510,Dakar,80,181.1,35.6,143.0,1.4
2026051510,New_York,27,6.7,6.4,184.0,6.7
2026051510,Paris,27,12.9,8.4,213.0,17.0
2026051510,Tokyo,43,30.2,22.4,205.0,22.2
2026051511,Antananarivo,28,3.4,2.4,100.0,0.3
2026051511,Dakar,82,197.9,39.8,139.0,1.0
2026051511,New_York,30,5.9,5.6,179.0,5.6
2026051511,Paris,30,11.5,6.7,195.0,12.5
2026051511,Tokyo,45,30.3,22.8,206.0,20.4
2026051512,Antananarivo,28,3.4,2.4,100.0,0.3
2026051512,Dakar,84,194.2,42.6,135.0,0.7
2026051512,New_York,31,4.9,4.6,174.0,4.9
2026051512,Paris,32,10.2,6.4,187.0,9.6
2026051512,Tokyo,49,28.5,22.0,208.0,19.0
2026051513,Antananarivo,29,3.6,2.6,100.0,0.3
2026051513,Dakar,85,229.1,54.7,134.0,0.7
2026051513,New_York,31,4.2,3.9,168.0,4.4
2026051513,Paris,33,8.0,5.6,178.0,8.6
2026051513,Tokyo,53,28.9,22.5,203.0,18.3
2026051514,Antananarivo,29,3.8,2.7,101.0,0.3
2026051514,Dakar,88,280.3,71.0,135.0,0.6
2026051514,New_York,30,2.9,2.7,165.0,4.2
2026051514,Paris,34,8.3,5.3,167.0,7.9
2026051514,Tokyo,54,28.6,22.1,198.0,18.1
2026051515,Antananarivo,29,4.5,3.0,104.0,0.4
2026051515,Dakar,91,334.3,89.2,136.0,0.7
2026051515,New_York,30,2.6,2.5,165.0,4.1
2026051515,Paris,34,7.9,4.8,179.0,9.9
2026051515,Tokyo,54,28.2,21.4,210.0,19.1
2026051516,Antananarivo,27,4.9,3.3,113.0,0.8
2026051516,Dakar,95,385.6,108.3,139.0,1.0
2026051516,New_York,30,2.5,2.4,168.0,4.4
2026051516,Paris,34,7.5,4.6,179.0,11.0
2026051516,Tokyo,51,28.5,21.0,259.0,22.0
2026051517,Antananarivo,25,6.0,4.2,125.0,1.3
2026051517,Dakar,100,426.5,126.7,143.0,1.3
2026051517,New_York,30,2.6,2.5,172.0,5.7
2026051517,Paris,34,8.0,5.1,182.0,13.2
2026051517,Tokyo,46,29.7,21.4,325.0,26.1
2026051518,Antananarivo,23,7.2,5.3,134.0,1.7
2026051518,Dakar,105,448.0,141.1,146.0,1.6
2026051518,New_York,29,2.9,2.8,175.0,8.6
2026051518,Paris,32,8.4,5.2,185.0,15.9
2026051518,Tokyo,42,30.9,22.2,371.0,30.0
2026051519,Antananarivo,21,7.9,6.1,136.0,2.0
2026051519,Dakar,112,464.7,152.3,148.0,1.6
2026051519,New_York,27,3.4,3.2,179.0,12.5
2026051519,Paris,31,8.5,6.2,194.0,21.3
2026051519,Tokyo,42,31.5,22.9,372.0,33.0
2026051520,Antananarivo,19,7.7,6.2,135.0,2.3
2026051520,Dakar,118,468.5,158.3,149.0,1.5
2026051520,New_York,24,21.4,19.6,187.0,15.2
2026051520,Paris,28,8.0,5.8,194.0,26.7
2026051520,Tokyo,43,31.5,23.3,353.0,35.8
2026051521,Antananarivo,18,8.0,6.5,131.0,2.4
2026051521,Dakar,125,446.1,154.6,149.0,1.4
2026051521,New_York,18,22.6,21.4,203.0,26.7
2026051521,Paris,26,8.0,6.5,217.0,27.0
2026051521,Tokyo,44,32.1,24.0,352.0,38.4
2026051522,Antananarivo,18,8.1,6.7,124.0,2.3
2026051522,Dakar,131,406.1,143.4,147.0,1.4
2026051522,New_York,21,25.7,24.4,224.0,42.6
2026051522,Paris,24,9.4,7.4,216.0,33.2
2026051522,Tokyo,45,33.6,26.0,395.0,44.0
2026051523,Antananarivo,18,7.8,6.2,115.0,2.1
2026051523,Dakar,136,391.2,130.9,143.0,1.4
2026051523,New_York,26,27.0,25.7,241.0,53.8
2026051523,Paris,20,10.6,7.9,230.0,41.2
2026051523,Tokyo,45,37.0,29.9,456.0,52.0
2026051600,Antananarivo,18,7.1,5.6,109.0,1.9
2026051600,Dakar,141,371.6,120.1,139.0,1.4
2026051600,New_York,26,26.8,25.7,251.0,55.9
2026051600,Paris,22,12.9,10.0,256.0,44.5
2026051600,Tokyo,47,41.1,34.6,493.0,59.1
2026051601,Antananarivo,18,6.7,5.2,107.0,1.8
2026051601,Dakar,146,336.2,102.9,133.0,1.3
2026051601,New_York,25,27.5,26.4,258.0,53.4
2026051601,Paris,20,13.1,10.2,245.0,41.0
2026051601,Tokyo,49,43.3,37.8,486.0,65.2
2026051602,Antananarivo,18,6.1,4.8,107.0,1.6
2026051602,Dakar,149,300.8,86.1,126.0,1.3
2026051602,New_York,24,28.6,27.5,258.0,50.9
2026051602,Paris,16,13.7,10.1,228.0,31.7
2026051602,Tokyo,52,43.9,40.6,456.0,70.5
2026051603,Antananarivo,19,6.7,5.2,108.0,1.5
2026051603,Dakar,153,260.8,69.8,121.0,1.2
2026051603,New_York,24,26.1,25.1,247.0,50.3
2026051603,Paris,16,13.5,10.1,233.0,28.3
2026051603,Tokyo,55,44.0,41.4,420.0,72.7
2026051604,Antananarivo,19,6.2,4.8,111.0,1.5
2026051604,Dakar,155,228.6,56.5,118.0,1.2
2026051604,New_York,24,21.8,21.0,230.0,49.7
2026051604,Paris,16,12.9,10.0,219.0,23.4
2026051604,Tokyo,59,44.2,41.9,380.0,69.5
2026051605,Antananarivo,19,6.0,4.6,115.0,1.6
2026051605,Dakar,157,205.8,46.6,118.0,1.3
2026051605,New_York,24,19.7,19.0,221.0,47.8
2026051605,Paris,16,12.3,9.2,204.0,22.4
2026051605,Tokyo,61,44.7,42.8,335.0,63.1
2026051606,Antananarivo,20,5.8,4.6,118.0,1.5
2026051606,Dakar,159,197.0,41.2,119.0,1.3
2026051606,New_York,25,20.0,19.3,229.0,44.0
2026051606,Paris,16,13.2,9.5,188.0,19.2
2026051606,Tokyo,61,45.2,42.1,302.0,57.8
2026051607,Antananarivo,21,6.1,4.8,119.0,1.2
2026051607,Dakar,160,202.6,40.3,124.0,1.4
2026051607,New_York,26,20.8,20.2,245.0,39.0
2026051607,Paris,16,14.9,11.0,179.0,24.0
2026051607,Tokyo,62,45.4,41.3,291.0,55.5
2026051608,Antananarivo,23,6.3,5.0,118.0,0.8
2026051608,Dakar,161,218.9,43.0,131.0,1.4
2026051608,New_York,27,13.8,13.7,253.0,39.3
2026051608,Paris,21,12.0,8.3,267.0,18.0
2026051608,Tokyo,63,45.3,39.2,292.0,54.2
2026051609,Antananarivo,24,6.5,4.9,115.0,0.5
2026051609,Dakar,162,244.9,48.3,136.0,1.4
2026051609,New_York,28,9.8,9.6,245.0,31.7
2026051609,Paris,23,10.5,6.8,231.0,11.5
2026051609,Tokyo,64,36.8,30.3,289.0,45.0
2026051610,Antananarivo,24,6.8,4.9,109.0,0.3
2026051610,Dakar,164,271.9,55.6,135.0,1.2
2026051610,New_York,28,8.1,7.8,229.0,21.1
2026051610,Paris,26,8.6,5.7,189.0,8.3
2026051610,Tokyo,64,34.3,28.2,273.0,41.0
2026051611,Antananarivo,25,6.4,4.5,100.0,0.2
2026051611,Dakar,165,293.4,63.6,131.0,0.8
2026051611,New_York,36,7.2,7.0,214.0,12.7
2026051611,Paris,29,8.2,5.4,176.0,6.1
2026051611,Tokyo,64,27.2,22.6,253.0,35.4
2026051612,Antananarivo,25,6.0,4.2,95.0,0.2
2026051612,Dakar,167,334.3,84.3,128.0,0.6
2026051612,New_York,46,7.9,7.6,203.0,8.5
2026051612,Paris,33,8.2,5.9,159.0,5.4
2026051612,Tokyo,64,22.5,19.7,235.0,31.5
2026051613,Antananarivo,25,5.6,3.9,94.0,0.1
2026051613,Dakar,169,381.8,104.3,127.0,0.5
2026051613,New_York,57,8.9,8.6,193.0,6.6
2026051613,Paris,33,8.4,5.8,169.0,5.6
2026051613,Tokyo,64,23.1,20.2,218.0,30.7
2026051614,Antananarivo,25,5.2,3.6,95.0,0.1
2026051614,Dakar,172,437.7,128.5,128.0,0.5
2026051614,New_York,61,10.0,9.5,184.0,5.9
2026051614,Paris,35,7.6,6.0,165.0,5.0
2026051614,Tokyo,64,23.4,20.4,204.0,31.5
2026051615,Antananarivo,25,3.0,2.2,101.0,0.3
2026051615,Dakar,174,458.2,147.1,129.0,0.5
2026051615,New_York,61,12.8,11.8,177.0,6.2
2026051615,Paris,37,7.2,4.5,164.0,5.1
2026051615,Tokyo,64,22.8,19.7,199.0,32.8
2026051616,Antananarivo,23,3.3,2.4,115.0,1.0
2026051616,Dakar,176,436.8,154.6,132.0,0.7
2026051616,New_York,61,15.9,14.0,171.0,7.7
2026051616,Paris,37,6.1,3.7,167.0,5.9
2026051616,Tokyo,64,21.3,18.4,208.0,34.6
2026051617,Antananarivo,20,4.4,3.5,134.0,2.1
2026051617,Dakar,177,425.6,159.3,136.0,1.0
2026051617,New_York,59,15.5,13.8,169.0,10.8
2026051617,Paris,36,6.5,3.6,166.0,6.1
2026051617,Tokyo,64,20.1,16.9,227.0,36.8
2026051618,Antananarivo,18,7.2,6.4,145.0,2.9
2026051618,Dakar,177,400.5,158.3,140.0,1.3
2026051618,New_York,52,14.3,12.7,174.0,16.9
2026051618,Paris,36,6.3,3.7,167.0,7.8
2026051618,Tokyo,64,21.4,16.9,250.0,38.3
2026051619,Antananarivo,16,8.6,7.7,144.0,3.3
2026051619,Dakar,176,388.4,158.3,142.0,1.5
2026051619,New_York,43,13.4,11.9,183.0,24.6
2026051619,Paris,32,6.2,3.9,175.0,13.6
2026051619,Tokyo,63,20.4,16.2,279.0,37.7
2026051620,Antananarivo,14,9.1,8.3,136.0,3.5
2026051620,Dakar,175,377.2,156.9,144.0,1.7
2026051620,New_York,39,12.6,11.6,187.0,30.5
2026051620,Paris,29,6.5,4.2,182.0,19.3
2026051620,Tokyo,63,20.5,16.4,313.0,36.3
2026051621,Antananarivo,13,8.8,8.2,127.0,3.6
2026051621,Dakar,174,370.7,156.0,144.0,1.8
2026051621,New_York,39,12.2,11.1,182.0,29.4
2026051621,Paris,25,7.6,4.4,177.0,21.7
2026051621,Tokyo,63,20.5,16.5,337.0,34.9
2026051622,Antananarivo,12,8.2,7.6,118.0,3.6
2026051622,Dakar,172,369.7,156.0,142.0,1.8
2026051622,New_York,38,11.4,10.3,172.0,27.9
2026051622,Paris,20,7.5,6.1,194.0,21.8
2026051622,Tokyo,63,24.4,20.5,343.0,38.9
2026051623,Antananarivo,12,7.7,7.1,108.0,3.4
2026051623,Dakar,172,371.6,156.5,138.0,1.8
2026051623,New_York,37,10.4,9.5,166.0,26.1
2026051623,Paris,19,8.3,6.3,203.0,22.3
2026051623,Tokyo,62,28.6,24.5,341.0,44.8
2026051700,Antananarivo,12,6.8,6.3,100.0,3.1
2026051700,Dakar,171,366.0,149.0,133.0,1.8
2026051700,New_York,36,9.9,9.1,166.0,24.2
2026051700,Paris,20,6.9,5.4,178.0,17.5
2026051700,Tokyo,62,34.8,30.9,343.0,51.3
2026051701,Antananarivo,14,5.8,5.3,96.0,2.5
2026051701,Dakar,171,362.3,145.3,127.0,1.7
2026051701,New_York,35,9.9,9.4,170.0,22.1
2026051701,Paris,22,7.1,4.7,170.0,13.5
2026051701,Tokyo,62,40.6,36.6,358.0,59.5
2026051702,Antananarivo,16,3.1,2.8,94.0,1.6
2026051702,Dakar,172,361.4,140.2,121.0,1.7
2026051702,New_York,34,11.1,10.7,173.0,19.9
2026051702,Paris,23,5.2,4.0,154.0,11.2
2026051702,Tokyo,62,42.1,38.2,378.0,68.4
2026051703,Antananarivo,16,3.1,2.8,96.0,1.4
2026051703,Dakar,173,355.8,132.2,116.0,1.6
2026051703,New_York,32,12.7,12.1,176.0,17.5
2026051703,Paris,22,5.4,3.9,147.0,11.5
2026051703,Tokyo,62,42.0,37.8,393.0,73.4
2026051704,Antananarivo,16,2.4,2.2,105.0,1.4
2026051704,Dakar,174,341.8,122.0,114.0,1.6
2026051704,New_York,30,13.4,12.5,178.0,15.1
2026051704,Paris,20,5.9,3.9,147.0,9.8
2026051704,Tokyo,62,42.0,37.4,404.0,72.0
2026051705,Antananarivo,16,2.0,1.8,119.0,1.4
2026051705,Dakar,176,318.5,108.5,114.0,1.7
2026051705,New_York,28,12.1,11.3,181.0,13.3
2026051705,Paris,19,5.3,3.8,148.0,8.5
2026051705,Tokyo,62,41.2,37.1,410.0,66.8
2026051706,Antananarivo,17,1.9,1.8,126.0,1.3
2026051706,Dakar,178,285.9,92.9,115.0,1.7
2026051706,New_York,28,10.7,10.1,184.0,12.6
2026051706,Paris,18,5.0,3.8,152.0,10.4
2026051706,Tokyo,62,42.7,39.0,399.0,60.7
2026051707,Antananarivo,18,2.1,1.9,122.0,1.0
2026051707,Dakar,180,254.3,78.0,119.0,1.7
2026051707,New_York,29,10.2,9.7,186.0,12.6
2026051707,Paris,18,5.6,4.1,154.0,11.8
2026051707,Tokyo,61,40.4,37.0,356.0,54.8
2026051708,Antananarivo,20,2.5,2.1,112.0,0.7
2026051708,Dakar,180,232.4,66.1,126.0,1.6
2026051708,New_York,30,14.7,13.6,187.0,15.1
2026051708,Paris,16,5.7,4.3,213.0,13.6
2026051708,Tokyo,61,37.7,34.8,296.0,48.1
2026051709,Antananarivo,21,3.1,2.5,104.0,0.4
2026051709,Dakar,181,220.7,58.3,130.0,1.5
2026051709,New_York,37,15.9,14.5,184.0,12.8
2026051709,Paris,16,5.5,4.2,213.0,12.2
2026051709,Tokyo,61,21.8,20.9,245.0,32.1
2026051710,Antananarivo,22,3.8,2.8,99.0,0.3
2026051710,Dakar,180,217.0,53.6,131.0,1.2
2026051710,New_York,50,15.2,13.5,180.0,9.6
2026051710,Paris,18,5.5,4.3,201.0,11.4
2026051710,Tokyo,61,18.7,17.6,214.0,26.1
2026051711,Antananarivo,22,4.2,3.1,96.0,0.3
2026051711,Dakar,179,213.3,50.3,129.0,0.8
2026051711,New_York,61,14.8,12.9,176.0,7.0
2026051711,Paris,19,5.7,4.1,187.0,8.9
2026051711,Tokyo,64,18.5,17.1,193.0,17.9
2026051712,Antananarivo,22,4.4,3.2,94.0,0.3
2026051712,Dakar,178,173.7,40.4,128.0,0.5
2026051712,New_York,63,13.7,11.6,173.0,5.6
2026051712,Paris,21,5.8,4.1,179.0,7.8
2026051712,Tokyo,67,20.4,18.5,178.0,12.3
2026051713,Antananarivo,23,3.9,2.8,94.0,0.2
2026051713,Dakar,175,183.9,41.4,128.0,0.5
2026051713,New_York,64,13.2,11.1,171.0,4.7
2026051713,Paris,25,5.7,4.2,170.0,6.7
2026051713,Tokyo,69,21.6,19.4,162.0,11.2
2026051714,Antananarivo,23,3.8,2.8,95.0,0.2
2026051714,Dakar,172,196.5,44.5,127.0,0.5
2026051714,New_York,64,12.4,10.4,172.0,4.3
2026051714,Paris,26,5.1,3.7,163.0,6.3
2026051714,Tokyo,70,21.8,19.5,152.0,12.8
2026051715,Antananarivo,23,4.1,2.9,97.0,0.3
2026051715,Dakar,168,206.8,49.1,128.0,0.5
2026051715,New_York,64,11.5,9.5,176.0,2.7
2026051715,Paris,28,4.9,3.4,163.0,6.4
2026051715,Tokyo,69,21.8,19.7,169.0,16.1
2026051716,Antananarivo,22,4.3,3.1,102.0,0.7
2026051716,Dakar,164,230.0,58.1,130.0,0.7
2026051716,New_York,63,11.5,9.5,182.0,1.6
2026051716,Paris,28,4.8,2.8,169.0,6.6
2026051716,Tokyo,67,21.7,19.8,236.0,22.3
2026051717,Antananarivo,20,5.0,3.8,108.0,1.3
2026051717,Dakar,160,244.0,68.0,132.0,0.9
2026051717,New_York,61,10.7,8.4,190.0,5.6
2026051717,Paris,27,4.6,3.0,180.0,6.9
2026051717,Tokyo,64,21.1,19.4,329.0,30.2
2026051718,Antananarivo,18,6.0,4.9,112.0,1.7
2026051718,Dakar,157,257.0,78.9,134.0,1.1
2026051718,New_York,54,13.0,11.1,198.0,18.6
2026051718,Paris,26,5.0,3.5,189.0,9.0
2026051718,Tokyo,62,20.4,19.2,405.0,35.8
2026051719,Antananarivo,17,5.5,4.7,111.0,1.7
2026051719,Dakar,155,278.5,91.7,136.0,1.3
2026051719,New_York,40,15.8,14.2,208.0,36.9
2026051719,Paris,25,6.1,3.8,203.0,15.9
2026051719,Tokyo,60,20.4,19.3,445.0,36.7
2026051720,Antananarivo,16,5.5,4.7,107.0,1.6
2026051720,Dakar,153,279.4,99.7,137.0,1.5
2026051720,New_York,34,25.7,24.9,230.0,51.3
2026051720,Paris,24,6.7,4.4,197.0,20.9
2026051720,Tokyo,61,21.1,20.1,467.0,35.3
2026051721,Antananarivo,15,4.2,3.8,103.0,1.6
2026051721,Dakar,152,274.7,104.1,137.0,1.7
2026051721,New_York,30,25.8,25.0,277.0,57.9
2026051721,Paris,20,7.3,5.0,213.0,22.5
2026051721,Tokyo,61,28.9,27.8,479.0,50.9
2026051722,Antananarivo,14,3.5,3.2,101.0,1.9
2026051722,Dakar,150,268.2,106.4,135.0,1.8
2026051722,New_York,31,26.3,25.4,337.0,66.4
2026051722,Paris,16,9.5,6.1,219.0,26.9
2026051722,Tokyo,61,34.0,32.8,483.0,53.5
2026051723,Antananarivo,12,4.0,3.8,99.0,2.3
2026051723,Dakar,148,263.6,107.8,131.0,1.8
2026051723,New_York,32,26.4,25.6,379.0,69.3
2026051723,Paris,16,10.0,7.3,209.0,25.7
2026051723,Tokyo,61,36.7,35.6,477.0,57.3
2026051800,Antananarivo,12,4.2,4.1,98.0,2.5
2026051800,Dakar,146,250.5,104.5,127.0,1.8
2026051800,New_York,28,26.1,25.1,388.0,61.1
2026051800,Paris,17,10.9,8.3,210.0,23.1
2026051800,Tokyo,62,37.8,36.7,469.0,61.3
2026051801,Antananarivo,12,4.1,3.9,95.0,2.4
2026051801,Dakar,145,254.3,106.2,123.0,1.8
2026051801,New_York,29,25.3,24.4,380.0,47.2
2026051801,Paris,16,11.9,8.9,220.0,23.6
2026051801,Tokyo,62,38.9,37.6,459.0,66.2
2026051802,Antananarivo,13,3.2,3.0,91.0,2.0
2026051802,Dakar,143,258.9,107.3,120.0,1.9
2026051802,New_York,30,24.2,23.3,373.0,36.2
2026051802,Paris,16,12.0,8.5,196.0,16.2
2026051802,Tokyo,62,40.7,39.3,448.0,71.4
2026051803,Antananarivo,16,2.4,2.2,94.0,1.4
2026051803,Dakar,141,265.4,108.0,117.0,1.9
2026051803,New_York,31,23.3,22.4,380.0,31.6
2026051803,Paris,16,12.7,8.7,182.0,14.5
2026051803,Tokyo,62,42.1,40.7,441.0,73.9
2026051804,Antananarivo,16,2.5,2.2,109.0,1.6
2026051804,Dakar,139,269.2,107.3,115.0,1.9
2026051804,New_York,32,22.3,21.5,388.0,29.9
2026051804,Paris,16,12.4,8.7,175.0,13.4
2026051804,Tokyo,62,43.8,42.3,447.0,71.4
2026051805,Antananarivo,15,2.8,2.4,130.0,1.9
2026051805,Dakar,138,271.0,105.0,113.0,2.0
2026051805,New_York,32,21.3,20.6,380.0,29.2
2026051805,Paris,14,11.8,8.6,172.0,13.3
2026051805,Tokyo,62,46.0,43.9,459.0,66.2
2026051806,Antananarivo,15,3.2,2.9,144.0,2.0
2026051806,Dakar,137,268.2,100.1,116.0,2.0
2026051806,New_York,33,20.9,20.3,341.0,29.7
2026051806,Paris,13,12.9,8.4,177.0,18.2
2026051806,Tokyo,63,46.1,42.1,460.0,62.0
2026051807,Antananarivo,17,3.9,3.6,143.0,1.6
2026051807,Dakar,137,260.8,92.9,127.0,2.1
2026051807,New_York,34,21.4,20.9,285.0,31.3
2026051807,Paris,14,14.1,8.0,189.0,28.7
2026051807,Tokyo,63,44.8,40.0,440.0,61.4
2026051808,Antananarivo,20,4.3,3.6,134.0,1.0
2026051808,Dakar,137,249.6,83.6,141.0,2.2
2026051808,New_York,35,19.1,18.7,240.0,36.4
2026051808,Paris,16,14.9,8.8,267.0,32.6
2026051808,Tokyo,63,43.0,38.1,410.0,61.8
2026051809,Antananarivo,22,4.2,3.4,125.0,0.5
2026051809,Dakar,138,240.3,73.8,150.0,2.2
2026051809,New_York,35,24.8,24.1,218.0,32.5
2026051809,Paris,16,13.4,8.1,235.0,23.1
2026051809,Tokyo,63,29.3,25.5,384.0,55.4
2026051810,Antananarivo,23,3.9,3.1,116.0,0.3
2026051810,Dakar,138,234.2,65.2,146.0,1.8
2026051810,New_York,44,28.4,27.5,206.0,26.9
2026051810,Paris,21,11.2,6.1,196.0,14.1
2026051810,Tokyo,63,28.6,24.8,371.0,48.5
2026051811,Antananarivo,22,3.7,2.9,108.0,0.3
2026051811,Dakar,138,235.2,59.4,137.0,1.2
2026051811,New_York,60,30.3,29.2,198.0,21.6
2026051811,Paris,24,9.6,5.3,179.0,9.7
2026051811,Tokyo,63,24.8,21.8,362.0,38.8
2026051812,Antananarivo,22,3.9,3.1,103.0,0.3
2026051812,Dakar,139,223.5,54.2,130.0,0.8
2026051812,New_York,64,30.3,29.2,192.0,16.8
2026051812,Paris,27,8.4,4.8,174.0,7.6
2026051812,Tokyo,63,22.2,19.6,343.0,30.3
2026051813,Antananarivo,23,3.6,2.9,107.0,0.2
2026051813,Dakar,139,240.3,59.3,129.0,0.7
2026051813,New_York,66,28.9,27.7,189.0,12.4
2026051813,Paris,29,7.3,4.1,170.0,7.5
2026051813,Tokyo,65,20.6,18.1,303.0,24.0
2026051814,Antananarivo,23,3.3,2.7,114.0,0.2
2026051814,Dakar,140,259.8,68.9,132.0,0.7
2026051814,New_York,68,26.2,24.9,186.0,9.8
2026051814,Paris,30,6.8,3.7,166.0,7.8
2026051814,Tokyo,67,19.0,16.8,253.0,19.0
2026051815,Antananarivo,23,1.5,1.4,119.0,0.4
2026051815,Dakar,141,277.5,82.0,135.0,0.7
2026051815,New_York,67,24.3,22.6,181.0,9.3
2026051815,Paris,30,6.6,3.8,167.0,8.0
2026051815,Tokyo,67,18.1,15.8,217.0,16.5
2026051816,Antananarivo,21,1.6,1.5,117.0,0.9
2026051816,Dakar,143,286.8,94.8,139.0,1.0
2026051816,New_York,65,24.6,21.9,177.0,10.5
2026051816,Paris,31,6.6,3.8,162.0,7.4
2026051816,Tokyo,65,18.0,15.5,206.0,17.9
2026051817,Antananarivo,19,2.0,2.0,111.0,1.5
2026051817,Dakar,144,289.6,105.2,145.0,1.3
2026051817,New_York,62,22.2,19.7,175.0,14.2
2026051817,Paris,30,7.1,4.4,165.0,7.8
2026051817,Tokyo,63,18.6,15.7,208.0,21.8
2026051818,Antananarivo,18,2.9,2.8,108.0,1.9
2026051818,Dakar,144,286.8,112.9,150.0,1.7
2026051818,New_York,56,21.0,18.6,175.0,21.6
2026051818,Paris,29,7.2,4.7,171.0,9.1
2026051818,Tokyo,63,20.5,17.1,211.0,25.7
2026051819,Antananarivo,17,2.4,2.4,109.0,1.9
2026051819,Dakar,145,278.5,117.8,155.0,2.0
2026051819,New_York,53,21.0,18.5,177.0,31.5
2026051819,Paris,28,6.9,4.6,168.0,9.9
2026051819,Tokyo,63,21.9,18.4,210.0,29.1
2026051820,Antananarivo,16,2.2,2.1,112.0,1.6
2026051820,Dakar,145,270.1,120.6,160.0,2.3
2026051820,New_York,54,24.6,21.5,187.0,37.9
2026051820,Paris,26,7.0,4.3,162.0,15.7
2026051820,Tokyo,63,23.2,19.6,210.0,32.5
2026051821,Antananarivo,16,2.0,2.0,114.0,1.4
2026051821,Dakar,145,266.4,123.4,161.0,2.5
2026051821,New_York,53,25.1,21.8,215.0,37.6
2026051821,Paris,25,7.8,4.8,171.0,21.6
2026051821,Tokyo,63,22.5,19.0,211.0,30.5
2026051822,Antananarivo,16,2.0,2.0,113.0,1.3
2026051822,Dakar,144,266.4,127.1,155.0,2.5
2026051822,New_York,53,25.7,22.2,250.0,37.1
2026051822,Paris,20,8.8,5.8,196.0,25.7
2026051822,Tokyo,63,23.7,20.1,212.0,31.6
2026051823,Antananarivo,16,1.7,1.6,111.0,1.3
2026051823,Dakar,144,271.9,131.3,145.0,2.3
2026051823,New_York,52,25.7,22.2,266.0,35.3
2026051823,Paris,17,10.5,6.6,218.0,34.7
2026051823,Tokyo,62,24.6,21.1,213.0,33.1
2026051900,Antananarivo,16,1.4,1.4,109.0,1.3
2026051900,Dakar,145,311.1,149.0,135.0,2.0
2026051900,New_York,51,24.9,21.5,246.0,31.1
2026051900,Paris,15,10.5,6.7,223.0,30.8
2026051900,Tokyo,62,24.5,21.0,219.0,34.4
2026051901,Antananarivo,16,1.3,1.3,107.0,1.3
2026051901,Dakar,146,314.8,150.9,126.0,1.9
2026051901,New_York,51,23.6,20.3,207.0,25.7
2026051901,Paris,16,8.7,6.2,200.0,22.9
2026051901,Tokyo,61,23.6,20.3,230.0,35.2
2026051902,Antananarivo,16,1.2,1.2,105.0,1.2
2026051902,Dakar,147,319.4,150.4,118.0,1.7
2026051902,New_York,50,22.1,19.0,178.0,21.9
2026051902,Paris,18,7.5,5.6,179.0,17.0
2026051902,Tokyo,61,22.2,19.2,245.0,35.9
2026051903,Antananarivo,16,1.9,1.8,104.0,1.5
2026051903,Dakar,148,321.3,145.8,112.0,1.5
2026051903,New_York,49,20.7,17.7,169.0,21.0
2026051903,Paris,17,8.9,5.1,170.0,13.6
2026051903,Tokyo,59,20.1,17.6,262.0,36.7
2026051904,Antananarivo,15,1.8,1.7,106.0,1.7
2026051904,Dakar,149,315.7,136.9,109.0,1.4
2026051904,New_York,49,19.2,16.5,169.0,21.7
2026051904,Paris,18,8.8,4.9,167.0,10.0
2026051904,Tokyo,56,18.5,16.6,285.0,38.5
2026051905,Antananarivo,15,2.1,2.0,109.0,2.0
2026051905,Dakar,149,301.7,122.5,109.0,1.4
2026051905,New_York,48,17.8,15.3,172.0,22.7
2026051905,Paris,18,8.7,5.3,168.0,10.6
2026051905,Tokyo,51,18.5,16.9,311.0,40.3
2026051906,Antananarivo,15,2.5,2.4,113.0,2.1
2026051906,Dakar,150,280.3,105.0,112.0,1.4
2026051906,New_York,47,16.4,14.3,178.0,24.5
2026051906,Paris,16,8.8,5.7,161.0,14.9
2026051906,Tokyo,47,21.8,20.5,329.0,40.1
2026051907,Antananarivo,17,3.5,3.4,117.0,1.7
2026051907,Dakar,150,258.0,88.0,122.0,1.5
2026051907,New_York,46,16.4,14.7,188.0,26.7
2026051907,Paris,14,10.4,6.9,167.0,21.1
2026051907,Tokyo,43,24.3,21.5,336.0,36.1
2026051908,Antananarivo,20,3.7,3.5,121.0,1.1
2026051908,Dakar,150,252.4,75.9,136.0,1.6
2026051908,New_York,45,13.5,12.3,195.0,22.3
2026051908,Paris,13,10.3,7.1,247.0,26.3
2026051908,Tokyo,40,25.9,22.2,334.0,29.9
2026051909,Antananarivo,23,3.4,3.1,124.0,0.6
2026051909,Dakar,150,254.3,68.9,145.0,1.6
2026051909,New_York,44,14.4,13.1,198.0,19.9
2026051909,Paris,16,8.9,6.3,222.0,24.0
2026051909,Tokyo,46,30.2,24.2,322.0,24.8
2026051910,Antananarivo,24,3.2,2.8,123.0,0.4
2026051910,Dakar,150,260.8,66.8,143.0,1.3
2026051910,New_York,59,15.9,14.5,199.0,16.5
2026051910,Paris,20,7.4,4.9,193.0,17.6
2026051910,Tokyo,52,30.7,24.6,293.0,22.3
2026051911,Antananarivo,25,2.9,2.5,121.0,0.3
2026051911,Dakar,151,270.1,68.7,137.0,1.0
2026051911,New_York,65,17.9,16.0,198.0,13.4
2026051911,Paris,22,6.1,4.3,185.0,13.6
2026051911,Tokyo,60,30.5,24.1,254.0,18.8
2026051912,Antananarivo,25,2.5,2.1,120.0,0.3
2026051912,Dakar,151,246.8,70.1,132.0,0.7
2026051912,New_York,67,18.3,16.4,192.0,10.5
2026051912,Paris,23,5.7,4.0,177.0,10.9
2026051912,Tokyo,61,29.8,23.6,222.0,16.0
2026051913,Antananarivo,26,2.3,1.9,124.0,0.2
2026051913,Dakar,152,253.3,80.1,132.0,0.7
2026051913,New_York,69,17.4,15.6,184.0,7.9
2026051913,Paris,26,5.7,3.9,160.0,9.5
2026051913,Tokyo,60,28.2,22.4,202.0,14.4
2026051914,Antananarivo,26,2.3,1.9,129.0,0.2
2026051914,Dakar,152,251.5,88.2,134.0,0.7
2026051914,New_York,69,15.7,14.1,179.0,7.1
2026051914,Paris,26,5.3,3.9,158.0,9.6
2026051914,Tokyo,54,25.8,20.6,189.0,13.4
2026051915,Antananarivo,27,6.7,5.2,131.0,0.4
2026051915,Dakar,152,241.2,93.4,137.0,0.8
2026051915,New_York,68,17.1,15.5,177.0,8.5
2026051915,Paris,27,5.5,4.3,164.0,11.1
2026051915,Tokyo,46,23.7,18.8,182.0,13.6
2026051916,Antananarivo,24,6.9,5.3,127.0,1.3
2026051916,Dakar,151,227.2,95.0,141.0,1.1
2026051916,New_York,65,18.1,16.4,178.0,11.8
2026051916,Paris,26,5.9,4.6,169.0,12.7
2026051916,Tokyo,40,22.5,17.6,182.0,15.4
2026051917,Antananarivo,21,7.5,6.0,120.0,2.6
2026051917,Dakar,150,213.3,94.5,146.0,1.5
2026051917,New_York,62,18.6,16.8,185.0,17.1
2026051917,Paris,27,5.8,5.0,172.0,12.6
2026051917,Tokyo,40,21.4,16.6,188.0,18.3
2026051918,Antananarivo,18,9.7,8.4,114.0,3.4
2026051918,Dakar,149,204.9,95.0,151.0,1.8
2026051918,New_York,55,18.9,17.2,204.0,25.7
2026051918,Paris,27,6.4,5.0,176.0,13.0
2026051918,Tokyo,41,20.9,16.2,192.0,21.1
2026051919,Antananarivo,16,8.9,7.9,112.0,3.3
2026051919,Dakar,148,197.0,93.6,156.0,2.0
2026051919,New_York,39,19.7,18.0,229.0,36.3
2026051919,Paris,26,8.3,5.0,166.0,13.1
2026051919,Tokyo,40,20.5,15.9,191.0,23.6
2026051920,Antananarivo,15,7.5,6.5,112.0,2.8
2026051920,Dakar,146,189.5,91.7,160.0,2.2
2026051920,New_York,34,18.2,16.6,242.0,42.7
2026051920,Paris,26,7.9,4.6,149.0,13.3
2026051920,Tokyo,40,20.2,15.7,187.0,26.0
2026051921,Antananarivo,14,6.3,5.6,112.0,2.3
2026051921,Dakar,145,189.1,92.7,160.0,2.3
2026051921,New_York,34,17.0,15.7,231.0,45.9
2026051921,Paris,25,9.2,4.6,160.0,14.6
2026051921,Tokyo,40,17.5,13.9,185.0,24.7
2026051922,Antananarivo,14,5.1,4.5,112.0,2.0
2026051922,Dakar,144,190.9,95.2,152.0,2.3
2026051922,New_York,33,17.6,16.2,207.0,50.0
2026051922,Paris,24,9.2,5.3,161.0,14.8
2026051922,Tokyo,39,18.0,14.7,184.0,26.4
2026051923,Antananarivo,14,4.1,3.6,112.0,1.8
2026051923,Dakar,142,191.4,95.7,139.0,2.1
2026051923,New_York,33,18.1,16.7,189.0,51.2
2026051923,Paris,24,10.2,6.1,157.0,13.2
2026051923,Tokyo,39,17.3,14.6,184.0,28.6
2026052000,Antananarivo,15,3.8,3.3,111.0,1.7
2026052000,Dakar,141,207.7,99.2,128.0,2.0
2026052000,New_York,33,18.6,17.1,182.0,46.7
2026052000,Paris,24,11.3,6.4,152.0,9.7
2026052000,Tokyo,38,16.8,14.5,186.0,30.5
2026052001,Antananarivo,14,3.7,3.3,105.0,1.7
2026052001,Dakar,139,211.9,100.8,121.0,1.9
2026052001,New_York,32,19.0,17.3,180.0,39.1
2026052001,Paris,25,11.6,6.2,146.0,7.0
2026052001,Tokyo,38,16.5,14.6,191.0,31.5
2026052002,Antananarivo,14,3.6,3.2,96.0,1.8
2026052002,Dakar,137,217.9,102.4,115.0,1.7
2026052002,New_York,32,19.0,17.2,181.0,32.8
2026052002,Paris,24,14.1,6.4,138.0,5.5
2026052002,Tokyo,37,15.4,13.7,199.0,32.1
2026052003,Antananarivo,13,4.2,3.8,94.0,2.0
2026052003,Dakar,136,227.7,105.5,111.0,1.6
2026052003,New_York,32,18.6,16.6,185.0,29.3
2026052003,Paris,24,13.4,6.7,139.0,4.5
2026052003,Tokyo,37,13.9,12.3,212.0,32.3
2026052004,Antananarivo,13,3.8,3.4,103.0,2.1
2026052004,Dakar,134,234.7,106.6,109.0,1.5
2026052004,New_York,32,17.8,15.8,193.0,27.0
2026052004,Paris,24,12.4,7.3,138.0,4.0
2026052004,Tokyo,36,13.5,11.8,233.0,32.0
2026052005,Antananarivo,14,3.6,3.3,117.0,2.1
2026052005,Dakar,133,234.2,104.8,109.0,1.5
2026052005,New_York,32,16.8,15.0,200.0,25.3
2026052005,Paris,24,13.7,7.6,138.0,4.5
2026052005,Tokyo,36,14.7,13.2,258.0,31.4
2026052006,Antananarivo,14,3.3,3.0,129.0,2.0
2026052006,Dakar,132,229.6,101.0,113.0,1.5
2026052006,New_York,32,16.3,14.5,209.0,24.9
2026052006,Paris,23,14.4,7.7,141.0,7.2
2026052006,Tokyo,36,19.3,17.6,279.0,30.9
2026052007,Antananarivo,16,3.4,3.0,134.0,1.6
2026052007,Dakar,131,220.3,95.9,124.0,1.6
2026052007,New_York,32,16.6,14.9,217.0,25.2
2026052007,Paris,22,15.0,7.8,148.0,8.6
2026052007,Tokyo,35,24.9,22.3,293.0,31.1
2026052008,Antananarivo,20,3.2,2.8,137.0,1.0
2026052008,Dakar,130,211.4,89.9,139.0,1.8
2026052008,New_York,32,11.5,10.7,218.0,22.0
2026052008,Paris,22,16.0,8.4,206.0,13.3
2026052008,Tokyo,35,27.2,23.4,303.0,31.5
2026052009,Antananarivo,22,3.1,2.7,136.0,0.6
2026052009,Dakar,130,208.2,84.5,148.0,1.8
2026052009,New_York,34,8.9,8.4,206.0,16.9
2026052009,Paris,23,15.2,8.1,181.0,12.6
2026052009,Tokyo,36,31.4,25.4,301.0,30.5
2026052010,Antananarivo,24,3.4,2.9,131.0,0.4
2026052010,Dakar,129,211.9,80.6,145.0,1.5
2026052010,New_York,47,6.0,5.6,186.0,9.8
2026052010,Paris,26,13.3,7.6,177.0,10.6
2026052010,Tokyo,36,33.1,26.1,280.0,26.3
2026052011,Antananarivo,25,4.1,3.5,123.0,0.3
2026052011,Dakar,128,216.1,74.7,135.0,1.0
2026052011,New_York,59,4.7,4.5,169.0,4.5
2026052011,Paris,28,12.3,6.9,171.0,8.0
2026052011,Tokyo,44,36.4,28.1,247.0,20.6
2026052012,Antananarivo,26,4.7,4.0,118.0,0.3
2026052012,Dakar,127,204.4,66.1,128.0,0.7
2026052012,New_York,61,4.0,3.8,158.0,2.8
2026052012,Paris,30,11.7,5.9,167.0,6.6
2026052012,Tokyo,56,36.0,27.5,220.0,16.2
2026052013,Antananarivo,28,4.7,4.0,116.0,0.0
2026052013,Dakar,126,211.9,65.4,126.0,0.7
2026052013,New_York,60,3.6,3.5,151.0,3.0
2026052013,Paris,31,10.5,5.6,159.0,5.4
2026052013,Tokyo,57,32.8,25.0,203.0,14.2
2026052014,Antananarivo,29,4.8,4.1,118.0,0.0
2026052014,Dakar,126,212.3,65.2,127.0,0.6
2026052014,New_York,59,3.9,3.6,147.0,3.4
2026052014,Paris,32,9.7,5.5,157.0,4.8
2026052014,Tokyo,52,29.6,22.2,192.0,13.5
2026052015,Antananarivo,28,9.0,7.5,129.0,0.5
2026052015,Dakar,125,214.2,68.0,130.0,0.7
2026052015,New_York,59,4.5,4.1,148.0,3.2
2026052015,Paris,34,8.7,5.3,158.0,4.5
2026052015,Tokyo,43,24.8,19.1,187.0,14.6
2026052016,Antananarivo,27,9.1,7.7,162.0,2.4
2026052016,Dakar,125,212.8,69.4,135.0,0.9
2026052016,New_York,57,5.3,4.7,153.0,3.3
2026052016,Paris,34,9.8,5.1,160.0,5.4
2026052016,Tokyo,37,19.8,15.9,194.0,18.1
2026052017,Antananarivo,25,9.9,8.5,204.0,4.9
2026052017,Dakar,124,209.1,70.1,142.0,1.2
2026052017,New_York,51,6.0,5.1,163.0,5.0
2026052017,Paris,33,9.5,5.2,167.0,6.9
2026052017,Tokyo,37,17.7,14.5,208.0,23.3
2026052018,Antananarivo,22,16.8,15.5,223.0,6.5
2026052018,Dakar,124,207.2,71.5,148.0,1.4
2026052018,New_York,39,6.4,5.9,182.0,9.1
2026052018,Paris,31,9.9,5.4,178.0,9.9
2026052018,Tokyo,37,16.6,13.8,216.0,28.1
2026052019,Antananarivo,20,17.8,16.6,198.0,6.2
2026052019,Dakar,124,202.6,73.3,153.0,1.5
2026052019,New_York,30,6.0,5.8,205.0,14.8
2026052019,Paris,29,11.0,5.4,189.0,15.8
2026052019,Tokyo,36,16.4,13.9,211.0,32.0
2026052020,Antananarivo,16,15.5,14.4,149.0,5.0
2026052020,Dakar,124,193.7,73.8,156.0,1.6
2026052020,New_York,22,16.8,16.1,217.0,29.9
2026052020,Paris,28,11.5,5.6,176.0,21.5
2026052020,Tokyo,36,16.4,14.1,200.0,35.5
2026052021,Antananarivo,14,11.3,10.3,113.0,3.8
2026052021,Dakar,125,190.5,74.7,156.0,1.6
2026052021,New_York,22,16.6,15.8,208.0,27.8
2026052021,Paris,24,11.7,5.9,181.0,25.5
2026052021,Tokyo,36,12.8,11.4,192.0,33.8
2026052022,Antananarivo,14,6.5,5.9,104.0,3.0
2026052022,Dakar,125,185.3,74.5,149.0,1.6
2026052022,New_York,22,16.4,15.4,189.0,24.8
2026052022,Paris,21,12.3,6.7,190.0,26.8
2026052022,Tokyo,36,13.8,12.3,189.0,36.0
2026052023,Antananarivo,15,3.7,3.3,107.0,2.2
2026052023,Dakar,124,177.0,73.1,138.0,1.5
2026052023,New_York,22,16.3,14.8,173.0,21.7
2026052023,Paris,18,13.1,8.4,206.0,30.6
2026052023,Tokyo,36,14.5,13.1,189.0,39.1
2026052100,Antananarivo,16,2.8,2.6,109.0,1.6
2026052100,Dakar,124,174.2,71.0,129.0,1.4
2026052100,New_York,21,16.2,14.4,166.0,18.4
2026052100,Paris,18,14.1,9.9,249.0,35.7
2026052100,Tokyo,35,15.0,13.6,193.0,41.4
2026052101,Antananarivo,16,2.4,2.2,103.0,1.4
2026052101,Dakar,124,163.4,67.8,123.0,1.3
2026052101,New_York,21,15.2,13.4,163.0,15.0
2026052101,Paris,17,15.4,10.8,269.0,33.7
2026052101,Tokyo,35,15.1,13.8,205.0,42.4
2026052102,Antananarivo,16,2.2,2.0,96.0,1.4
2026052102,Dakar,123,152.7,64.0,118.0,1.2
2026052102,New_York,22,12.6,11.2,160.0,12.4
2026052102,Paris,14,13.2,10.3,227.0,27.3
2026052102,Tokyo,35,15.1,13.8,223.0,42.7
2026052103,Antananarivo,17,1.4,1.3,94.0,1.3
2026052103,Dakar,122,141.6,60.1,115.0,1.1
2026052103,New_York,22,9.1,8.2,154.0,10.9
2026052103,Paris,14,13.4,10.5,239.0,24.7
2026052103,Tokyo,35,15.0,13.6,236.0,42.0
2026052104,Antananarivo,17,1.4,1.3,102.0,1.4
2026052104,Dakar,120,132.2,56.8,113.0,1.0
2026052104,New_York,22,6.4,5.9,148.0,10.3
2026052104,Paris,14,13.4,10.9,229.0,23.9
2026052104,Tokyo,35,14.8,13.5,242.0,40.1
2026052105,Antananarivo,17,1.4,1.3,116.0,1.5
2026052105,Dakar,119,125.3,54.5,112.0,0.9
2026052105,New_York,22,5.1,4.7,146.0,10.8
2026052105,Paris,15,13.8,10.9,230.0,27.7
2026052105,Tokyo,36,14.0,12.8,243.0,37.3
2026052106,Antananarivo,18,1.6,1.5,126.0,1.5
2026052106,Dakar,117,119.7,53.1,115.0,0.9
2026052106,New_York,20,4.5,4.2,151.0,12.9
2026052106,Paris,17,15.6,12.4,239.0,33.1
2026052106,Tokyo,36,13.1,11.8,246.0,34.3
2026052107,Antananarivo,18,2.0,1.9,128.0,1.3
2026052107,Dakar,115,116.4,51.9,123.0,1.0
2026052107,New_York,19,4.5,4.3,161.0,16.0
2026052107,Paris,20,17.4,13.9,281.0,40.3
2026052107,Tokyo,35,12.3,11.1,253.0,31.0
2026052108,Antananarivo,19,2.1,2.0,126.0,1.0
2026052108,Dakar,113,116.6,51.2,135.0,1.1
2026052108,New_York,19,3.9,3.8,168.0,15.2
2026052108,Paris,20,21.8,16.7,571.0,41.2
2026052108,Tokyo,34,12.2,11.1,261.0,27.5
2026052109,Antananarivo,20,2.5,2.4,124.0,0.8
2026052109,Dakar,112,122.5,51.2,142.0,1.2
2026052109,New_York,18,4.4,4.4,169.0,15.9
2026052109,Paris,22,20.7,14.6,507.0,45.9
2026052109,Tokyo,33,13.0,11.8,262.0,39.8
2026052110,Antananarivo,22,3.2,2.9,123.0,0.7
2026052110,Dakar,110,131.3,50.9,141.0,1.0
2026052110,New_York,18,5.9,5.7,167.0,16.8
2026052110,Paris,17,18.8,13.5,412.0,33.0
2026052110,Tokyo,32,14.3,13.7,248.0,47.4
2026052111,Antananarivo,23,3.7,3.4,121.0,0.6
2026052111,Dakar,109,143.0,51.8,137.0,0.8
2026052111,New_York,17,7.0,6.7,168.0,17.4
2026052111,Paris,24,16.3,10.5,258.0,18.3
2026052111,Tokyo,31,13.6,12.9,226.0,57.4
2026052112,Antananarivo,24,4.0,3.5,121.0,0.5
2026052112,Dakar,108,163.4,57.2,133.0,0.6
2026052112,New_York,18,7.6,7.3,175.0,17.0
2026052112,Paris,30,15.1,9.1,216.0,10.1
2026052112,Tokyo,30,15.1,14.3,210.0,62.2
2026052113,Antananarivo,26,4.3,3.8,124.0,0.4
2026052113,Dakar,107,164.4,59.6,132.0,0.6
2026052113,New_York,19,8.5,8.3,185.0,16.3
2026052113,Paris,36,14.4,8.0,195.0,8.9
2026052113,Tokyo,29,20.1,19.2,206.0,56.8
2026052114,Antananarivo,26,4.4,3.9,128.0,0.3
2026052114,Dakar,106,167.6,65.7,133.0,0.5
2026052114,New_York,20,9.2,9.0,193.0,16.8
2026052114,Paris,37,13.0,7.2,194.0,8.7
2026052114,Tokyo,34,20.8,19.7,207.0,46.2
2026052115,Antananarivo,27,8.9,7.6,130.0,0.5
2026052115,Dakar,105,159.7,67.3,135.0,0.6
2026052115,New_York,19,10.1,9.9,195.0,18.7
2026052115,Paris,38,12.4,6.9,199.0,9.4
2026052115,Tokyo,45,17.6,16.5,210.0,37.0
2026052116,Antananarivo,25,8.9,7.6,127.0,1.3
2026052116,Dakar,105,149.0,66.1,140.0,0.8
2026052116,New_York,18,11.2,11.0,196.0,21.9
2026052116,Paris,39,11.8,6.8,195.0,9.9
2026052116,Tokyo,47,15.1,14.2,213.0,31.7
2026052117,Antananarivo,22,9.5,8.3,123.0,2.3
2026052117,Dakar,103,141.1,64.5,146.0,1.1
2026052117,New_York,18,13.4,13.2,202.0,27.4
2026052117,Paris,39,11.3,6.5,195.0,11.6
2026052117,Tokyo,42,14.1,13.3,218.0,27.8
2026052118,Antananarivo,19,10.2,9.1,118.0,2.9
2026052118,Dakar,102,136.0,62.4,151.0,1.3
2026052118,New_York,19,17.5,17.3,215.0,37.4
2026052118,Paris,35,11.1,6.2,205.0,11.9
2026052118,Tokyo,38,13.9,13.2,220.0,25.3
2026052119,Antananarivo,17,8.4,7.4,115.0,2.7
2026052119,Dakar,101,129.5,59.6,153.0,1.4
2026052119,New_York,24,21.7,21.5,234.0,49.7
2026052119,Paris,34,12.2,6.0,203.0,13.1
2026052119,Tokyo,36,13.1,12.5,219.0,24.6
2026052120,Antananarivo,16,6.5,5.8,112.0,2.0
2026052120,Dakar,100,123.4,56.9,154.0,1.4
2026052120,New_York,28,44.6,43.3,261.0,59.9
2026052120,Paris,32,12.8,6.6,184.0,18.7
2026052120,Tokyo,33,12.6,12.1,215.0,25.3
2026052121,Antananarivo,15,4.8,4.3,108.0,1.5
2026052121,Dakar,99,115.5,53.9,153.0,1.4
2026052121,New_York,29,48.8,47.8,301.0,63.2
2026052121,Paris,28,13.1,6.6,193.0,23.4
2026052121,Tokyo,34,8.8,8.6,210.0,22.0
2026052122,Antananarivo,16,3.2,2.9,102.0,1.3
2026052122,Dakar,98,107.6,50.4,149.0,1.3
2026052122,New_York,31,49.0,48.2,349.0,67.7
2026052122,Paris,20,12.3,6.6,206.0,37.4
2026052122,Tokyo,34,9.6,9.5,202.0,22.2
2026052123,Antananarivo,17,2.3,2.1,96.0,1.1
2026052123,Dakar,96,96.6,46.0,142.0,1.2
2026052123,New_York,32,50.2,49.4,391.0,71.0
2026052123,Paris,19,12.4,7.9,222.0,36.3
2026052123,Tokyo,33,9.4,9.3,193.0,22.3
2026052200,Antananarivo,18,1.7,1.5,91.0,1.0
2026052200,Dakar,95,88.9,41.7,136.0,1.1
2026052200,New_York,33,52.0,51.2,432.0,72.0
2026052200,Paris,19,13.5,8.6,225.0,31.9
2026052200,Tokyo,33,8.6,8.4,184.0,22.3
2026052201,Antananarivo,18,2.3,2.0,89.0,0.9
2026052201,Dakar,93,76.8,37.4,129.0,1.0
2026052201,New_York,34,55.3,54.4,466.0,71.7
2026052201,Paris,19,12.6,8.6,214.0,23.5
2026052201,Tokyo,32,7.8,7.7,175.0,21.8
2026052202,Antananarivo,19,1.7,1.5,88.0,0.8
2026052202,Dakar,92,70.5,34.5,122.0,0.8
2026052202,New_York,38,56.9,56.0,461.0,71.1
2026052202,Paris,19,11.5,7.5,186.0,18.0
2026052202,Tokyo,32,7.1,7.0,168.0,21.1
2026052203,Antananarivo,19,1.5,1.2,88.0,0.8
2026052203,Dakar,91,69.4,32.7,118.0,0.7
2026052203,New_York,43,59.1,58.2,381.0,72.0
2026052203,Paris,19,11.5,7.2,179.0,16.1
2026052203,Tokyo,32,6.4,6.2,165.0,20.5
2026052204,Antananarivo,19,1.7,1.3,90.0,0.9
2026052204,Dakar,89,72.2,32.2,116.0,0.7
2026052204,New_York,51,56.5,55.8,261.0,72.4
2026052204,Paris,18,11.5,7.0,178.0,16.3
2026052204,Tokyo,32,5.2,5.0,171.0,20.1
2026052205,Antananarivo,20,1.9,1.5,93.0,1.0
2026052205,Dakar,88,77.5,32.6,116.0,0.8
2026052205,New_York,59,44.7,44.2,174.0,67.9
2026052205,Paris,18,11.8,6.9,183.0,16.4
2026052205,Tokyo,33,4.9,4.6,182.0,19.7
2026052206,Antananarivo,20,2.6,2.1,97.0,1.1
2026052206,Dakar,88,84.5,33.3,121.0,1.0
2026052206,New_York,61,29.1,28.8,156.0,53.7
2026052206,Paris,18,12.9,7.4,191.0,27.0
2026052206,Tokyo,33,5.7,5.4,191.0,19.6
2026052207,Antananarivo,21,3.0,2.5,101.0,1.0
2026052207,Dakar,87,93.4,34.3,137.0,1.5
2026052207,New_York,62,16.7,16.6,171.0,34.4
2026052207,Paris,19,15.0,12.1,240.0,37.0
2026052207,Tokyo,32,6.5,6.2,198.0,20.0
2026052208,Antananarivo,22,3.6,3.0,106.0,0.8
2026052208,Dakar,87,100.6,35.4,159.0,2.0
2026052208,New_York,62,6.1,6.0,183.0,21.8
2026052208,Paris,20,16.4,13.5,403.0,39.7
2026052208,Tokyo,30,7.1,6.9,204.0,20.7
2026052209,Antananarivo,23,4.4,3.7,110.0,0.6
2026052209,Dakar,86,106.9,36.8,171.0,2.3
2026052209,New_York,62,4.3,4.2,177.0,18.5
2026052209,Paris,18,17.3,12.8,438.0,36.8
2026052209,Tokyo,32,6.5,6.3,205.0,18.7
2026052210,Antananarivo,24,5.1,4.3,114.0,0.5
2026052210,Dakar,86,113.2,38.2,164.0,1.9
2026052210,New_York,62,4.2,4.1,169.0,13.8
2026052210,Paris,17,16.2,11.8,369.0,31.6
2026052210,Tokyo,32,7.5,7.1,196.0,17.9
2026052211,Antananarivo,24,5.6,4.8,118.0,0.4
2026052211,Dakar,86,118.3,38.5,148.0,1.2
2026052211,New_York,62,4.8,4.5,161.0,10.1
2026052211,Paris,26,15.1,11.1,341.0,24.9
2026052211,Tokyo,32,7.5,6.9,182.0,16.7
2026052212,Antananarivo,25,6.0,5.1,122.0,0.4
2026052212,Dakar,85,139.2,42.7,135.0,0.8
2026052212,New_York,62,5.2,4.9,157.0,8.0
2026052212,Paris,34,12.5,8.7,282.0,15.4
2026052212,Tokyo,32,6.6,6.0,172.0,15.8
2026052213,Antananarivo,26,6.4,5.4,126.0,0.4
2026052213,Dakar,85,134.6,42.1,131.0,0.7
2026052213,New_York,62,6.0,5.6,154.0,6.8
2026052213,Paris,42,11.8,7.2,247.0,10.9
2026052213,Tokyo,31,6.6,6.0,169.0,15.4
2026052214,Antananarivo,26,6.7,5.7,129.0,0.4
2026052214,Dakar,85,131.3,40.5,131.0,0.6
2026052214,New_York,62,7.0,6.2,152.0,6.3
2026052214,Paris,47,10.2,6.4,218.0,7.3
2026052214,Tokyo,31,7.4,6.7,171.0,15.2
2026052215,Antananarivo,26,7.1,6.0,130.0,0.5
2026052215,Dakar,84,130.4,40.9,134.0,0.7
2026052215,New_York,62,8.1,6.9,149.0,6.2
2026052215,Paris,50,9.0,5.5,199.0,6.9
2026052215,Tokyo,30,8.7,7.4,176.0,15.5
2026052216,Antananarivo,24,7.8,6.6,125.0,0.9
2026052216,Dakar,83,129.5,43.0,141.0,0.9
2026052216,New_York,62,9.4,7.7,146.0,6.8
2026052216,Paris,51,8.6,5.5,201.0,7.4
2026052216,Tokyo,29,10.9,8.9,188.0,16.7
2026052217,Antananarivo,22,9.0,7.6,118.0,1.4
2026052217,Dakar,83,128.5,45.6,152.0,1.3
2026052217,New_York,62,10.9,8.6,146.0,8.5
2026052217,Paris,50,8.5,5.9,204.0,9.0
2026052217,Tokyo,28,11.4,9.3,205.0,18.3
2026052218,Antananarivo,20,10.5,8.8,112.0,1.8
2026052218,Dakar,83,126.2,47.4,163.0,1.8
2026052218,New_York,62,12.5,9.9,154.0,12.2
2026052218,Paris,47,8.5,6.0,209.0,12.1
2026052218,Tokyo,27,13.0,11.0,216.0,19.1
2026052219,Antananarivo,18,9.5,7.9,109.0,1.8
2026052219,Dakar,83,122.9,48.2,172.0,2.6
2026052219,New_York,61,15.0,11.8,166.0,17.0
2026052219,Paris,43,9.6,5.8,213.0,16.1
2026052219,Tokyo,27,13.1,11.1,219.0,18.4
2026052220,Antananarivo,17,7.2,6.1,108.0,1.7
2026052220,Dakar,83,118.0,48.3,181.0,3.5
2026052220,New_York,61,15.3,12.0,172.0,17.9
2026052220,Paris,38,9.8,5.8,197.0,24.8
2026052220,Tokyo,28,12.8,11.0,216.0,17.0
2026052221,Antananarivo,16,6.1,5.3,106.0,1.5
2026052221,Dakar,83,113.2,47.1,192.0,4.4
2026052221,New_York,60,15.2,11.7,167.0,19.2
2026052221,Paris,32,10.7,6.3,198.0,33.4
2026052221,Tokyo,30,12.5,10.7,212.0,14.7
2026052222,Antananarivo,16,5.3,4.8,102.0,1.4
2026052222,Dakar,83,116.4,48.4,211.0,5.4
2026052222,New_York,54,15.7,12.0,157.0,21.1
2026052222,Paris,23,11.7,6.6,231.0,39.9
2026052222,Tokyo,30,12.1,10.6,206.0,14.6
2026052223,Antananarivo,17,4.2,3.7,96.0,1.4
2026052223,Dakar,83,123.9,50.9,232.0,6.3
2026052223,New_York,48,16.5,12.7,150.0,22.3
2026052223,Paris,20,15.3,9.1,257.0,39.6
2026052223,Tokyo,29,12.5,10.5,197.0,14.5
2026052300,Antananarivo,18,3.3,2.8,92.0,1.3
2026052300,Dakar,83,124.8,50.9,234.0,2.3
2026052300,New_York,42,17.9,14.1,150.0,22.5
2026052300,Paris,20,15.7,10.2,267.0,39.3
2026052300,Tokyo,29,11.9,9.9,190.0,14.4
2026052301,Antananarivo,18,2.9,2.4,89.0,1.2
2026052301,Dakar,84,119.7,49.1,201.0,2.0
2026052301,New_York,38,18.5,14.7,152.0,22.0
2026052301,Paris,17,14.9,10.8,259.0,33.4
2026052301,Tokyo,28,11.5,9.4,186.0,14.3
2026052302,Antananarivo,18,2.6,2.1,86.0,1.1
2026052302,Dakar,84,114.8,47.0,150.0,1.6
2026052302,New_York,35,18.0,14.5,154.0,21.3
2026052302,Paris,17,14.3,10.3,238.0,33.4
2026052302,Tokyo,28,11.5,9.2,184.0,14.2
2026052303,Antananarivo,18,2.5,2.1,86.0,1.1
2026052303,Dakar,85,109.7,44.5,113.0,1.3
2026052303,New_York,31,17.3,13.9,153.0,20.1
2026052303,Paris,17,13.9,10.3,236.0,30.2
2026052303,Tokyo,27,11.3,8.9,181.0,14.6
2026052304,Antananarivo,18,2.3,1.9,89.0,1.2
2026052304,Dakar,86,108.3,42.3,103.0,1.3
2026052304,New_York,28,16.8,13.4,152.0,18.6
2026052304,Paris,17,14.0,9.7,223.0,28.4
2026052304,Tokyo,26,11.3,8.8,175.0,15.9
2026052305,Antananarivo,18,2.5,2.0,95.0,1.4
2026052305,Dakar,86,111.5,42.0,107.0,1.4
2026052305,New_York,24,16.1,12.9,153.0,17.9
2026052305,Paris,17,14.1,9.0,217.0,26.8
2026052305,Tokyo,25,11.7,9.2,168.0,17.7
2026052306,Antananarivo,18,3.0,2.5,100.0,1.4
2026052306,Dakar,87,110.8,40.7,115.0,1.6
2026052306,New_York,21,15.7,12.6,158.0,18.4
2026052306,Paris,17,13.8,8.6,213.0,27.9
2026052306,Tokyo,24,13.6,10.6,164.0,18.7
2026052307,Antananarivo,20,3.8,3.2,104.0,1.1
2026052307,Dakar,87,108.0,38.4,129.0,1.8
2026052307,New_York,21,15.7,12.6,166.0,19.6
2026052307,Paris,17,14.6,9.6,273.0,26.9
2026052307,Tokyo,24,17.1,13.4,165.0,18.5
2026052308,Antananarivo,22,4.5,3.7,108.0,0.7
2026052308,Dakar,88,105.2,35.9,147.0,2.0
2026052308,New_York,20,17.2,14.0,171.0,22.3
2026052308,Paris,17,15.8,11.3,436.0,26.3
2026052308,Tokyo,26,19.3,14.9,168.0,17.6
2026052309,Antananarivo,23,5.2,4.0,109.0,0.4
2026052309,Dakar,88,102.9,33.4,159.0,2.0
2026052309,New_York,20,16.9,13.8,173.0,23.1
2026052309,Paris,19,16.0,11.0,448.0,24.3
2026052309,Tokyo,27,20.6,15.6,170.0,18.1
2026052310,Antananarivo,24,5.2,4.0,106.0,0.3
2026052310,Dakar,88,110.4,33.4,157.0,1.6
2026052310,New_York,21,16.4,13.5,172.0,24.1
2026052310,Paris,25,13.7,10.3,403.0,21.6
2026052310,Tokyo,28,21.1,16.0,168.0,17.1
2026052311,Antananarivo,26,5.0,4.0,101.0,0.2
2026052311,Dakar,88,118.7,34.7,148.0,1.1
2026052311,New_York,22,16.1,13.6,171.0,23.9
2026052311,Paris,31,12.6,9.6,340.0,16.3
2026052311,Tokyo,31,21.9,16.7,164.0,15.9
2026052312,Antananarivo,26,4.7,3.7,97.0,0.2
2026052312,Dakar,88,105.5,33.1,141.0,0.8
2026052312,New_York,25,14.2,12.3,168.0,21.1
2026052312,Paris,41,11.8,8.0,281.0,11.7
2026052312,Tokyo,33,23.2,17.6,161.0,15.4
2026052313,Antananarivo,26,4.2,3.3,92.0,0.2
2026052313,Dakar,87,113.6,34.5,138.0,0.7
2026052313,New_York,28,13.1,11.2,163.0,17.1
2026052313,Paris,50,11.0,7.4,252.0,9.5
2026052313,Tokyo,34,24.2,18.3,161.0,15.9
2026052314,Antananarivo,25,3.9,2.9,88.0,0.1
2026052314,Dakar,87,113.4,35.3,136.0,0.7
2026052314,New_York,30,12.3,10.3,161.0,14.5
2026052314,Paris,57,10.9,7.2,242.0,8.2
2026052314,Tokyo,34,24.6,18.7,162.0,17.3
2026052315,Antananarivo,23,1.0,0.7,89.0,0.3
2026052315,Dakar,86,112.0,35.5,135.0,0.7
2026052315,New_York,30,11.1,9.5,163.0,14.5
2026052315,Paris,61,10.8,7.5,240.0,7.8
2026052315,Tokyo,33,25.6,19.4,166.0,19.5
2026052316,Antananarivo,22,1.4,1.1,99.0,0.7
2026052316,Dakar,86,108.0,35.0,137.0,1.0
2026052316,New_York,28,10.5,9.1,168.0,15.8
2026052316,Paris,62,10.8,7.7,238.0,7.9
2026052316,Tokyo,31,26.3,20.0,175.0,23.5
2026052317,Antananarivo,19,2.3,2.0,113.0,1.3
2026052317,Dakar,86,104.8,34.2,140.0,1.3
2026052317,New_York,27,10.9,9.5,173.0,17.4
2026052317,Paris,61,11.2,7.7,237.0,8.9
2026052317,Tokyo,27,26.6,20.4,187.0,28.5
2026052318,Antananarivo,17,4.0,3.6,125.0,1.8
2026052318,Dakar,85,101.3,33.2,143.0,1.7
2026052318,New_York,26,11.1,9.9,181.0,19.5
2026052318,Paris,60,12.0,7.8,232.0,10.1
2026052318,Tokyo,27,27.9,21.6,196.0,32.1
2026052319,Antananarivo,15,4.8,4.4,132.0,2.3
2026052319,Dakar,85,98.7,32.1,147.0,2.0
2026052319,New_York,25,10.2,9.1,190.0,21.9
2026052319,Paris,51,12.2,7.3,224.0,14.3
2026052319,Tokyo,28,28.7,22.3,200.0,33.1
2026052320,Antananarivo,14,5.7,5.3,136.0,2.8
2026052320,Dakar,85,93.6,30.7,151.0,2.4
2026052320,New_York,24,12.8,10.7,193.0,22.5
2026052320,Paris,42,12.7,7.1,203.0,19.3
2026052320,Tokyo,29,29.0,22.5,201.0,32.7
2026052321,Antananarivo,12,7.1,6.8,135.0,3.1
2026052321,Dakar,84,86.6,28.8,154.0,2.6
2026052321,New_York,25,11.6,9.9,186.0,20.7
2026052321,Paris,30,14.2,7.5,214.0,32.1
2026052321,Tokyo,30,28.5,23.6,201.0,40.1
2026052322,Antananarivo,12,8.5,8.2,124.0,3.3
2026052322,Dakar,84,82.0,27.2,156.0,2.6
2026052322,New_York,26,11.8,10.0,173.0,18.1
2026052322,Paris,24,16.8,8.7,247.0,46.3
2026052322,Tokyo,31,27.2,22.4,199.0,36.7
2026052323,Antananarivo,12,8.2,7.9,107.0,3.3
2026052323,Dakar,83,77.8,25.9,156.0,2.5
2026052323,New_York,27,12.3,10.5,161.0,15.4
2026052323,Paris,22,17.4,9.7,251.0,38.9
2026052323,Tokyo,32,25.8,21.1,195.0,31.9
2026052400,Antananarivo,12,7.0,6.6,94.0,3.3
2026052400,Dakar,82,105.0,34.7,152.0,2.2
2026052400,New_York,28,12.8,11.0,153.0,12.3
2026052400,Paris,18,17.8,9.5,240.0,31.7
2026052400,Tokyo,33,25.3,20.5,192.0,28.1
2026052401,Antananarivo,12,6.4,6.1,87.0,3.2
2026052401,Dakar,82,96.2,32.6,139.0,2.1
2026052401,New_York,30,13.4,11.8,146.0,9.0
2026052401,Paris,18,18.5,9.4,233.0,27.9
2026052401,Tokyo,33,25.5,20.3,188.0,26.1
2026052402,Antananarivo,12,6.1,5.7,84.0,3.1
2026052402,Dakar,82,94.5,32.4,120.0,2.0
2026052402,New_York,31,13.9,12.5,140.0,6.7
2026052402,Paris,18,19.0,11.8,235.0,26.6
2026052402,Tokyo,34,24.3,18.9,185.0,25.0
2026052403,Antananarivo,11,6.6,6.3,88.0,3.2
2026052403,Dakar,81,94.5,32.4,107.0,1.9
2026052403,New_York,32,13.5,12.3,132.0,5.8
2026052403,Paris,18,19.0,11.3,218.0,25.1
2026052403,Tokyo,35,25.0,19.0,184.0,24.8
2026052404,Antananarivo,11,6.1,5.8,103.0,3.1
2026052404,Dakar,81,94.5,32.6,102.0,1.9
2026052404,New_York,32,12.5,11.5,125.0,5.8
2026052404,Paris,18,18.5,11.6,221.0,27.7
2026052404,Tokyo,36,22.6,17.2,188.0,26.0
2026052405,Antananarivo,11,5.2,4.9,124.0,3.0
2026052405,Dakar,81,93.8,32.5,103.0,2.0
2026052405,New_York,32,11.5,10.5,121.0,6.4
2026052405,Paris,18,18.2,11.2,210.0,25.4
2026052405,Tokyo,37,23.5,17.8,195.0,28.1
2026052406,Antananarivo,12,5.4,5.1,140.0,2.7
2026052406,Dakar,81,93.4,32.2,106.0,2.0
2026052406,New_York,31,10.1,9.2,124.0,7.8
2026052406,Paris,18,18.2,10.7,196.0,25.9
2026052406,Tokyo,37,24.6,19.2,201.0,29.3
2026052407,Antananarivo,15,6.0,5.7,146.0,2.1
2026052407,Dakar,80,91.0,31.7,114.0,2.0
2026052407,New_York,30,9.6,8.5,131.0,9.8
2026052407,Paris,18,19.4,11.4,256.0,21.6
2026052407,Tokyo,38,29.7,23.3,206.0,28.6
2026052408,Antananarivo,18,5.4,5.1,146.0,1.2
2026052408,Dakar,80,84.8,30.3,125.0,2.0
2026052408,New_York,29,9.9,9.1,137.0,12.1
2026052408,Paris,19,20.3,15.8,366.0,21.5
2026052408,Tokyo,39,33.8,25.7,210.0,26.9
2026052409,Antananarivo,21,4.9,4.6,146.0,0.6
2026052409,Dakar,80,82.0,29.7,132.0,1.9
2026052409,New_York,28,10.2,9.2,139.0,14.4
2026052409,Paris,22,21.1,13.5,361.0,18.6
2026052409,Tokyo,40,36.9,28.3,212.0,26.5
2026052410,Antananarivo,23,4.5,4.1,148.0,0.3
2026052410,Dakar,79,80.1,29.6,131.0,1.5
2026052410,New_York,26,10.0,8.8,140.0,17.5
2026052410,Paris,28,20.5,12.3,333.0,16.5
2026052410,Tokyo,42,38.9,29.9,209.0,26.4
2026052411,Antananarivo,23,3.6,3.3,148.0,0.2
2026052411,Dakar,79,78.5,29.6,127.0,1.1
2026052411,New_York,25,9.6,8.7,140.0,19.3
2026052411,Paris,36,21.2,11.9,308.0,13.4
2026052411,Tokyo,44,41.0,31.8,203.0,26.4
2026052412,Antananarivo,24,2.9,2.6,146.0,0.2
2026052412,Dakar,78,82.7,33.4,124.0,0.7
2026052412,New_York,25,8.5,7.7,137.0,18.5
2026052412,Paris,41,19.2,10.7,235.0,7.6
2026052412,Tokyo,47,41.8,32.2,197.0,27.5
2026052413,Antananarivo,24,2.4,2.1,137.0,0.1
2026052413,Dakar,78,86.6,35.0,126.0,0.6
2026052413,New_York,26,7.7,7.0,134.0,16.4
2026052413,Paris,52,20.5,10.7,199.0,5.7
2026052413,Tokyo,49,40.6,31.1,190.0,30.1
2026052414,Antananarivo,23,2.5,2.2,124.0,0.0
2026052414,Dakar,77,92.4,37.3,130.0,0.6
2026052414,New_York,27,9.0,7.9,132.0,14.7
2026052414,Paris,53,20.2,10.2,189.0,4.9
2026052414,Tokyo,51,44.6,34.2,183.0,33.8
2026052415,Antananarivo,23,4.9,4.0,117.0,0.4
2026052415,Dakar,77,98.5,39.7,134.0,0.6
2026052415,New_York,28,10.0,8.8,133.0,13.4
2026052415,Paris,52,22.9,9.8,189.0,4.0
2026052415,Tokyo,54,44.8,34.8,177.0,38.2
2026052416,Antananarivo,21,5.2,4.3,122.0,1.5
2026052416,Dakar,77,100.4,40.5,137.0,0.8
2026052416,New_York,29,10.0,8.5,136.0,12.5
2026052416,Paris,52,25.9,10.0,182.0,4.2
2026052416,Tokyo,56,44.7,34.9,167.0,43.2
2026052417,Antananarivo,18,7.8,7.0,132.0,3.1
2026052417,Dakar,77,102.4,40.9,139.0,1.1
2026052417,New_York,28,9.8,8.4,142.0,13.3
2026052417,Paris,52,27.9,10.6,181.0,4.5
2026052417,Tokyo,59,45.9,36.2,159.0,48.9
2026052418,Antananarivo,16,12.3,11.4,136.0,4.2
2026052418,Dakar,77,94.1,38.2,140.0,1.5
2026052418,New_York,26,10.3,9.0,150.0,16.8
2026052418,Paris,50,28.7,11.7,185.0,5.5
2026052418,Tokyo,60,44.1,35.4,164.0,55.3
2026052419,Antananarivo,14,13.4,12.5,128.0,4.6
2026052419,Dakar,76,86.1,35.4,139.0,2.2
2026052419,New_York,23,11.2,9.9,161.0,22.1
2026052419,Paris,45,31.5,11.9,173.0,8.5
2026052419,Tokyo,61,48.4,39.7,192.0,63.2
2026052420,Antananarivo,12,13.1,12.2,115.0,4.6
2026052420,Dakar,76,79.9,32.8,136.0,3.1
2026052420,New_York,21,9.3,8.4,173.0,24.9
2026052420,Paris,41,32.7,11.8,170.0,13.7
2026052420,Tokyo,61,48.3,41.2,234.0,71.7
2026052421,Antananarivo,12,12.7,12.0,105.0,4.5
2026052421,Dakar,76,78.2,31.4,133.0,3.6
2026052421,New_York,19,10.9,9.9,188.0,31.0
2026052421,Paris,35,29.0,12.1,184.0,20.5
2026052421,Tokyo,62,36.4,30.7,279.0,58.1
2026052422,Antananarivo,12,12.5,11.9,103.0,4.4
2026052422,Dakar,76,75.9,30.2,129.0,3.6
2026052422,New_York,20,12.8,11.6,205.0,39.4
2026052422,Paris,30,26.9,11.9,201.0,21.6
2026052422,Tokyo,62,37.1,32.2,332.0,61.8
2026052423,Antananarivo,13,11.2,10.6,104.0,4.2
2026052423,Dakar,76,67.8,27.5,125.0,3.3
2026052423,New_York,22,14.8,13.4,217.0,45.9
2026052423,Paris,27,25.1,11.5,205.0,19.9
2026052423,Tokyo,63,40.5,36.2,388.0,66.9
2026052500,Antananarivo,13,10.5,10.0,105.0,4.2
2026052500,Dakar,76,62.2,25.3,120.0,2.5
2026052500,New_York,23,17.1,15.5,219.0,48.4
2026052500,Paris,24,23.1,11.7,218.0,19.9
2026052500,Tokyo,63,40.3,36.6,420.0,70.3
2026052501,Antananarivo,13,10.3,9.7,104.0,4.5
2026052501,Dakar,75,59.8,24.2,115.0,2.3
2026052501,New_York,24,18.9,17.1,217.0,48.9
2026052501,Paris,24,24.5,12.2,207.0,19.6
2026052501,Tokyo,64,38.8,35.3,412.0,71.0
2026052502,Antananarivo,14,10.1,9.4,102.0,4.9
2026052502,Dakar,74,59.8,23.7,110.0,2.1
2026052502,New_York,24,18.7,17.1,217.0,49.4
2026052502,Paris,25,28.4,12.7,189.0,13.9
2026052502,Tokyo,64,35.6,32.1,380.0,70.1
2026052503,Antananarivo,14,5.4,4.9,105.0,2.5
2026052503,Dakar,74,59.0,23.3,106.0,1.9
2026052503,New_York,24,17.0,15.7,222.0,50.7
2026052503,Paris,24,28.9,13.7,181.0,12.3
2026052503,Tokyo,65,32.7,29.2,351.0,67.7
2026052504,Antananarivo,14,3.8,3.4,115.0,2.4
2026052504,Dakar,73,58.8,23.0,104.0,1.8
2026052504,New_York,25,16.7,15.5,230.0,52.0
2026052504,Paris,24,29.5,14.6,180.0,12.1
2026052504,Tokyo,65,31.2,27.6,339.0,63.8
2026052505,Antananarivo,15,3.7,3.3,128.0,2.2
2026052505,Dakar,72,58.4,22.6,103.0,1.7
2026052505,New_York,25,17.6,16.3,239.0,52.1
2026052505,Paris,24,30.3,16.0,182.0,13.8
2026052505,Tokyo,65,31.1,27.5,330.0,58.5
2026052506,Antananarivo,16,4.1,3.7,143.0,1.9
2026052506,Dakar,72,59.3,22.5,107.0,1.7
2026052506,New_York,24,19.1,17.7,252.0,50.3
2026052506,Paris,25,31.8,17.1,188.0,17.9
2026052506,Tokyo,66,32.9,29.0,310.0,51.6
2026052507,Antananarivo,18,4.8,4.5,161.0,1.5
2026052507,Dakar,71,60.5,22.4,119.0,2.1
2026052507,New_York,23,19.0,17.7,266.0,47.4
2026052507,Paris,25,35.9,19.2,226.0,25.6
2026052507,Tokyo,66,29.3,24.4,267.0,41.5
2026052508,Antananarivo,20,5.4,4.9,179.0,1.1
2026052508,Dakar,71,59.6,22.1,135.0,2.6
2026052508,New_York,23,24.4,23.7,270.0,47.5
2026052508,Paris,26,34.1,22.0,299.0,30.9
2026052508,Tokyo,66,21.8,16.3,214.0,30.0
2026052509,Antananarivo,22,5.6,5.2,188.0,0.7
2026052509,Dakar,70,58.8,22.2,146.0,2.8
2026052509,New_York,24,25.3,24.3,258.0,44.9
2026052509,Paris,27,37.3,22.7,296.0,28.1
2026052509,Tokyo,66,16.1,13.0,174.0,25.5
2026052510,Antananarivo,24,6.0,5.5,179.0,0.5
2026052510,Dakar,70,60.8,23.1,146.0,2.4
2026052510,New_York,26,20.3,19.0,237.0,41.0
2026052510,Paris,28,39.6,18.7,301.0,26.5
2026052510,Tokyo,65,17.9,14.7,159.0,25.6
2026052511,Antananarivo,26,5.0,4.6,160.0,0.4
2026052511,Dakar,70,59.8,23.3,141.0,1.8
2026052511,New_York,27,16.6,15.8,217.0,36.2
2026052511,Paris,39,40.2,17.8,273.0,14.8
2026052511,Tokyo,65,19.3,15.9,157.0,25.8
2026052512,Antananarivo,27,4.2,3.8,144.0,0.3
2026052512,Dakar,69,72.9,28.3,137.0,1.4
2026052512,New_York,27,13.9,13.3,201.0,29.9
2026052512,Paris,53,43.9,16.6,244.0,9.9
2026052512,Tokyo,64,20.0,16.7,160.0,26.1
2026052513,Antananarivo,28,4.2,3.9,136.0,0.1
2026052513,Dakar,69,78.2,29.5,138.0,1.4
2026052513,New_York,28,9.9,9.5,186.0,22.7
2026052513,Paris,57,44.8,16.5,222.0,7.9
2026052513,Tokyo,63,20.7,17.3,166.0,26.3
2026052514,Antananarivo,28,4.4,4.0,131.0,0.0
2026052514,Dakar,69,82.0,30.2,141.0,1.3
2026052514,New_York,28,8.7,8.5,177.0,17.1
2026052514,Paris,61,41.1,15.8,197.0,6.2
2026052514,Tokyo,63,21.1,17.6,177.0,26.6
2026052515,Antananarivo,29,8.0,7.1,131.0,0.5
2026052515,Dakar,69,85.9,31.2,145.0,1.4
2026052515,New_York,28,9.8,9.7,173.0,12.1
2026052515,Paris,57,41.0,15.9,196.0,5.7
2026052515,Tokyo,62,20.7,17.1,194.0,27.9
2026052516,Antananarivo,27,8.2,7.2,141.0,2.2
2026052516,Dakar,69,90.3,31.8,151.0,1.6
2026052516,New_York,29,9.8,9.7,175.0,8.6
2026052516,Paris,55,38.8,15.7,197.0,6.1
2026052516,Tokyo,62,21.2,17.2,218.0,30.3
2026052517,Antananarivo,23,10.7,9.8,156.0,4.6
2026052517,Dakar,69,96.4,32.6,157.0,2.0
2026052517,New_York,30,9.8,9.7,188.0,11.7
2026052517,Paris,53,37.6,15.1,196.0,6.7
2026052517,Tokyo,61,21.2,17.2,248.0,33.8
2026052518,Antananarivo,20,16.6,15.8,165.0,6.7
2026052518,Dakar,68,98.0,32.8,160.0,2.4
2026052518,New_York,28,11.3,11.2,219.0,27.1
2026052518,Paris,50,39.8,15.3,197.0,8.2
2026052518,Tokyo,61,20.7,16.9,275.0,38.6
2026052519,Antananarivo,16,21.4,20.5,164.0,8.2
2026052519,Dakar,68,98.3,32.8,158.0,2.9
2026052519,New_York,28,17.2,17.0,260.0,49.1
2026052519,Paris,48,44.0,16.5,196.0,9.9
2026052519,Tokyo,60,21.1,17.6,292.0,45.8
2026052520,Antananarivo,16,25.1,24.3,157.0,9.3
2026052520,Dakar,69,103.8,33.4,152.0,3.5
2026052520,New_York,32,38.1,37.7,296.0,68.9
2026052520,Paris,43,47.2,16.5,176.0,14.5
2026052520,Tokyo,57,25.2,21.9,306.0,54.4
2026052521,Antananarivo,17,24.9,24.2,150.0,9.7
2026052521,Dakar,69,103.6,33.4,147.0,3.9
2026052521,New_York,32,37.1,37.1,323.0,70.4
2026052521,Paris,38,48.2,18.1,193.0,21.7
2026052521,Tokyo,53,25.2,21.5,335.0,56.7
2026052522,Antananarivo,18,19.3,18.6,143.0,8.8
2026052522,Dakar,69,100.4,32.6,143.0,3.9
2026052522,New_York,34,37.0,37.0,344.0,72.4
2026052522,Paris,36,44.3,18.0,192.0,21.9
2026052522,Tokyo,52,25.5,22.6,395.0,58.8
2026052523,Antananarivo,18,15.3,14.6,134.0,7.1
2026052523,Dakar,70,98.7,31.9,138.0,3.7
2026052523,New_York,36,37.6,37.5,349.0,73.1
2026052523,Paris,37,32.8,14.0,203.0,21.3
2026052523,Tokyo,50,25.2,22.8,469.0,61.7
2026052600,Antananarivo,19,14.1,13.5,127.0,5.6
2026052600,Dakar,70,117.1,36.4,133.0,2.7
2026052600,New_York,38,40.4,40.3,328.0,72.7
2026052600,Paris,37,28.6,11.3,199.0,22.1
2026052600,Tokyo,48,24.8,22.6,527.0,64.2
2026052601,Antananarivo,19,12.6,12.0,120.0,4.7
2026052601,Dakar,71,117.6,36.7,127.0,2.4
2026052601,New_York,40,41.6,41.4,292.0,71.1
2026052601,Paris,37,23.8,10.7,193.0,21.4
2026052601,Tokyo,46,25.6,23.6,554.0,66.1
2026052602,Antananarivo,19,9.8,9.3,114.0,3.9
2026052602,Dakar,72,115.5,36.4,119.0,2.0
2026052602,New_York,44,33.3,33.1,257.0,66.3
2026052602,Paris,37,19.0,10.2,184.0,14.3
2026052602,Tokyo,44,27.0,25.1,564.0,67.6
2026052603,Antananarivo,19,5.3,4.9,112.0,2.3
2026052603,Dakar,73,116.9,36.8,114.0,1.8
2026052603,New_York,46,26.3,26.0,226.0,55.5
2026052603,Paris,37,16.4,9.7,171.0,12.5
2026052603,Tokyo,43,27.5,25.8,571.0,67.7
2026052604,Antananarivo,19,4.7,4.4,114.0,2.7
2026052604,Dakar,74,122.5,37.8,109.0,1.8
2026052604,New_York,48,21.7,21.2,198.0,41.6
2026052604,Paris,36,17.4,8.9,171.0,10.4
2026052604,Tokyo,42,27.1,25.4,592.0,66.0
2026052605,Antananarivo,19,4.7,4.4,120.0,3.2
2026052605,Dakar,75,128.1,38.8,106.0,2.0
2026052605,New_York,49,18.3,17.9,184.0,30.9
2026052605,Paris,36,14.3,8.5,176.0,11.6
2026052605,Tokyo,42,27.9,26.2,609.0,62.9
2026052606,Antananarivo,19,5.7,5.4,133.0,3.3
2026052606,Dakar,76,134.6,39.8,109.0,2.2
2026052606,New_York,49,16.2,15.8,196.0,26.9
2026052606,Paris,35,14.6,8.9,196.0,25.7
2026052606,Tokyo,41,25.4,22.9,585.0,58.7
2026052607,Antananarivo,19,6.2,5.9,159.0,2.6
2026052607,Dakar,78,138.3,40.4,126.0,2.5
2026052607,New_York,49,15.3,15.0,223.0,26.2
2026052607,Paris,34,16.1,9.4,242.0,38.4
2026052607,Tokyo,40,25.6,22.9,483.0,52.9
2026052608,Antananarivo,19,6.4,6.0,191.0,1.5
2026052608,Dakar,79,141.6,41.1,149.0,2.9
2026052608,New_York,49,9.2,9.1,241.0,21.9
2026052608,Paris,34,18.4,14.0,431.0,45.3
2026052608,Tokyo,40,19.3,16.6,339.0,46.1
2026052609,Antananarivo,23,7.9,7.3,212.0,0.7
2026052609,Dakar,80,142.0,41.9,166.0,3.0
2026052609,New_York,46,9.4,9.3,241.0,19.4
2026052609,Paris,33,19.4,14.0,449.0,47.0
2026052609,Tokyo,40,16.4,13.6,229.0,33.8
2026052610,Antananarivo,26,9.3,8.4,210.0,0.4
2026052610,Dakar,82,142.0,42.3,170.0,2.6
2026052610,New_York,44,9.5,9.4,233.0,15.9
2026052610,Paris,32,19.1,14.3,395.0,42.3
2026052610,Tokyo,40,17.9,14.9,182.0,31.8
2026052611,Antananarivo,28,8.5,7.7,196.0,0.4
2026052611,Dakar,83,139.2,42.1,168.0,2.0
2026052611,New_York,42,8.8,8.7,225.0,13.0
2026052611,Paris,32,17.5,13.3,376.0,35.5
2026052611,Tokyo,40,19.5,15.0,169.0,29.2
2026052612,Antananarivo,29,7.8,6.9,184.0,0.4
2026052612,Dakar,84,119.7,38.2,165.0,1.7
2026052612,New_York,47,8.9,8.8,221.0,10.9
2026052612,Paris,47,17.1,11.2,306.0,22.3
2026052612,Tokyo,40,23.7,17.0,176.0,27.6
2026052613,Antananarivo,30,7.7,6.8,177.0,0.3
2026052613,Dakar,85,120.6,39.7,161.0,1.5
2026052613,New_York,57,10.3,10.1,218.0,9.4
2026052613,Paris,61,18.7,10.6,289.0,16.7
2026052613,Tokyo,40,27.0,18.3,209.0,27.9
2026052614,Antananarivo,30,7.7,6.7,172.0,0.2
2026052614,Dakar,86,120.6,41.2,155.0,1.2
2026052614,New_York,61,11.9,11.8,214.0,9.0
2026052614,Paris,64,21.2,11.1,266.0,12.6
2026052614,Tokyo,40,28.3,19.0,263.0,29.3
2026052615,Antananarivo,28,14.9,12.5,177.0,0.6
2026052615,Dakar,87,122.0,43.2,152.0,1.2
2026052615,New_York,63,12.9,12.8,204.0,8.6
2026052615,Paris,67,23.2,11.8,246.0,9.1
2026052615,Tokyo,41,28.2,19.0,300.0,30.9
2026052616,Antananarivo,26,15.0,12.7,206.0,1.9
2026052616,Dakar,87,123.9,44.9,154.0,1.7
2026052616,New_York,64,14.0,13.9,193.0,9.4
2026052616,Paris,67,23.0,10.6,231.0,9.0
2026052616,Tokyo,41,27.3,17.8,301.0,32.4
2026052617,Antananarivo,22,15.8,13.7,245.0,3.8
2026052617,Dakar,88,124.8,46.2,159.0,2.4
2026052617,New_York,63,15.7,15.7,192.0,15.6
2026052617,Paris,65,21.9,9.9,214.0,9.7
2026052617,Tokyo,41,25.0,16.8,285.0,34.1
2026052618,Antananarivo,22,19.0,17.2,262.0,5.0
2026052618,Dakar,88,123.4,46.8,160.0,3.0
2026052618,New_York,50,17.6,17.5,211.0,32.2
2026052618,Paris,62,21.4,9.3,207.0,11.6
2026052618,Tokyo,41,21.4,15.7,282.0,36.8
2026052619,Antananarivo,22,18.2,16.6,236.0,5.1
2026052619,Dakar,89,122.5,47.3,154.0,3.3
2026052619,New_York,44,21.7,21.6,240.0,54.2
2026052619,Paris,57,21.5,9.6,202.0,13.5
2026052619,Tokyo,41,18.2,14.6,304.0,40.9
2026052620,Antananarivo,22,16.5,15.0,188.0,4.6
2026052620,Dakar,89,121.1,47.6,145.0,3.6
2026052620,New_York,45,30.9,30.5,261.0,67.2
2026052620,Paris,54,22.3,11.0,179.0,19.2
2026052620,Tokyo,40,17.2,14.6,339.0,45.9
2026052621,Antananarivo,21,14.8,13.3,149.0,4.1
2026052621,Dakar,89,122.5,48.8,139.0,3.6
2026052621,New_York,44,30.2,29.8,265.0,66.7
2026052621,Paris,43,22.7,11.9,205.0,25.6
2026052621,Tokyo,40,19.6,15.9,372.0,49.6
2026052622,Antananarivo,20,14.1,12.5,134.0,3.9
2026052622,Dakar,90,122.0,49.6,139.0,3.4
2026052622,New_York,42,29.6,29.1,262.0,65.5
2026052622,Paris,37,21.5,13.9,235.0,29.5
2026052622,Tokyo,39,19.4,16.9,404.0,52.9
2026052623,Antananarivo,20,11.7,10.6,128.0,3.7
2026052623,Dakar,90,124.3,51.1,142.0,3.1
2026052623,New_York,41,28.9,28.4,258.0,61.8
2026052623,Paris,28,23.5,13.2,251.0,52.3
2026052623,Tokyo,39,21.4,19.3,435.0,57.4
2026052700,Antananarivo,19,9.7,8.8,123.0,3.4
2026052700,Dakar,90,151.3,61.0,140.0,2.5
2026052700,New_York,40,27.7,27.4,259.0,53.2
2026052700,Paris,24,22.3,12.2,263.0,46.3
2026052700,Tokyo,38,24.3,21.9,454.0,61.0
2026052701,Antananarivo,19,8.7,7.7,112.0,2.9
2026052701,Dakar,91,157.4,61.2,129.0,2.2
2026052701,New_York,39,26.2,26.0,260.0,41.9
2026052701,Paris,23,20.1,11.2,258.0,38.5
2026052701,Tokyo,38,21.1,18.6,455.0,62.9
2026052702,Antananarivo,19,7.3,6.3,102.0,2.3
2026052702,Dakar,92,164.4,61.2,114.0,1.7
2026052702,New_York,37,24.7,24.5,257.0,32.9
2026052702,Paris,22,19.2,10.7,244.0,30.0
2026052702,Tokyo,38,19.9,17.5,444.0,63.9
2026052703,Antananarivo,18,7.1,6.1,99.0,2.4
2026052703,Dakar,92,169.5,61.0,104.0,1.3
2026052703,New_York,37,23.5,23.3,243.0,27.8
2026052703,Paris,22,18.6,11.9,241.0,30.5
2026052703,Tokyo,37,21.0,18.8,427.0,63.5
2026052704,Antananarivo,19,6.6,5.6,109.0,2.5
2026052704,Dakar,93,171.8,61.0,101.0,1.1
2026052704,New_York,36,22.6,22.5,225.0,24.8
2026052704,Paris,23,18.4,13.4,240.0,31.0
2026052704,Tokyo,37,20.6,18.7,408.0,61.7
2026052705,Antananarivo,19,6.1,5.1,126.0,2.5
2026052705,Dakar,94,172.3,60.8,102.0,1.0
2026052705,New_York,37,22.1,21.9,216.0,23.9
2026052705,Paris,23,19.3,14.0,238.0,30.6
2026052705,Tokyo,36,20.6,19.0,383.0,58.5
2026052706,Antananarivo,19,6.5,5.5,141.0,2.4
2026052706,Dakar,95,170.0,59.8,107.0,1.0
2026052706,New_York,37,22.1,22.0,226.0,26.4
2026052706,Paris,23,19.8,12.3,241.0,35.7
2026052706,Tokyo,35,21.9,20.3,348.0,54.1
2026052707,Antananarivo,19,7.3,6.4,152.0,1.9
2026052707,Dakar,95,167.6,58.3,119.0,1.2
2026052707,New_York,37,22.7,22.6,246.0,30.8
2026052707,Paris,24,20.4,12.7,291.0,43.9
2026052707,Tokyo,35,20.1,17.2,293.0,47.4
2026052708,Antananarivo,21,6.8,6.0,161.0,1.2
2026052708,Dakar,96,165.3,56.2,135.0,1.5
2026052708,New_York,38,19.3,19.2,259.0,35.6
2026052708,Paris,24,24.1,13.5,429.0,51.1
2026052708,Tokyo,35,17.1,14.6,227.0,39.4
2026052709,Antananarivo,24,6.0,5.2,167.0,0.7
2026052709,Dakar,96,163.9,53.9,145.0,1.7
2026052709,New_York,39,20.1,20.0,259.0,34.7
2026052709,Paris,24,22.7,15.3,452.0,50.0
2026052709,Tokyo,35,14.5,12.5,178.0,31.6
2026052710,Antananarivo,25,4.9,4.1,170.0,0.5
2026052710,Dakar,97,159.7,51.2,143.0,1.5
2026052710,New_York,40,19.2,19.1,251.0,33.2
2026052710,Paris,37,21.1,13.0,356.0,40.8
2026052710,Tokyo,34,15.1,13.2,158.0,30.8
2026052711,Antananarivo,25,4.9,4.1,169.0,0.3
2026052711,Dakar,97,150.9,48.2,136.0,1.2
2026052711,New_York,41,17.0,16.9,241.0,30.6
2026052711,Paris,50,20.2,11.2,230.0,15.0
2026052711,Tokyo,34,14.6,12.7,154.0,29.9
2026052712,Antananarivo,26,5.5,4.6,166.0,0.3
2026052712,Dakar,97,180.7,57.0,131.0,1.1
2026052712,New_York,43,16.8,16.6,227.0,25.7
2026052712,Paris,61,18.6,9.4,204.0,10.4
2026052712,Tokyo,34,16.0,14.0,155.0,30.1
2026052713,Antananarivo,26,5.9,4.9,157.0,0.2
2026052713,Dakar,98,173.7,54.1,132.0,1.0
2026052713,New_York,44,17.0,16.8,210.0,19.7
2026052713,Paris,64,19.0,9.1,193.0,7.0
2026052713,Tokyo,34,16.2,14.3,146.0,31.6
2026052714,Antananarivo,27,6.2,5.1,146.0,0.2
2026052714,Dakar,99,168.6,51.7,135.0,0.9
2026052714,New_York,45,17.2,16.8,196.0,14.9
2026052714,Paris,65,18.4,9.3,182.0,6.1
2026052714,Tokyo,34,17.3,15.4,141.0,34.2
2026052715,Antananarivo,27,9.9,8.0,139.0,0.4
2026052715,Dakar,100,171.4,50.3,139.0,1.0
2026052715,New_York,46,17.6,17.1,185.0,11.8
2026052715,Paris,64,19.1,10.1,177.0,6.1
2026052715,Tokyo,33,17.9,15.9,171.0,38.4
2026052716,Antananarivo,25,9.9,8.0,143.0,0.8
2026052716,Dakar,101,170.0,48.8,145.0,1.3
2026052716,New_York,47,17.5,16.9,178.0,10.0
2026052716,Paris,63,20.4,9.7,176.0,6.4
2026052716,Tokyo,33,18.3,16.4,279.0,45.3
2026052717,Antananarivo,22,9.8,8.0,152.0,1.5
2026052717,Dakar,101,168.1,47.8,152.0,1.9
2026052717,New_York,47,17.3,16.6,183.0,10.7
2026052717,Paris,62,20.0,9.6,178.0,7.2
2026052717,Tokyo,33,19.4,17.3,422.0,53.8
2026052718,Antananarivo,20,9.3,7.7,155.0,1.9
2026052718,Dakar,102,157.9,46.4,159.0,2.3
2026052718,New_York,47,17.6,17.0,211.0,16.1
2026052718,Paris,62,18.5,9.9,180.0,8.4
2026052718,Tokyo,33,20.5,18.2,506.0,61.2
2026052719,Antananarivo,18,8.1,6.7,145.0,2.0
2026052719,Dakar,103,148.5,45.5,167.0,2.7
2026052719,New_York,47,19.7,19.2,251.0,24.1
2026052719,Paris,61,17.6,9.1,177.0,10.2
2026052719,Tokyo,33,21.9,19.2,474.0,67.0
2026052720,Antananarivo,17,7.1,6.0,130.0,2.0
2026052720,Dakar,103,159.3,48.2,176.0,2.9
2026052720,New_York,47,21.7,21.4,275.0,40.8
2026052720,Paris,60,17.0,8.7,169.0,11.3
2026052720,Tokyo,34,22.6,20.1,382.0,71.9
2026052721,Antananarivo,16,5.9,5.1,118.0,1.9
2026052721,Dakar,104,174.2,52.2,179.0,3.1
2026052721,New_York,45,19.6,19.3,271.0,41.9
2026052721,Paris,53,17.6,9.5,170.0,14.4
2026052721,Tokyo,34,22.9,19.9,304.0,65.8
2026052722,Antananarivo,16,5.3,4.6,114.0,1.7
2026052722,Dakar,105,174.2,53.3,174.0,3.0
2026052722,New_York,43,17.0,16.8,252.0,43.0
2026052722,Paris,47,19.6,12.9,195.0,17.5
2026052722,Tokyo,34,22.1,19.3,267.0,64.3
2026052723,Antananarivo,18,4.6,3.9,114.0,1.5
2026052723,Dakar,106,168.1,53.2,163.0,2.8
2026052723,New_York,41,12.1,12.0,230.0,40.7
2026052723,Paris,39,22.0,13.4,201.0,18.8
2026052723,Tokyo,35,21.2,18.6,245.0,62.3
2026052800,Antananarivo,18,4.0,3.2,113.0,1.4
2026052800,Dakar,106,172.3,55.9,151.0,2.7
2026052800,New_York,39,8.1,8.0,205.0,31.6
2026052800,Paris,35,24.8,13.1,199.0,16.5
2026052800,Tokyo,34,21.0,18.5,227.0,61.1
2026052801,Antananarivo,18,3.9,3.1,108.0,1.5
2026052801,Dakar,107,167.2,56.0,137.0,2.6
2026052801,New_York,38,6.8,6.8,176.0,19.0
2026052801,Paris,34,28.8,14.4,203.0,14.4
2026052801,Tokyo,34,20.8,18.5,210.0,62.1
2026052802,Antananarivo,18,3.9,3.2,102.0,1.6
2026052802,Dakar,107,165.8,56.7,121.0,2.3
2026052802,New_York,36,6.7,6.7,155.0,10.2
2026052802,Paris,30,29.9,15.5,187.0,12.0
2026052802,Tokyo,34,20.7,18.6,198.0,63.8
2026052803,Antananarivo,17,4.3,3.6,105.0,1.6
2026052803,Dakar,107,166.7,58.0,110.0,2.2
2026052803,New_York,35,7.2,7.2,148.0,8.7
2026052803,Paris,28,30.1,16.6,185.0,11.6
2026052803,Tokyo,34,19.2,17.2,193.0,63.1
2026052804,Antananarivo,16,4.7,4.0,124.0,2.0
2026052804,Dakar,107,166.7,58.8,104.0,2.1
2026052804,New_York,33,8.0,7.9,148.0,10.9
2026052804,Paris,25,28.6,14.9,189.0,11.2
2026052804,Tokyo,34,17.6,16.1,201.0,58.4
2026052805,Antananarivo,16,5.2,4.5,152.0,2.5
2026052805,Dakar,107,164.4,59.3,101.0,2.1
2026052805,New_York,32,8.9,8.8,153.0,13.0
2026052805,Paris,24,27.2,13.5,190.0,11.5
2026052805,Tokyo,34,19.3,18.2,216.0,51.2
2026052806,Antananarivo,16,5.8,5.0,170.0,2.7
2026052806,Dakar,107,162.1,59.8,106.0,2.2
2026052806,New_York,31,10.0,10.0,164.0,14.3
2026052806,Paris,24,25.7,14.0,197.0,19.3
2026052806,Tokyo,34,20.8,19.3,222.0,43.6
2026052807,Antananarivo,18,6.2,5.4,169.0,2.2
2026052807,Dakar,106,160.2,60.8,124.0,2.4
2026052807,New_York,30,11.6,11.6,179.0,15.6
2026052807,Paris,24,26.8,14.5,216.0,28.6
2026052807,Tokyo,34,21.8,19.7,210.0,35.2
2026052808,Antananarivo,21,6.7,5.7,158.0,1.4
2026052808,Dakar,106,157.9,61.9,149.0,2.6
2026052808,New_York,29,5.3,5.2,187.0,14.7
2026052808,Paris,24,27.8,15.2,275.0,32.4
2026052808,Tokyo,34,19.3,15.8,190.0,26.4
2026052809,Antananarivo,24,7.0,5.7,148.0,0.7
2026052809,Dakar,106,152.3,61.7,166.0,2.7
2026052809,New_York,28,6.5,6.3,180.0,11.5
2026052809,Paris,24,28.8,14.5,287.0,30.4
2026052809,Tokyo,34,12.3,11.2,175.0,19.3
2026052810,Antananarivo,25,6.8,5.5,142.0,0.4
2026052810,Dakar,106,148.5,61.0,168.0,2.4
2026052810,New_York,34,6.7,6.4,165.0,7.1
2026052810,Paris,26,28.2,13.6,271.0,25.4
2026052810,Tokyo,34,9.2,8.8,167.0,18.3
2026052811,Antananarivo,26,6.9,5.5,137.0,0.3
2026052811,Dakar,106,132.7,56.6,161.0,2.0
2026052811,New_York,39,6.5,6.2,152.0,3.7
2026052811,Paris,36,27.6,13.0,263.0,18.9
2026052811,Tokyo,34,8.1,7.7,164.0,17.0
2026052812,Antananarivo,26,6.9,5.5,134.0,0.3
2026052812,Dakar,106,125.7,47.4,153.0,1.5
2026052812,New_York,40,7.3,6.9,144.0,2.4
2026052812,Paris,50,28.9,12.5,265.0,16.3
2026052812,Tokyo,33,8.9,7.9,169.0,16.7
2026052813,Antananarivo,27,6.7,5.4,134.0,0.2
2026052813,Dakar,105,129.5,47.4,143.0,1.4
2026052813,New_York,38,8.2,7.5,137.0,2.2
2026052813,Paris,61,28.8,12.2,246.0,14.9
2026052813,Tokyo,33,9.3,8.3,188.0,18.0
2026052814,Antananarivo,28,6.6,5.3,136.0,0.2
2026052814,Dakar,104,133.6,47.7,131.0,1.3
2026052814,New_York,36,7.7,7.0,134.0,2.3
2026052814,Paris,63,27.7,12.1,213.0,7.8
2026052814,Tokyo,32,9.6,8.6,214.0,20.3
2026052815,Antananarivo,28,6.2,5.0,136.0,0.4
2026052815,Dakar,103,142.5,49.7,124.0,1.3
2026052815,New_York,35,7.3,6.8,134.0,2.3
2026052815,Paris,63,26.0,12.1,207.0,6.9
2026052815,Tokyo,32,10.2,9.2,234.0,23.4
2026052816,Antananarivo,26,6.1,5.0,133.0,1.0
2026052816,Dakar,103,142.0,49.1,126.0,1.6
2026052816,New_York,34,6.7,6.2,138.0,2.7
2026052816,Paris,63,25.1,12.3,214.0,10.3
2026052816,Tokyo,31,12.5,11.4,239.0,27.4
2026052817,Antananarivo,22,6.8,5.7,128.0,1.8
2026052817,Dakar,102,151.3,50.3,133.0,2.1
2026052817,New_York,32,7.4,6.8,142.0,3.3
2026052817,Paris,61,24.4,12.0,209.0,11.3
2026052817,Tokyo,31,12.4,11.5,238.0,32.1
2026052818,Antananarivo,19,6.7,5.8,123.0,2.3
2026052818,Dakar,102,149.0,49.4,139.0,2.6
2026052818,New_York,30,7.1,6.6,148.0,4.4
2026052818,Paris,62,24.7,12.2,227.0,14.4
2026052818,Tokyo,30,13.5,12.5,239.0,36.5
2026052819,Antananarivo,17,5.4,4.6,118.0,2.3
2026052819,Dakar,102,149.0,48.8,143.0,3.2
2026052819,New_York,28,6.6,6.2,156.0,5.8
2026052819,Paris,61,25.3,12.5,264.0,20.6
2026052819,Tokyo,30,14.4,13.6,246.0,40.5
2026052820,Antananarivo,16,4.6,4.0,112.0,2.1
2026052820,Dakar,102,155.1,48.9,146.0,3.7
2026052820,New_York,27,15.5,14.4,161.0,7.4
2026052820,Paris,57,24.0,13.0,223.0,29.8
2026052820,Tokyo,29,15.8,15.0,255.0,44.3
2026052821,Antananarivo,15,4.2,3.8,108.0,1.9
2026052821,Dakar,102,153.7,48.1,145.0,4.0
2026052821,New_York,26,15.5,14.5,163.0,9.3
2026052821,Paris,55,25.6,13.4,251.0,32.6
2026052821,Tokyo,29,13.0,12.1,262.0,42.2
2026052822,Antananarivo,15,4.3,3.9,105.0,1.9
2026052822,Dakar,102,149.0,46.8,139.0,3.8
2026052822,New_York,24,15.6,14.7,163.0,11.8
2026052822,Paris,39,27.8,16.3,255.0,43.7
2026052822,Tokyo,28,16.9,15.9,264.0,44.2
2026052823,Antananarivo,15,4.0,3.7,102.0,2.0
2026052823,Dakar,101,144.4,45.9,130.0,3.2
2026052823,New_York,22,15.7,14.8,161.0,13.6
2026052823,Paris,32,28.8,18.8,307.0,46.0
2026052823,Tokyo,28,18.5,17.3,264.0,47.0
2026052900,Antananarivo,16,3.8,3.5,101.0,2.0
2026052900,Dakar,101,170.0,54.9,121.0,2.0
2026052900,New_York,20,15.8,15.0,158.0,13.9
2026052900,Paris,28,29.7,17.2,305.0,48.7
2026052900,Tokyo,28,19.1,17.9,269.0,48.7
2026052901,Antananarivo,16,3.3,3.0,102.0,1.8
2026052901,Dakar,101,162.5,54.9,114.0,1.9
2026052901,New_York,19,15.3,14.6,154.0,13.4
2026052901,Paris,28,27.5,16.4,304.0,41.6
2026052901,Tokyo,28,19.1,17.8,287.0,48.5
2026052902,Antananarivo,17,3.0,2.7,105.0,1.5
2026052902,Dakar,101,153.7,54.9,108.0,1.8
2026052902,New_York,18,13.8,13.2,150.0,13.0
2026052902,Paris,28,25.3,15.8,259.0,33.1
2026052902,Tokyo,28,19.9,18.8,310.0,47.3
2026052903,Antananarivo,17,3.0,2.6,109.0,1.6
2026052903,Dakar,100,151.8,56.0,104.0,1.7
2026052903,New_York,19,12.0,11.6,147.0,12.9
2026052903,Paris,28,27.0,15.9,237.0,26.0
2026052903,Tokyo,28,20.0,19.0,318.0,45.4
2026052904,Antananarivo,17,3.0,2.6,114.0,1.8
2026052904,Dakar,100,156.5,57.6,100.0,1.6
2026052904,New_York,19,10.2,9.9,145.0,12.7
2026052904,Paris,28,25.1,15.1,226.0,18.6
2026052904,Tokyo,28,20.1,19.5,300.0,42.5
2026052905,Antananarivo,16,3.2,2.8,121.0,2.1
2026052905,Dakar,100,158.3,57.9,98.0,1.6
2026052905,New_York,19,8.4,8.2,146.0,12.5
2026052905,Paris,28,24.0,14.3,218.0,15.9
2026052905,Tokyo,28,23.7,23.4,268.0,38.9
2026052906,Antananarivo,16,3.8,3.4,128.0,2.1
2026052906,Dakar,100,159.3,57.7,101.0,1.6
2026052906,New_York,19,7.2,7.1,154.0,12.3
2026052906,Paris,28,23.6,13.8,211.0,27.5
2026052906,Tokyo,29,23.8,23.0,236.0,36.8
2026052907,Antananarivo,18,6.0,5.0,138.0,1.7
2026052907,Dakar,100,155.1,57.2,114.0,1.8
2026052907,New_York,19,6.8,6.7,165.0,12.0
2026052907,Paris,28,24.3,14.3,240.0,38.6
2026052907,Tokyo,29,25.8,25.0,208.0,38.4
2026052908,Antananarivo,20,4.8,4.0,148.0,1.1
2026052908,Dakar,100,145.3,55.4,132.0,2.2
2026052908,New_York,20,2.2,2.2,171.0,11.3
2026052908,Paris,28,26.4,14.5,357.0,43.2
2026052908,Tokyo,29,21.3,21.0,180.0,41.4
2026052909,Antananarivo,22,5.2,4.2,151.0,0.6
2026052909,Dakar,100,139.7,54.5,145.0,2.3
2026052909,New_York,24,2.5,2.5,166.0,9.2
2026052909,Paris,28,25.5,13.3,370.0,39.1
2026052909,Tokyo,31,15.1,14.8,161.0,25.4
2026052910,Antananarivo,22,5.3,4.3,141.0,0.4
2026052910,Dakar,99,136.9,54.4,147.0,2.0
2026052910,New_York,30,2.2,2.2,154.0,6.2
2026052910,Paris,30,25.0,12.1,321.0,31.7
2026052910,Tokyo,35,11.8,11.1,155.0,21.5
2026052911,Antananarivo,23,4.9,3.9,123.0,0.3
2026052911,Dakar,99,136.4,54.4,144.0,1.6
2026052911,New_York,35,2.5,2.3,145.0,3.9
2026052911,Paris,36,22.9,10.6,237.0,16.9
2026052911,Tokyo,41,13.6,11.1,156.0,16.0
2026052912,Antananarivo,23,4.2,3.4,111.0,0.3
2026052912,Dakar,99,154.1,67.1,141.0,1.2
2026052912,New_York,38,3.6,3.0,140.0,2.9
2026052912,Paris,51,21.4,10.2,207.0,11.5
2026052912,Tokyo,48,16.4,11.6,157.0,12.0
2026052913,Antananarivo,24,3.8,3.1,110.0,0.2
2026052913,Dakar,100,160.2,70.3,141.0,1.3
2026052913,New_York,41,4.3,3.4,136.0,2.5
2026052913,Paris,57,22.4,10.3,202.0,8.5
2026052913,Tokyo,51,18.2,12.2,154.0,10.7
2026052914,Antananarivo,24,3.5,2.9,113.0,0.2
2026052914,Dakar,100,155.5,70.5,141.0,1.4
2026052914,New_York,43,4.3,3.4,135.0,2.5
2026052914,Paris,59,24.1,10.6,193.0,9.1
2026052914,Tokyo,52,17.2,11.7,149.0,10.8
2026052915,Antananarivo,24,6.7,5.3,115.0,0.5
2026052915,Dakar,101,155.1,71.2,141.0,1.6
2026052915,New_York,44,4.1,3.4,136.0,2.0
2026052915,Paris,59,25.6,10.3,199.0,8.6
2026052915,Tokyo,51,17.5,11.9,146.0,11.1
2026052916,Antananarivo,22,6.6,5.3,112.0,0.9
2026052916,Dakar,101,162.1,72.4,142.0,1.8
2026052916,New_York,44,3.9,3.3,138.0,1.7
2026052916,Paris,59,26.6,9.7,199.0,9.5
2026052916,Tokyo,47,15.9,11.4,144.0,11.1
2026052917,Antananarivo,20,6.6,5.4,108.0,1.4
2026052917,Dakar,101,165.8,72.9,144.0,2.1
2026052917,New_York,41,3.5,3.1,142.0,3.9
2026052917,Paris,55,27.9,9.6,203.0,12.4
2026052917,Tokyo,42,13.4,9.9,143.0,11.4
2026052918,Antananarivo,18,6.4,5.4,105.0,1.8
2026052918,Dakar,101,164.8,72.4,143.0,2.4
2026052918,New_York,36,3.5,3.1,149.0,11.4
2026052918,Paris,50,29.1,10.0,209.0,16.0
2026052918,Tokyo,38,11.4,8.6,144.0,11.9
2026052919,Antananarivo,17,6.1,5.4,107.0,2.1
2026052919,Dakar,102,163.9,72.2,137.0,2.8
2026052919,New_York,30,3.3,2.9,157.0,21.3
2026052919,Paris,47,30.3,10.8,252.0,25.4
2026052919,Tokyo,36,10.4,8.2,151.0,12.6
2026052920,Antananarivo,16,6.1,5.5,111.0,2.3
2026052920,Dakar,102,160.7,71.0,128.0,3.1
2026052920,New_York,27,8.1,7.0,163.0,33.2
2026052920,Paris,45,31.1,13.9,214.0,27.8
2026052920,Tokyo,33,10.5,8.5,160.0,13.6
2026052921,Antananarivo,14,6.2,5.8,113.0,2.5
2026052921,Dakar,102,163.4,71.5,122.0,3.3
2026052921,New_York,26,10.6,10.0,165.0,32.0
2026052921,Paris,34,30.5,14.5,241.0,32.1
2026052921,Tokyo,32,7.9,7.0,165.0,16.7
2026052922,Antananarivo,14,6.9,6.4,109.0,2.7
2026052922,Dakar,102,155.5,69.8,121.0,3.1
2026052922,New_York,26,9.3,8.6,164.0,30.1
2026052922,Paris,32,29.7,15.4,233.0,31.2
2026052922,Tokyo,30,7.1,6.5,161.0,18.7
2026052923,Antananarivo,13,7.1,6.6,102.0,2.9
2026052923,Dakar,102,147.1,67.8,122.0,2.6
2026052923,New_York,27,6.1,5.7,163.0,26.5
2026052923,Paris,30,30.5,15.1,239.0,30.9
2026052923,Tokyo,29,7.4,7.0,153.0,21.7
2026053000,Antananarivo,13,6.8,6.3,97.0,2.9
2026053000,Dakar,102,155.1,70.1,122.0,2.2
2026053000,New_York,28,5.4,5.2,164.0,19.7
2026053000,Paris,26,29.7,14.8,243.0,33.0
2026053000,Tokyo,28,8.1,7.7,146.0,25.2
2026053001,Antananarivo,14,5.5,4.8,96.0,2.6
2026053001,Dakar,102,164.4,72.2,117.0,2.1
2026053001,New_York,30,4.2,4.0,166.0,11.3
2026053001,Paris,26,29.1,14.9,246.0,30.7
2026053001,Tokyo,27,8.6,8.2,141.0,29.7
2026053002,Antananarivo,16,5.1,4.4,97.0,2.2
2026053002,Dakar,102,167.6,72.4,110.0,1.9
2026053002,New_York,32,3.1,2.9,162.0,5.0
2026053002,Paris,27,27.9,14.4,208.0,31.5
2026053002,Tokyo,26,9.5,9.1,138.0,34.7
2026053003,Antananarivo,16,5.0,4.3,100.0,2.0
2026053003,Dakar,102,197.4,76.1,105.0,1.8
2026053003,New_York,34,4.3,4.0,148.0,2.7
2026053003,Paris,27,26.7,13.1,188.0,20.2
2026053003,Tokyo,26,10.7,10.1,141.0,38.9
2026053004,Antananarivo,14,4.9,4.3,106.0,2.6
2026053004,Dakar,103,204.0,75.2,103.0,1.9
2026053004,New_York,35,6.4,6.0,129.0,2.6
2026053004,Paris,27,24.8,12.5,181.0,17.7
2026053004,Tokyo,25,11.9,11.2,154.0,41.8
2026053005,Antananarivo,12,5.2,4.5,115.0,3.3
2026053005,Dakar,104,194.6,71.9,103.0,2.1
2026053005,New_York,35,7.9,7.4,116.0,2.8
2026053005,Paris,27,23.0,11.8,178.0,16.0
2026053005,Tokyo,24,14.0,13.1,173.0,43.7
2026053006,Antananarivo,12,7.2,6.6,123.0,3.6
2026053006,Dakar,104,179.3,68.0,106.0,2.3
2026053006,New_York,32,7.1,6.6,116.0,3.0
2026053006,Paris,27,22.8,11.9,179.0,18.3
2026053006,Tokyo,23,16.9,15.6,187.0,44.4
2026053007,Antananarivo,15,10.7,10.2,130.0,2.8
2026053007,Dakar,105,163.9,65.9,113.0,2.4
2026053007,New_York,29,5.4,5.1,122.0,3.5
2026053007,Paris,27,24.8,12.2,215.0,25.3
2026053007,Tokyo,23,17.7,15.7,186.0,43.8
2026053008,Antananarivo,20,6.4,5.7,138.0,1.6
2026053008,Dakar,105,155.5,66.4,123.0,2.5
2026053008,New_York,28,7.0,6.5,127.0,3.9
2026053008,Paris,27,24.6,12.9,367.0,25.1
2026053008,Tokyo,22,19.2,16.4,180.0,41.8
2026053009,Antananarivo,23,6.2,5.4,144.0,0.6
2026053009,Dakar,105,154.6,67.5,130.0,2.4
2026053009,New_York,28,6.0,5.6,127.0,3.9
2026053009,Paris,27,25.7,14.0,354.0,22.6
2026053009,Tokyo,30,8.2,8.1,188.0,33.0
2026053010,Antananarivo,25,5.7,4.8,150.0,0.3
2026053010,Dakar,105,155.1,66.1,130.0,2.0
2026053010,New_York,28,5.8,5.5,125.0,3.8
2026053010,Paris,30,25.5,13.9,325.0,16.6
2026053010,Tokyo,34,9.9,9.6,231.0,28.5
2026053011,Antananarivo,26,5.1,4.3,155.0,0.3
2026053011,Dakar,106,156.5,63.1,126.0,1.4
2026053011,New_York,28,4.1,3.9,123.0,3.6
2026053011,Paris,40,23.8,11.5,297.0,13.9
2026053011,Tokyo,41,9.4,8.8,288.0,22.1
2026053012,Antananarivo,26,4.4,3.7,157.0,0.3
2026053012,Dakar,106,218.4,73.8,124.0,0.8
2026053012,New_York,29,2.5,2.4,122.0,3.2
2026053012,Paris,49,23.5,10.6,264.0,11.6
2026053012,Tokyo,50,8.9,8.0,314.0,16.8
2026053013,Antananarivo,27,4.2,3.6,156.0,0.2
2026053013,Dakar,107,236.1,80.6,126.0,0.7
2026053013,New_York,31,1.6,1.6,121.0,2.7
2026053013,Paris,57,23.9,10.9,267.0,10.0
2026053013,Tokyo,55,9.2,8.1,280.0,13.2
2026053014,Antananarivo,27,4.5,3.8,153.0,0.2
2026053014,Dakar,108,262.6,92.2,130.0,0.7
2026053014,New_York,33,1.3,1.3,120.0,2.5
2026053014,Paris,62,23.7,10.5,255.0,8.6
2026053014,Tokyo,59,11.7,9.4,215.0,10.7
2026053015,Antananarivo,27,8.6,7.1,149.0,0.4
2026053015,Dakar,110,278.5,104.3,134.0,0.7
2026053015,New_York,34,1.3,1.3,120.0,2.6
2026053015,Paris,63,24.1,10.0,242.0,8.0
2026053015,Tokyo,59,14.8,11.2,167.0,9.9
2026053016,Antananarivo,25,8.7,7.2,146.0,1.6
2026053016,Dakar,112,274.7,112.5,137.0,0.9
2026053016,New_York,34,1.5,1.4,121.0,2.9
2026053016,Paris,62,24.8,9.5,231.0,7.8
2026053016,Tokyo,56,15.1,11.6,156.0,11.3
2026053017,Antananarivo,22,10.0,8.6,142.0,3.2
2026053017,Dakar,114,269.2,119.7,140.0,1.3
2026053017,New_York,34,1.9,1.9,123.0,3.5
2026053017,Paris,57,21.9,8.7,198.0,8.6
2026053017,Tokyo,49,15.9,12.3,161.0,14.4
2026053018,Antananarivo,19,14.4,13.1,136.0,4.4
2026053018,Dakar,116,258.9,124.3,144.0,1.7
2026053018,New_York,34,2.8,2.6,127.0,4.1
2026053018,Paris,50,22.2,8.8,202.0,8.3
2026053018,Tokyo,43,17.5,13.5,171.0,18.3
2026053019,Antananarivo,16,14.8,13.6,127.0,4.6
2026053019,Dakar,117,245.9,125.3,150.0,2.3
2026053019,New_York,34,3.9,3.6,133.0,4.9
2026053019,Paris,41,20.7,9.1,203.0,11.0
2026053019,Tokyo,38,19.0,15.0,181.0,22.7
2026053020,Antananarivo,14,13.7,12.8,117.0,4.4
2026053020,Dakar,119,232.4,123.9,157.0,3.0
2026053020,New_York,32,11.5,10.4,141.0,8.5
2026053020,Paris,40,19.1,10.0,188.0,17.5
2026053020,Tokyo,34,21.1,16.9,196.0,27.8
2026053021,Antananarivo,13,11.8,11.0,109.0,4.0
2026053021,Dakar,120,231.0,124.8,159.0,3.5
2026053021,New_York,27,11.9,11.0,152.0,14.8
2026053021,Paris,31,18.1,10.8,196.0,26.3
2026053021,Tokyo,32,19.4,15.9,211.0,29.9
2026053022,Antananarivo,14,9.2,8.7,107.0,3.6
2026053022,Dakar,121,230.0,124.8,154.0,3.5
2026053022,New_York,21,11.8,11.1,165.0,23.8
2026053022,Paris,28,20.4,11.5,212.0,31.9
2026053022,Tokyo,28,22.1,18.7,228.0,34.3
2026053023,Antananarivo,14,8.5,7.9,108.0,3.1
2026053023,Dakar,122,220.3,121.5,145.0,3.2
2026053023,New_York,16,12.7,12.1,176.0,32.3
2026053023,Paris,25,24.4,13.1,258.0,35.5
2026053023,Tokyo,24,25.3,22.1,246.0,40.5
2026053100,Antananarivo,14,7.0,6.4,109.0,2.7
2026053100,Dakar,123,198.4,109.7,137.0,2.5
2026053100,New_York,20,16.4,15.9,186.0,40.2
2026053100,Paris,24,22.4,13.6,279.0,37.7
2026053100,Tokyo,25,28.8,25.8,261.0,46.5
2026053101,Antananarivo,14,6.2,5.7,106.0,2.4
2026053101,Dakar,124,196.0,105.9,130.0,2.5
2026053101,New_York,23,20.4,19.9,194.0,47.8
2026053101,Paris,24,22.5,12.9,252.0,37.8
2026053101,Tokyo,26,31.4,28.6,270.0,51.7
2026053102,Antananarivo,14,5.7,5.1,102.0,2.1
2026053102,Dakar,125,196.0,102.9,124.0,2.4
2026053102,New_York,25,21.8,21.2,200.0,52.3
2026053102,Paris,23,22.9,13.3,210.0,22.6
2026053102,Tokyo,28,33.4,30.6,274.0,56.8
2026053103,Antananarivo,14,6.6,5.9,103.0,2.6
2026053103,Dakar,125,196.5,99.9,118.0,2.4
2026053103,New_York,25,20.9,20.4,202.0,52.6
2026053103,Paris,24,18.2,12.9,186.0,13.7
2026053103,Tokyo,30,33.8,30.9,277.0,61.3
2026053104,Antananarivo,14,6.3,5.6,114.0,2.8
2026053104,Dakar,125,187.7,95.0,111.0,2.5
2026053104,New_York,24,19.4,18.9,200.0,50.0
2026053104,Paris,26,17.0,11.8,173.0,10.9
2026053104,Tokyo,31,34.5,31.1,278.0,65.7
2026053105,Antananarivo,14,6.2,5.6,130.0,3.0
2026053105,Dakar,125,179.3,89.4,104.0,2.7
2026053105,New_York,22,18.0,17.4,197.0,45.3
2026053105,Paris,26,18.7,12.1,160.0,9.2
2026053105,Tokyo,33,35.7,32.0,277.0,69.6
2026053106,Antananarivo,14,6.6,5.9,143.0,2.9
2026053106,Dakar,125,180.2,85.0,102.0,2.7
2026053106,New_York,19,17.0,16.4,192.0,37.8
2026053106,Paris,26,17.8,11.6,152.0,8.9
2026053106,Tokyo,35,37.7,33.9,275.0,71.3
2026053107,Antananarivo,16,8.3,7.7,151.0,2.3
2026053107,Dakar,125,165.3,77.1,109.0,2.5
2026053107,New_York,18,15.9,15.4,185.0,28.2
2026053107,Paris,25,15.5,9.8,146.0,9.7
2026053107,Tokyo,36,40.4,36.0,272.0,70.0
2026053108,Antananarivo,20,7.1,6.5,156.0,1.3
2026053108,Dakar,125,155.1,69.6,121.0,2.2
2026053108,New_York,25,7.6,7.2,176.0,15.8
2026053108,Paris,23,12.7,8.1,211.0,12.0
2026053108,Tokyo,38,41.0,35.7,267.0,66.5
2026053109,Antananarivo,23,6.5,5.8,157.0,0.6
2026053109,Dakar,125,148.5,62.4,129.0,1.9
2026053109,New_York,29,7.1,6.6,165.0,13.0
2026053109,Paris,22,9.9,6.7,190.0,9.9
2026053109,Tokyo,39,48.7,41.6,260.0,53.4
2026053110,Antananarivo,25,5.8,5.0,153.0,0.3
2026053110,Dakar,125,146.2,56.1,129.0,1.5
2026053110,New_York,34,7.0,6.4,153.0,9.1
2026053110,Paris,26,9.1,5.7,180.0,7.7
2026053110,Tokyo,45,44.9,38.8,246.0,47.9
2026053111,Antananarivo,26,7.2,6.1,144.0,0.3
2026053111,Dakar,124,135.5,48.8,124.0,1.0
2026053111,New_York,38,7.3,6.7,142.0,5.9
2026053111,Paris,28,8.8,5.1,166.0,6.7
2026053111,Tokyo,49,38.0,32.7,229.0,40.2
2026053112,Antananarivo,26,7.4,6.3,138.0,0.3
2026053112,Dakar,124,157.9,41.4,122.0,0.7
2026053112,New_York,39,8.6,7.8,133.0,4.3
2026053112,Paris,28,8.7,5.0,163.0,5.1
2026053112,Tokyo,53,32.2,28.3,219.0,34.6
2026053113,Antananarivo,26,6.9,6.0,136.0,0.3
2026053113,Dakar,123,163.4,40.9,124.0,0.6
2026053113,New_York,38,10.6,9.4,124.0,3.4
2026053113,Paris,29,8.4,4.8,161.0,4.7
2026053113,Tokyo,57,29.9,26.5,223.0,32.1
2026053114,Antananarivo,26,6.6,5.7,136.0,0.3
2026053114,Dakar,122,174.2,42.1,128.0,0.6
2026053114,New_York,38,11.8,10.4,119.0,2.9
2026053114,Paris,31,7.6,4.8,157.0,5.3
2026053114,Tokyo,60,27.6,24.6,234.0,31.6
2026053115,Antananarivo,26,9.3,8.0,135.0,0.4
2026053115,Dakar,120,182.5,43.5,130.0,0.6
2026053115,New_York,37,11.3,10.2,117.0,2.4
2026053115,Paris,31,7.1,4.5,155.0,4.6
2026053115,Tokyo,60,26.4,23.7,246.0,33.7
2026053116,Antananarivo,24,11.7,10.0,134.0,0.9
2026053116,Dakar,119,184.9,44.2,130.0,0.8
2026053116,New_York,37,8.9,8.3,118.0,2.3
2026053116,Paris,30,6.9,3.4,152.0,4.2
2026053116,Tokyo,61,25.2,22.5,255.0,39.6
2026053117,Antananarivo,22,10.8,9.6,133.0,1.6
2026053117,Dakar,117,190.5,45.4,128.0,1.0
2026053117,New_York,36,6.8,6.5,121.0,3.0
2026053117,Paris,29,6.5,2.8,154.0,4.4
2026053117,Tokyo,61,26.6,23.5,264.0,48.2
2026053118,Antananarivo,20,11.0,9.9,130.0,2.1
2026053118,Dakar,116,190.9,46.0,126.0,1.3
2026053118,New_York,35,6.2,6.0,117.0,3.6
2026053118,Paris,28,5.4,2.8,150.0,4.4
2026053118,Tokyo,62,28.8,25.5,273.0,56.2
2026053119,Antananarivo,18,9.5,8.5,124.0,2.3
2026053119,Dakar,115,186.3,45.9,122.0,1.5
2026053119,New_York,33,6.9,6.7,115.0,4.9
2026053119,Paris,27,5.4,3.1,152.0,5.4
2026053119,Tokyo,62,30.5,27.6,283.0,62.6
2026053120,Antananarivo,16,8.8,7.9,116.0,2.4
2026053120,Dakar,114,191.9,47.6,117.0,1.7
2026053120,New_York,26,14.9,14.7,138.0,17.7
2026053120,Paris,26,4.6,3.3,127.0,5.8
2026053120,Tokyo,62,32.6,30.0,294.0,68.4
2026053121,Antananarivo,15,8.8,8.1,110.0,2.4
2026053121,Dakar,113,189.1,48.1,113.0,1.9
2026053121,New_York,24,17.6,17.5,220.0,30.3
2026053121,Paris,25,5.0,3.5,126.0,7.2
2026053121,Tokyo,63,36.4,31.1,304.0,64.8
2026053122,Antananarivo,14,8.9,8.2,109.0,2.5
2026053122,Dakar,112,187.2,48.0,112.0,2.0
2026053122,New_York,24,19.3,19.1,328.0,47.5
2026053122,Paris,26,6.6,4.3,129.0,8.3
2026053122,Tokyo,63,39.9,34.8,313.0,69.0
2026053123,Antananarivo,14,8.4,7.7,111.0,2.6
2026053123,Dakar,112,183.9,46.9,112.0,2.1
2026053123,New_York,28,23.3,23.1,383.0,59.6
2026053123,Paris,26,7.1,4.6,144.0,9.8
2026053123,Tokyo,64,41.9,37.1,321.0,74.8
2026060100,Antananarivo,14,7.5,6.8,113.0,2.6
2026060100,Dakar,111,223.5,55.9,112.0,2.7
2026060100,New_York,29,29.2,28.9,333.0,61.6
2026060100,Paris,25,7.8,4.5,152.0,9.9
2026060100,Tokyo,64,42.6,38.2,324.0,79.2
2026060101,Antananarivo,15,6.7,5.9,115.0,2.3
2026060101,Dakar,112,215.1,53.9,110.0,2.5
2026060101,New_York,27,31.8,31.5,230.0,58.4
2026060101,Paris,24,10.2,5.3,145.0,9.8
2026060101,Tokyo,65,42.7,38.9,314.0,81.4
2026060102,Antananarivo,16,5.7,4.9,117.0,1.9
2026060102,Dakar,112,208.6,52.9,106.0,2.2
2026060102,New_York,28,26.9,26.8,152.0,55.3
2026060102,Paris,24,10.7,5.7,134.0,9.3
2026060102,Tokyo,65,41.9,39.3,300.0,82.2
2026060103,Antananarivo,15,8.3,7.4,121.0,2.8
2026060103,Dakar,112,199.3,52.0,104.0,1.9
2026060103,New_York,29,24.2,24.0,132.0,54.6
2026060103,Paris,22,10.0,6.3,135.0,8.1
2026060103,Tokyo,65,43.3,41.2,298.0,80.6
2026060104,Antananarivo,16,7.4,6.5,127.0,2.8
2026060104,Dakar,112,188.6,51.5,102.0,1.6
2026060104,New_York,29,22.1,21.9,137.0,53.8
2026060104,Paris,21,10.5,6.4,135.0,8.9
2026060104,Tokyo,66,48.3,46.8,326.0,75.0
2026060105,Antananarivo,17,6.6,5.7,135.0,2.7
2026060105,Dakar,112,184.4,51.9,101.0,1.4
2026060105,New_York,29,20.6,20.4,146.0,51.1
2026060105,Paris,19,11.2,6.9,139.0,9.1
2026060105,Tokyo,66,50.9,49.7,366.0,67.2
2026060106,Antananarivo,18,6.9,6.0,141.0,2.5
2026060106,Dakar,112,177.9,53.0,104.0,1.2
2026060106,New_York,29,19.2,19.0,157.0,45.1
2026060106,Paris,18,12.2,7.4,145.0,14.1
2026060106,Tokyo,67,53.8,52.5,390.0,61.2
2026060107,Antananarivo,20,7.6,6.7,146.0,2.0
2026060107,Dakar,112,170.0,54.6,114.0,1.3
2026060107,New_York,30,16.9,16.7,172.0,37.2
2026060107,Paris,17,13.6,8.2,158.0,22.3
2026060107,Tokyo,68,53.0,50.2,379.0,59.8
2026060108,Antananarivo,22,7.2,6.3,150.0,1.3
2026060108,Dakar,112,169.0,57.9,128.0,1.4
2026060108,New_York,30,8.0,7.4,179.0,19.3
2026060108,Paris,18,17.2,9.0,248.0,27.5
2026060108,Tokyo,68,49.4,45.4,352.0,60.3
2026060109,Antananarivo,24,7.1,6.1,150.0,0.8
2026060109,Dakar,112,172.3,61.9,138.0,1.5
2026060109,New_York,30,7.4,6.4,168.0,15.1
2026060109,Paris,18,18.1,9.2,249.0,23.8
2026060109,Tokyo,68,53.9,49.4,329.0,58.0
2026060110,Antananarivo,26,6.2,5.2,143.0,0.5
2026060110,Dakar,113,172.8,64.7,140.0,1.4
2026060110,New_York,33,7.3,6.5,148.0,9.4
2026060110,Paris,20,18.5,9.3,231.0,17.6
2026060110,Tokyo,69,41.9,39.2,322.0,50.2
2026060111,Antananarivo,26,5.3,4.4,132.0,0.4
2026060111,Dakar,113,176.0,67.3,138.0,1.1
2026060111,New_York,38,7.2,6.5,133.0,5.1
2026060111,Paris,24,16.2,8.4,223.0,14.5
2026060111,Tokyo,69,32.4,30.5,319.0,39.5
2026060112,Antananarivo,27,5.0,4.2,124.0,0.3
2026060112,Dakar,114,179.3,75.2,135.0,1.1
2026060112,New_York,41,7.4,6.8,130.0,3.6
2026060112,Paris,28,13.5,7.3,202.0,11.1
2026060112,Tokyo,69,26.3,24.4,311.0,31.3
2026060113,Antananarivo,28,5.0,4.2,124.0,0.2
2026060113,Dakar,114,192.8,79.9,132.0,1.0
2026060113,New_York,43,7.9,7.3,132.0,3.6
2026060113,Paris,32,12.3,6.8,177.0,7.6
2026060113,Tokyo,68,24.3,22.4,289.0,28.1
2026060114,Antananarivo,27,5.1,4.3,126.0,0.2
2026060114,Dakar,115,191.9,79.6,129.0,0.9
2026060114,New_York,43,8.9,8.3,135.0,4.0
2026060114,Paris,34,10.7,6.3,165.0,6.7
2026060114,Tokyo,68,23.8,22.1,260.0,27.4
2026060115,Antananarivo,26,8.9,7.7,128.0,0.6
2026060115,Dakar,115,194.6,78.5,127.0,0.9
2026060115,New_York,43,10.0,9.3,137.0,4.2
2026060115,Paris,35,9.7,5.7,158.0,5.7
2026060115,Tokyo,68,23.7,22.5,239.0,27.1
2026060116,Antananarivo,24,8.6,7.5,126.0,1.1
2026060116,Dakar,115,189.5,73.8,129.0,1.0
2026060116,New_York,43,10.9,10.1,140.0,4.8
2026060116,Paris,34,9.2,5.2,151.0,5.5
2026060116,Tokyo,68,21.1,20.2,232.0,26.5
2026060117,Antananarivo,22,8.8,7.8,123.0,1.8
2026060117,Dakar,115,179.3,66.8,132.0,1.3
2026060117,New_York,41,10.9,10.1,142.0,6.1
2026060117,Paris,32,9.1,4.9,152.0,6.8
2026060117,Tokyo,68,18.4,17.6,233.0,26.3
2026060118,Antananarivo,20,9.3,8.4,121.0,2.3
2026060118,Dakar,115,169.5,58.8,134.0,1.5
2026060118,New_York,39,11.1,10.2,141.0,8.3
2026060118,Paris,32,8.9,4.7,153.0,8.1
2026060118,Tokyo,68,16.8,16.0,230.0,26.3
2026060119,Antananarivo,19,8.4,7.4,121.0,2.4
2026060119,Dakar,115,163.0,51.1,134.0,1.7
2026060119,New_York,36,10.8,9.6,138.0,11.3
2026060119,Paris,29,8.2,4.9,156.0,9.1
2026060119,Tokyo,68,16.1,15.1,219.0,26.5
2026060120,Antananarivo,18,7.6,6.9,121.0,2.4
2026060120,Dakar,114,157.4,45.1,132.0,1.8
2026060120,New_York,32,15.4,13.2,138.0,15.1
2026060120,Paris,29,7.9,4.2,128.0,8.3
2026060120,Tokyo,67,17.0,14.9,205.0,26.9
2026060121,Antananarivo,17,7.6,6.9,121.0,2.4
2026060121,Dakar,114,154.1,41.1,130.0,1.9
2026060121,New_York,30,16.3,13.3,141.0,17.2
2026060121,Paris,27,8.0,4.3,134.0,10.2
2026060121,Tokyo,67,22.5,18.3,194.0,26.4
2026060122,Antananarivo,16,8.0,7.3,118.0,2.5
2026060122,Dakar,113,152.7,39.1,127.0,1.9
2026060122,New_York,30,16.7,13.6,146.0,20.6
2026060122,Paris,25,7.8,4.7,151.0,12.9
2026060122,Tokyo,66,20.3,16.2,190.0,25.5
2026060123,Antananarivo,16,7.9,7.3,114.0,2.7
2026060123,Dakar,113,155.1,39.0,122.0,1.8
2026060123,New_York,29,17.8,14.6,151.0,25.8
2026060123,Paris,23,9.4,5.6,156.0,17.2
2026060123,Tokyo,66,19.4,15.3,190.0,24.3
2026060200,Antananarivo,16,7.4,6.7,112.0,2.7
2026060200,Dakar,112,164.4,45.2,118.0,1.8
2026060200,New_York,29,20.4,17.2,156.0,34.3
2026060200,Paris,20,10.1,6.2,170.0,22.1
2026060200,Tokyo,65,18.8,14.6,188.0,23.4
2026060201,Antananarivo,17,7.2,6.5,111.0,2.4
2026060201,Dakar,111,160.2,46.9,113.0,1.7
2026060201,New_York,28,24.4,21.0,163.0,44.7
2026060201,Paris,18,10.5,6.4,170.0,21.0
2026060201,Tokyo,64,18.4,14.3,181.0,22.7
2026060202,Antananarivo,19,6.0,5.2,112.0,2.0
2026060202,Dakar,110,155.1,48.2,108.0,1.6
2026060202,New_York,27,28.6,24.7,171.0,53.5
2026060202,Paris,18,10.1,5.7,163.0,19.1
2026060202,Tokyo,63,17.8,13.5,173.0,22.3
2026060203,Antananarivo,18,5.1,4.5,116.0,2.0
2026060203,Dakar,109,148.5,49.0,104.0,1.5
2026060203,New_York,28,32.9,29.1,184.0,60.9
2026060203,Paris,19,9.7,5.6,150.0,11.9
2026060203,Tokyo,62,17.3,13.0,171.0,23.4
2026060204,Antananarivo,18,5.0,4.4,125.0,2.1
2026060204,Dakar,109,141.6,50.1,101.0,1.5
2026060204,New_York,31,33.9,30.2,199.0,66.7
2026060204,Paris,20,9.3,4.9,138.0,9.1
2026060204,Tokyo,61,16.1,12.4,183.0,27.7
2026060205,Antananarivo,18,4.6,3.9,137.0,2.2
2026060205,Dakar,108,133.6,51.2,99.0,1.4
2026060205,New_York,31,32.8,29.3,211.0,66.7
2026060205,Paris,20,9.4,4.9,131.0,7.0
2026060205,Tokyo,60,16.1,12.7,201.0,33.5
2026060206,Antananarivo,20,4.7,4.0,147.0,2.1
2026060206,Dakar,107,129.5,54.0,104.0,1.5
2026060206,New_York,28,30.9,27.6,219.0,56.9
2026060206,Paris,20,8.9,5.2,132.0,8.7
2026060206,Tokyo,55,18.3,14.8,210.0,36.3
2026060207,Antananarivo,22,5.5,4.8,153.0,1.7
2026060207,Dakar,106,127.1,56.5,122.0,1.7
2026060207,New_York,29,27.6,24.8,224.0,41.4
2026060207,Paris,20,8.9,5.7,142.0,10.7
2026060207,Tokyo,49,21.5,17.0,200.0,33.4
2026060208,Antananarivo,25,5.4,4.7,157.0,1.1
2026060208,Dakar,105,124.3,56.9,147.0,2.0
2026060208,New_York,30,21.8,18.5,219.0,23.5
2026060208,Paris,19,7.5,5.5,173.0,15.2
2026060208,Tokyo,44,22.5,17.3,182.0,27.5
2026060209,Antananarivo,27,5.6,4.9,160.0,0.7
2026060209,Dakar,105,119.7,56.0,163.0,2.1
2026060209,New_York,31,18.7,15.6,197.0,18.2
2026060209,Paris,22,6.4,3.8,168.0,15.2
2026060209,Tokyo,39,23.3,17.2,170.0,23.2
2026060210,Antananarivo,28,5.1,4.5,164.0,0.5
2026060210,Dakar,104,116.6,54.9,160.0,1.8
2026060210,New_York,34,13.2,11.0,165.0,10.8
2026060210,Paris,21,5.0,3.8,162.0,13.4
2026060210,Tokyo,37,22.9,16.9,171.0,22.3
2026060211,Antananarivo,28,4.8,4.2,168.0,0.4
2026060211,Dakar,103,112.9,53.1,148.0,1.3
2026060211,New_York,41,10.2,8.6,141.0,5.2
2026060211,Paris,18,4.1,3.3,163.0,11.3
2026060211,Tokyo,36,24.1,18.0,179.0,20.9
2026060212,Antananarivo,28,4.9,4.3,166.0,0.3
2026060212,Dakar,102,152.3,69.4,139.0,1.0
2026060212,New_York,45,8.8,7.5,130.0,3.0
2026060212,Paris,19,3.4,2.7,158.0,8.9
2026060212,Tokyo,37,24.9,18.9,185.0,19.9
2026060213,Antananarivo,28,4.8,4.2,148.0,0.2
2026060213,Dakar,101,143.4,65.0,137.0,0.9
2026060213,New_York,45,8.8,7.4,127.0,2.4
2026060213,Paris,20,3.6,2.3,147.0,6.4
2026060213,Tokyo,37,26.1,20.1,186.0,19.0
2026060214,Antananarivo,28,4.6,4.0,125.0,0.1
2026060214,Dakar,101,140.6,60.5,139.0,0.8
2026060214,New_York,45,9.7,8.1,127.0,2.4
2026060214,Paris,24,4.0,2.7,141.0,4.9
2026060214,Tokyo,37,26.5,20.3,187.0,18.5
2026060215,Antananarivo,28,8.1,7.0,120.0,0.5
2026060215,Dakar,100,137.8,56.2,142.0,0.9
2026060215,New_York,44,10.7,8.8,130.0,1.7
2026060215,Paris,25,4.5,2.7,140.0,4.5
2026060215,Tokyo,36,26.8,20.7,192.0,19.1
2026060216,Antananarivo,26,7.8,6.7,151.0,2.0
2026060216,Dakar,99,140.2,54.0,148.0,1.2
2026060216,New_York,42,11.4,9.1,137.0,1.4
2026060216,Paris,26,5.2,3.2,144.0,4.6
2026060216,Tokyo,35,26.8,20.7,207.0,21.3
2026060217,Antananarivo,23,10.1,9.2,201.0,4.1
2026060217,Dakar,98,145.3,53.9,156.0,1.6
2026060217,New_York,38,11.4,9.0,146.0,3.8
2026060217,Paris,27,5.4,3.6,150.0,6.1
2026060217,Tokyo,33,27.2,21.1,227.0,24.8
2026060218,Antananarivo,20,14.7,13.9,242.0,5.9
2026060218,Dakar,97,149.5,55.8,160.0,2.0
2026060218,New_York,32,11.0,8.6,157.0,11.7
2026060218,Paris,26,6.8,4.5,157.0,7.6
2026060218,Tokyo,33,28.2,22.2,243.0,29.3
2026060219,Antananarivo,18,17.1,16.2,264.0,6.9
2026060219,Dakar,97,164.4,62.6,155.0,2.4
2026060219,New_York,32,10.7,8.7,171.0,22.2
2026060219,Paris,26,6.6,4.3,157.0,8.1
2026060219,Tokyo,34,29.7,23.9,248.0,35.2
2026060220,Antananarivo,17,19.2,18.3,278.0,7.5
2026060220,Dakar,97,164.4,66.8,147.0,2.9
2026060220,New_York,32,22.6,19.7,187.0,44.4
2026060220,Paris,25,6.5,3.7,141.0,8.9
2026060220,Tokyo,35,32.0,26.5,249.0,42.3
2026060221,Antananarivo,16,21.7,20.8,287.0,8.1
2026060221,Dakar,97,151.8,67.5,139.0,3.1
2026060221,New_York,32,22.8,20.1,211.0,37.6
2026060221,Paris,25,5.4,3.5,138.0,10.7
2026060221,Tokyo,35,27.8,22.1,254.0,35.8
2026060222,Antananarivo,15,25.6,24.8,291.0,9.0
2026060222,Dakar,97,159.7,73.1,135.0,3.0
2026060222,New_York,33,19.1,16.9,238.0,28.2
2026060222,Paris,24,6.4,3.6,151.0,11.5
2026060222,Tokyo,36,29.8,24.2,272.0,40.3
2026060223,Antananarivo,16,28.1,27.2,291.0,9.9
2026060223,Dakar,97,158.3,76.1,133.0,2.6
2026060223,New_York,33,12.6,11.2,248.0,20.2
2026060223,Paris,22,7.6,3.7,155.0,13.9
2026060223,Tokyo,36,31.3,26.3,295.0,46.7
2026060300,Antananarivo,18,27.6,26.8,287.0,10.6
2026060300,Dakar,97,129.0,65.0,129.0,2.3
2026060300,New_York,33,7.7,7.1,226.0,14.8
2026060300,Paris,22,6.8,3.4,152.0,10.0
2026060300,Tokyo,37,31.5,27.0,309.0,53.0
2026060301,Antananarivo,20,27.9,27.1,278.0,11.0
2026060301,Dakar,97,129.0,64.3,122.0,2.2
2026060301,New_York,32,6.0,5.8,186.0,10.8
2026060301,Paris,22,7.1,3.7,142.0,7.8
2026060301,Tokyo,38,31.4,27.6,305.0,59.8
2026060302,Antananarivo,21,28.8,28.1,265.0,11.2
2026060302,Dakar,96,127.6,62.4,113.0,2.0
2026060302,New_York,31,6.6,6.3,158.0,9.1
2026060302,Paris,23,8.8,3.6,129.0,4.6
2026060302,Tokyo,40,30.6,27.5,292.0,66.5
2026060303,Antananarivo,23,35.7,34.8,256.0,13.4
2026060303,Dakar,96,126.7,60.5,107.0,1.9
2026060303,New_York,29,7.8,7.4,152.0,10.8
2026060303,Paris,24,7.5,3.8,126.0,3.4
2026060303,Tokyo,41,26.8,24.3,282.0,68.7
2026060304,Antananarivo,26,35.7,34.8,253.0,14.2
2026060304,Dakar,95,124.8,58.0,104.0,1.9
2026060304,New_York,27,8.7,8.3,156.0,14.9
2026060304,Paris,23,8.7,4.1,125.0,3.1
2026060304,Tokyo,43,22.2,20.3,285.0,63.4
2026060305,Antananarivo,28,36.4,35.5,254.0,15.2
2026060305,Dakar,95,120.6,54.7,103.0,2.0
2026060305,New_York,25,9.1,8.7,165.0,18.3
2026060305,Paris,22,7.6,4.2,127.0,3.5
2026060305,Tokyo,45,17.2,16.5,290.0,53.8
2026060306,Antananarivo,31,39.2,38.4,256.0,14.5
2026060306,Dakar,95,113.4,50.6,107.0,2.1
2026060306,New_York,24,9.5,9.1,183.0,20.9
2026060306,Paris,21,8.0,4.3,132.0,5.5
2026060306,Tokyo,45,12.7,12.5,282.0,44.6
2026060307,Antananarivo,34,44.9,44.4,264.0,10.7
2026060307,Dakar,95,108.0,46.8,120.0,2.3
2026060307,New_York,22,10.0,9.7,206.0,22.9
2026060307,Paris,19,10.9,4.3,141.0,9.8
2026060307,Tokyo,45,11.5,11.4,245.0,37.1
2026060308,Antananarivo,37,30.7,30.0,275.0,5.3
2026060308,Dakar,94,100.8,42.7,138.0,2.5
2026060308,New_York,21,5.2,5.2,216.0,21.6
2026060308,Paris,19,11.0,5.1,193.0,13.5
2026060308,Tokyo,44,10.6,10.5,195.0,30.2
2026060309,Antananarivo,39,14.0,13.3,273.0,1.3
2026060309,Dakar,94,92.2,38.6,150.0,2.5
2026060309,New_York,26,4.8,4.8,200.0,16.6
2026060309,Paris,21,8.9,4.7,184.0,12.4
2026060309,Tokyo,43,8.8,8.8,158.0,22.7
2026060310,Antananarivo,40,10.0,9.3,251.0,0.1
2026060310,Dakar,93,83.1,34.3,151.0,2.1
2026060310,New_York,35,3.0,3.0,170.0,9.7
2026060310,Paris,24,9.3,4.1,165.0,9.6
2026060310,Tokyo,41,7.9,7.9,147.0,21.8
2026060311,Antananarivo,41,7.4,6.8,216.0,0.2
2026060311,Dakar,93,74.7,30.2,146.0,1.4
2026060311,New_York,44,3.0,2.9,147.0,4.5
2026060311,Paris,24,8.1,3.8,156.0,7.9
2026060311,Tokyo,40,7.9,7.9,150.0,20.5
2026060312,Antananarivo,41,6.2,5.7,183.0,0.4
2026060312,Dakar,92,98.5,35.2,141.0,1.1
2026060312,New_York,49,3.7,3.4,139.0,2.7
2026060312,Paris,26,8.1,4.0,153.0,6.3
2026060312,Tokyo,39,8.9,8.8,153.0,18.9
2026060313,Antananarivo,41,5.3,4.8,151.0,0.2
2026060313,Dakar,91,99.2,32.6,138.0,1.0
2026060313,New_York,50,4.1,3.8,137.0,2.6
2026060313,Paris,26,8.5,3.7,151.0,4.9
2026060313,Tokyo,38,7.9,7.8,153.0,16.7
2026060314,Antananarivo,41,4.8,4.3,120.0,0.2
2026060314,Dakar,91,111.1,32.7,135.0,0.9
2026060314,New_York,51,4.1,3.8,139.0,2.9
2026060314,Paris,26,8.1,3.7,147.0,4.6
2026060314,Tokyo,37,8.2,8.1,153.0,14.3
2026060315,Antananarivo,41,11.6,10.1,104.0,0.5
2026060315,Dakar,90,123.4,34.0,133.0,0.9
2026060315,New_York,53,4.1,3.8,144.0,2.6
2026060315,Paris,26,8.6,3.7,146.0,5.2
2026060315,Tokyo,36,5.7,5.7,152.0,12.6
2026060316,Antananarivo,42,10.3,9.0,114.0,1.4
2026060316,Dakar,90,143.4,37.5,133.0,1.0
2026060316,New_York,55,4.3,4.1,152.0,2.7
2026060316,Paris,24,8.5,4.0,147.0,5.8
2026060316,Tokyo,35,4.1,4.1,149.0,11.8
2026060317,Antananarivo,42,10.8,9.7,139.0,2.8
2026060317,Dakar,90,154.1,40.2,134.0,1.2
2026060317,New_York,55,4.7,4.5,160.0,4.8
2026060317,Paris,24,8.4,3.9,148.0,9.2
2026060317,Tokyo,34,5.1,5.1,145.0,11.8
2026060318,Antananarivo,42,12.0,11.1,161.0,3.9
2026060318,Dakar,90,159.3,42.4,134.0,1.5
2026060318,New_York,53,6.9,6.5,167.0,10.6
2026060318,Paris,23,8.4,4.4,149.0,8.7
2026060318,Tokyo,32,5.4,5.4,142.0,13.2
2026060319,Antananarivo,42,12.0,11.2,172.0,4.5
2026060319,Dakar,90,164.8,45.1,134.0,1.8
2026060319,New_York,49,9.4,8.9,173.0,18.4
2026060319,Paris,22,8.7,4.5,148.0,9.0
2026060319,Tokyo,31,6.9,6.9,139.0,17.4
2026060320,Antananarivo,41,12.2,11.6,180.0,4.9
2026060320,Dakar,90,168.1,47.5,133.0,2.2
2026060320,New_York,39,11.7,10.7,179.0,34.6
2026060320,Paris,22,8.0,3.9,132.0,7.8
2026060320,Tokyo,29,9.6,9.5,136.0,23.0
2026060321,Antananarivo,40,14.2,13.6,194.0,5.7
2026060321,Dakar,90,171.4,50.2,132.0,2.4
2026060321,New_York,37,13.2,11.9,184.0,36.1
2026060321,Paris,20,7.6,4.2,132.0,8.9
2026060321,Tokyo,28,11.1,11.1,135.0,29.1
2026060322,Antananarivo,39,18.8,18.3,226.0,7.4
2026060322,Dakar,91,174.6,52.6,129.0,2.4
2026060322,New_York,34,13.9,12.2,189.0,38.1
2026060322,Paris,20,7.9,4.7,130.0,6.7
2026060322,Tokyo,27,12.2,12.1,136.0,28.6
2026060323,Antananarivo,39,23.6,23.1,264.0,9.4
2026060323,Dakar,91,177.0,55.1,125.0,2.3
2026060323,New_York,31,13.8,12.1,191.0,39.5
2026060323,Paris,21,8.2,4.4,131.0,7.2
2026060323,Tokyo,26,11.4,11.4,139.0,27.7
2026060400,Antananarivo,38,27.4,26.8,280.0,11.1
2026060400,Dakar,91,213.7,71.2,121.0,2.2
2026060400,New_York,29,14.0,12.5,188.0,39.2
2026060400,Paris,20,9.1,4.7,128.0,5.7
2026060400,Tokyo,25,10.6,10.5,139.0,26.0
2026060401,Antananarivo,38,30.9,30.2,254.0,12.2
2026060401,Dakar,93,208.2,72.2,116.0,2.1
2026060401,New_York,27,14.5,13.1,182.0,38.3
2026060401,Paris,19,9.8,4.1,126.0,4.6
2026060401,Tokyo,25,8.1,8.1,134.0,22.6
2026060402,Antananarivo,39,33.3,32.6,205.0,12.8
2026060402,Dakar,94,211.4,74.7,111.0,2.0
2026060402,New_York,24,14.8,13.5,177.0,39.0
2026060402,Paris,20,9.6,5.6,117.0,3.6
2026060402,Tokyo,27,6.4,6.2,126.0,18.4
2026060403,Antananarivo,39,36.3,35.7,171.0,13.3
2026060403,Dakar,95,215.6,77.5,109.0,2.0
2026060403,New_York,21,15.3,14.1,173.0,43.4
2026060403,Paris,19,10.4,6.1,115.0,2.8
2026060403,Tokyo,28,4.6,4.4,123.0,15.6
2026060404,Antananarivo,39,33.5,32.9,166.0,12.5
2026060404,Dakar,97,216.5,78.7,110.0,2.1
2026060404,New_York,24,16.1,15.0,170.0,49.4
2026060404,Paris,19,11.2,6.2,113.0,2.7
2026060404,Tokyo,28,3.9,3.7,126.0,15.6
2026060405,Antananarivo,39,28.3,27.8,174.0,11.3
2026060405,Dakar,98,217.0,78.9,113.0,2.4
2026060405,New_York,25,17.0,15.9,175.0,52.7
2026060405,Paris,22,11.3,5.5,113.0,3.1
2026060405,Tokyo,28,3.9,3.7,134.0,17.1
2026060406,Antananarivo,38,24.9,24.4,185.0,9.6
2026060406,Dakar,100,208.6,77.3,118.0,2.5
2026060406,New_York,25,18.6,17.5,197.0,51.7
2026060406,Paris,21,9.9,5.8,117.0,4.5
2026060406,Tokyo,28,5.5,5.3,143.0,18.2
2026060407,Antananarivo,37,24.4,23.9,198.0,6.9
2026060407,Dakar,102,194.2,74.0,128.0,2.5
2026060407,New_York,23,19.7,18.7,227.0,48.0
2026060407,Paris,20,10.6,5.7,124.0,7.1
2026060407,Tokyo,28,7.7,7.5,157.0,18.4
2026060408,Antananarivo,36,23.8,23.3,214.0,3.6
2026060408,Dakar,103,192.8,72.4,140.0,2.3
2026060408,New_York,23,19.0,18.6,240.0,46.3
2026060408,Paris,20,11.8,6.6,154.0,11.9
2026060408,Tokyo,30,9.3,9.0,173.0,18.3
2026060409,Antananarivo,35,13.8,12.9,220.0,1.2
2026060409,Dakar,105,187.2,69.6,148.0,2.1
2026060409,New_York,23,13.7,13.4,220.0,35.5
2026060409,Paris,20,12.0,6.4,147.0,10.2
2026060409,Tokyo,27,11.6,11.4,181.0,24.0
2026060410,Antananarivo,35,11.2,10.2,209.0,0.3
2026060410,Dakar,106,177.9,65.4,148.0,1.7
2026060410,New_York,36,8.7,8.6,184.0,20.6
2026060410,Paris,21,11.5,6.5,146.0,9.7
2026060410,Tokyo,31,7.1,6.8,173.0,19.7
2026060411,Antananarivo,35,8.5,7.5,188.0,0.3
2026060411,Dakar,108,170.4,61.2,144.0,1.2
2026060411,New_York,51,6.9,6.8,157.0,9.3
2026060411,Paris,24,9.6,5.4,142.0,6.6
2026060411,Tokyo,37,6.0,5.5,157.0,13.8
2026060412,Antananarivo,35,6.2,5.4,167.0,0.4
2026060412,Dakar,109,144.4,47.5,141.0,0.9
2026060412,New_York,61,6.7,6.7,151.0,5.0
2026060412,Paris,25,10.7,5.2,141.0,4.7
2026060412,Tokyo,43,7.1,6.3,145.0,9.7
2026060413,Antananarivo,35,5.2,4.4,142.0,0.1
2026060413,Dakar,110,138.8,44.1,142.0,0.8
2026060413,New_York,63,7.2,7.2,154.0,4.3
2026060413,Paris,26,9.6,5.0,136.0,3.8
2026060413,Tokyo,45,8.0,7.0,143.0,8.4
2026060414,Antananarivo,35,4.7,3.9,116.0,0.0
2026060414,Dakar,111,136.9,41.2,145.0,0.7
2026060414,New_York,64,8.2,8.1,158.0,4.9
2026060414,Paris,29,8.6,4.3,133.0,3.5
2026060414,Tokyo,44,9.3,8.3,145.0,8.8
2026060415,Antananarivo,35,11.1,9.2,110.0,0.6
2026060415,Dakar,111,139.7,38.9,146.0,0.7
2026060415,New_York,65,9.1,9.0,160.0,5.9
2026060415,Paris,30,7.2,3.8,134.0,3.4
2026060415,Tokyo,41,9.3,8.5,151.0,11.7
2026060416,Antananarivo,35,11.1,9.3,142.0,2.9
2026060416,Dakar,111,143.4,37.4,144.0,0.8
2026060416,New_York,65,11.8,11.4,163.0,8.1
2026060416,Paris,30,6.6,3.4,137.0,4.1
2026060416,Tokyo,37,10.3,9.5,165.0,17.6
2026060417,Antananarivo,35,13.9,12.4,194.0,6.0
2026060417,Dakar,111,150.9,37.0,141.0,0.9
2026060417,New_York,64,14.0,13.1,171.0,12.0
2026060417,Paris,29,6.0,3.4,141.0,5.3
2026060417,Tokyo,32,13.1,12.5,182.0,26.0
2026060418,Antananarivo,35,21.5,20.2,227.0,8.0
2026060418,Dakar,111,159.3,37.7,137.0,1.1
2026060418,New_York,62,15.5,14.0,185.0,17.9
2026060418,Paris,28,5.5,3.4,143.0,5.6
2026060418,Tokyo,27,17.2,16.6,194.0,35.5
2026060419,Antananarivo,36,25.9,24.8,222.0,7.7
2026060419,Dakar,111,170.4,40.0,133.0,1.3
2026060419,New_York,56,16.6,14.9,203.0,25.5
2026060419,Paris,26,5.4,3.2,146.0,7.2
2026060419,Tokyo,23,24.5,24.0,193.0,47.9
2026060420,Antananarivo,37,20.8,20.1,198.0,6.3
2026060420,Dakar,111,188.6,43.9,128.0,1.4
2026060420,New_York,34,19.6,17.6,226.0,50.9
2026060420,Paris,24,5.3,3.0,132.0,7.8
2026060420,Tokyo,29,34.9,34.2,186.0,61.6
2026060421,Antananarivo,38,15.2,14.6,177.0,4.8
2026060421,Dakar,112,198.4,46.7,124.0,1.5
2026060421,New_York,29,22.6,20.7,255.0,63.7
2026060421,Paris,23,6.0,3.3,132.0,7.7
2026060421,Tokyo,21,25.0,21.8,183.0,43.5
2026060422,Antananarivo,38,10.4,10.0,167.0,3.6
2026060422,Dakar,112,204.4,48.1,123.0,1.5
2026060422,New_York,37,24.6,22.6,289.0,81.3
2026060422,Paris,22,7.6,3.5,133.0,8.4
2026060422,Tokyo,23,28.7,26.0,190.0,46.4
2026060423,Antananarivo,37,6.5,6.3,160.0,2.5
2026060423,Dakar,113,207.7,48.7,124.0,1.5
2026060423,New_York,43,25.8,23.9,327.0,94.1
2026060423,Paris,22,7.7,3.6,143.0,9.5
2026060423,Tokyo,24,30.0,27.4,201.0,50.2
2026060500,Antananarivo,36,4.2,4.1,152.0,1.7
2026060500,Dakar,113,221.7,51.1,123.0,1.1
2026060500,New_York,45,29.0,27.1,374.0,97.8
2026060500,Paris,21,7.5,4.0,141.0,8.7
2026060500,Tokyo,25,31.5,29.2,203.0,52.1
2026060501,Antananarivo,34,3.7,3.6,139.0,1.6
2026060501,Dakar,113,219.8,51.5,119.0,1.1
2026060501,New_York,44,33.8,31.7,424.0,96.7
2026060501,Paris,21,8.7,4.5,133.0,7.5
2026060501,Tokyo,25,29.3,26.9,186.0,50.4
2026060502,Antananarivo,32,3.7,3.6,126.0,1.8
2026060502,Dakar,114,217.9,52.2,113.0,1.0
2026060502,New_York,43,37.8,35.7,463.0,94.7
2026060502,Paris,22,8.9,4.0,123.0,5.3
2026060502,Tokyo,27,26.1,23.6,159.0,46.8
2026060503,Antananarivo,29,8.5,8.4,117.0,3.1
2026060503,Dakar,114,211.9,52.5,108.0,1.0
2026060503,New_York,42,40.7,38.8,488.0,93.3
2026060503,Paris,22,8.3,3.9,123.0,3.7
2026060503,Tokyo,28,22.6,20.1,141.0,43.1
2026060504,Antananarivo,27,6.9,6.8,116.0,2.8
2026060504,Dakar,114,216.1,53.7,105.0,1.0
2026060504,New_York,41,41.0,39.2,502.0,91.0
2026060504,Paris,24,8.3,4.4,122.0,3.4
2026060504,Tokyo,30,19.4,17.2,140.0,40.3
2026060505,Antananarivo,25,5.5,5.4,121.0,2.5
2026060505,Dakar,114,217.9,54.2,103.0,0.9
2026060505,New_York,39,38.9,37.3,495.0,87.1
2026060505,Paris,23,9.4,4.4,123.0,3.5
2026060505,Tokyo,31,17.4,15.7,146.0,37.5
2026060506,Antananarivo,23,5.1,5.0,127.0,2.1
2026060506,Dakar,114,214.7,53.9,105.0,0.9
2026060506,New_York,39,36.2,34.8,460.0,82.2
2026060506,Paris,22,11.2,5.1,125.0,5.6
2026060506,Tokyo,32,15.7,13.9,152.0,33.6
2026060507,Antananarivo,21,5.0,4.9,136.0,1.7
2026060507,Dakar,114,200.7,51.5,113.0,0.9
2026060507,New_York,40,31.8,30.7,404.0,75.8
2026060507,Paris,21,12.1,5.3,130.0,8.9
2026060507,Tokyo,32,10.7,9.4,155.0,27.0
2026060508,Antananarivo,20,4.2,4.1,147.0,1.3
2026060508,Dakar,114,177.4,46.7,123.0,1.0
2026060508,New_York,42,31.7,30.6,345.0,71.0
2026060508,Paris,20,12.3,5.4,160.0,12.3
2026060508,Tokyo,33,9.6,8.3,157.0,19.3
2026060509,Antananarivo,22,4.1,3.8,156.0,1.0
2026060509,Dakar,114,150.4,40.9,131.0,1.0
2026060509,New_York,44,19.8,19.3,280.0,52.8
2026060509,Paris,22,12.9,5.5,163.0,11.5
2026060509,Tokyo,33,4.8,4.6,156.0,14.4
2026060510,Antananarivo,24,4.5,4.1,162.0,0.7
2026060510,Dakar,113,128.5,35.6,132.0,0.9
2026060510,New_York,45,11.0,10.7,211.0,27.6
2026060510,Paris,24,12.7,5.6,164.0,9.8
2026060510,Tokyo,33,6.1,5.5,151.0,14.4
2026060511,Antananarivo,26,5.5,5.0,165.0,0.5
2026060511,Dakar,112,107.8,31.0,130.0,0.7
2026060511,New_York,59,7.9,7.7,161.0,8.9
2026060511,Paris,25,12.7,5.6,162.0,7.7
2026060511,Tokyo,34,7.7,6.7,143.0,14.5
2026060512,Antananarivo,27,5.3,4.8,164.0,0.4
2026060512,Dakar,111,103.1,29.8,129.0,0.5
2026060512,New_York,63,7.5,7.2,143.0,2.9
2026060512,Paris,27,12.0,5.4,160.0,6.1
2026060512,Tokyo,33,10.5,8.8,138.0,14.5
2026060513,Antananarivo,29,5.2,4.7,152.0,0.1
2026060513,Dakar,110,86.4,25.7,133.0,0.5
2026060513,New_York,64,8.1,7.3,145.0,3.4
2026060513,Paris,30,11.6,4.9,157.0,5.6
2026060513,Tokyo,32,12.5,10.4,137.0,14.1
2026060514,Antananarivo,30,5.0,4.6,136.0,0.0
2026060514,Dakar,110,74.0,22.7,139.0,0.5
2026060514,New_York,65,8.4,7.2,153.0,4.4
2026060514,Paris,31,11.4,4.7,153.0,5.0
2026060514,Tokyo,32,12.8,10.7,139.0,13.6
2026060515,Antananarivo,31,8.4,7.5,132.0,0.5
2026060515,Dakar,109,67.3,21.0,143.0,0.5
2026060515,New_York,65,8.5,7.1,162.0,2.6
2026060515,Paris,32,10.1,4.4,153.0,4.5
2026060515,Tokyo,33,11.6,9.5,141.0,14.3
2026060516,Antananarivo,29,8.5,7.6,156.0,1.9
2026060516,Dakar,107,68.7,20.7,142.0,0.6
2026060516,New_York,65,8.6,7.0,178.0,1.3
2026060516,Paris,33,9.4,4.4,154.0,5.1
2026060516,Tokyo,33,13.2,10.9,145.0,17.2
2026060517,Antananarivo,27,9.5,8.7,191.0,3.9
2026060517,Dakar,106,80.8,21.7,139.0,0.8
2026060517,New_York,64,8.8,7.0,197.0,4.9
2026060517,Paris,34,10.2,4.6,154.0,7.3
2026060517,Tokyo,33,12.2,9.9,150.0,21.3
2026060518,Antananarivo,25,15.9,14.7,209.0,5.1
2026060518,Dakar,105,94.8,23.6,136.0,0.9
2026060518,New_York,61,9.8,8.1,224.0,17.3
2026060518,Paris,34,10.2,4.6,159.0,8.7
2026060518,Tokyo,33,13.9,11.6,153.0,24.2
2026060519,Antananarivo,22,19.1,18.1,190.0,4.9
2026060519,Dakar,104,110.1,26.0,133.0,1.0
2026060519,New_York,51,15.8,14.4,255.0,34.6
2026060519,Paris,32,10.4,4.9,161.0,9.8
2026060519,Tokyo,32,13.4,11.0,155.0,24.8
2026060520,Antananarivo,20,15.9,15.1,154.0,4.0
2026060520,Dakar,103,123.4,28.2,131.0,1.2
2026060520,New_York,42,29.3,27.5,277.0,57.2
2026060520,Paris,31,10.2,4.5,142.0,12.1
2026060520,Tokyo,31,12.4,10.2,155.0,24.2
2026060521,Antananarivo,18,13.0,12.2,124.0,3.2
2026060521,Dakar,102,137.8,31.0,128.0,1.3
2026060521,New_York,44,28.7,27.1,287.0,55.4
2026060521,Paris,29,10.7,5.7,151.0,16.0
2026060521,Tokyo,29,14.7,11.9,153.0,25.2
2026060522,Antananarivo,17,10.4,9.7,111.0,2.7
2026060522,Dakar,101,155.5,34.5,126.0,1.3
2026060522,New_York,45,27.2,25.6,288.0,52.8
2026060522,Paris,24,11.8,6.1,162.0,19.1
2026060522,Tokyo,28,13.2,10.8,148.0,24.2
2026060523,Antananarivo,17,8.1,7.6,106.0,2.3
2026060523,Dakar,100,179.7,39.5,123.0,1.3
2026060523,New_York,46,24.8,23.2,280.0,48.8
2026060523,Paris,21,12.2,6.8,171.0,24.3
2026060523,Tokyo,27,12.0,9.8,142.0,22.8
2026060600,Antananarivo,17,7.2,6.8,103.0,2.0
2026060600,Dakar,99,258.0,58.1,120.0,1.3
2026060600,New_York,45,21.4,20.1,255.0,42.6
2026060600,Paris,18,13.0,7.5,200.0,30.3
2026060600,Tokyo,26,10.8,8.9,136.0,21.6
2026060601,Antananarivo,17,6.7,6.3,101.0,1.9
2026060601,Dakar,100,270.1,64.0,115.0,1.3
2026060601,New_York,44,18.1,17.3,220.0,35.1
2026060601,Paris,18,13.2,7.5,204.0,28.1
2026060601,Tokyo,24,9.4,7.8,131.0,20.6
2026060602,Antananarivo,16,5.9,5.6,101.0,1.9
2026060602,Dakar,101,287.8,71.5,108.0,1.3
2026060602,New_York,42,15.3,15.1,196.0,28.9
2026060602,Paris,18,12.5,7.5,179.0,19.8
2026060602,Tokyo,22,8.1,6.8,126.0,19.9
2026060603,Antananarivo,20,3.3,3.0,103.0,1.3
2026060603,Dakar,102,300.8,78.2,104.0,1.3
2026060603,New_York,39,15.1,15.1,192.0,24.9
2026060603,Paris,19,12.1,7.2,163.0,16.2
2026060603,Tokyo,21,7.1,5.9,125.0,19.7
2026060604,Antananarivo,19,3.1,2.9,107.0,1.5
2026060604,Dakar,104,310.1,83.6,102.0,1.4
2026060604,New_York,37,15.8,15.7,198.0,22.2
2026060604,Paris,20,11.6,7.0,156.0,11.7
2026060604,Tokyo,20,6.6,5.6,131.0,20.7
2026060605,Antananarivo,18,3.1,2.9,113.0,1.8
2026060605,Dakar,105,309.2,85.4,102.0,1.5
2026060605,New_York,37,16.4,16.3,204.0,20.7
2026060605,Paris,20,11.4,6.7,150.0,9.9
2026060605,Tokyo,19,7.0,6.0,141.0,22.2
2026060606,Antananarivo,17,3.7,3.5,120.0,1.9
2026060606,Dakar,107,296.2,83.8,105.0,1.6
2026060606,New_York,36,17.0,16.9,206.0,21.5
2026060606,Paris,20,10.8,6.1,143.0,8.7
2026060606,Tokyo,18,8.3,7.1,148.0,23.0
2026060607,Antananarivo,18,4.4,4.1,131.0,1.6
2026060607,Dakar,108,273.8,78.9,112.0,1.6
2026060607,New_York,34,17.7,17.6,208.0,23.6
2026060607,Paris,22,9.7,5.8,141.0,8.0
2026060607,Tokyo,17,10.1,8.7,149.0,22.4
2026060608,Antananarivo,20,4.7,4.4,143.0,1.0
2026060608,Dakar,109,247.7,72.2,122.0,1.6
2026060608,New_York,35,25.1,24.4,206.0,25.1
2026060608,Paris,22,9.6,5.8,192.0,8.6
2026060608,Tokyo,19,10.7,9.3,147.0,21.1
2026060609,Antananarivo,22,5.4,4.9,152.0,0.6
2026060609,Dakar,110,223.5,65.0,128.0,1.5
2026060609,New_York,46,25.4,24.6,199.0,20.3
2026060609,Paris,24,8.2,4.9,183.0,6.3
2026060609,Tokyo,22,9.8,8.6,145.0,18.1
2026060610,Antananarivo,24,5.9,5.2,155.0,0.4
2026060610,Dakar,112,208.6,58.4,128.0,1.3
2026060610,New_York,61,25.3,23.7,190.0,13.7
2026060610,Paris,27,8.0,4.8,155.0,5.7
2026060610,Tokyo,24,11.1,9.8,144.0,17.4
2026060611,Antananarivo,26,6.3,5.4,154.0,0.3
2026060611,Dakar,113,201.6,53.4,125.0,0.9
2026060611,New_York,65,19.6,17.7,181.0,8.5
2026060611,Paris,28,8.8,4.6,151.0,6.7
2026060611,Tokyo,25,12.2,10.6,142.0,16.6
2026060612,Antananarivo,27,6.2,5.4,153.0,0.3
2026060612,Dakar,114,189.5,48.3,123.0,0.7
2026060612,New_York,66,11.4,10.6,173.0,5.9
2026060612,Paris,28,8.7,4.7,157.0,6.4
2026060612,Tokyo,26,13.6,11.7,142.0,16.9
2026060613,Antananarivo,28,6.1,5.3,153.0,0.2
2026060613,Dakar,116,202.1,48.1,123.0,0.7
2026060613,New_York,66,7.7,7.3,166.0,4.8
2026060613,Paris,30,8.4,3.4,151.0,5.0
2026060613,Tokyo,26,15.2,13.0,143.0,19.0
2026060614,Antananarivo,29,5.9,5.1,153.0,0.2
2026060614,Dakar,118,221.7,50.6,124.0,0.6
2026060614,New_York,66,5.6,5.4,161.0,4.3
2026060614,Paris,30,7.3,3.6,143.0,4.0
2026060614,Tokyo,26,18.1,15.7,145.0,22.2
2026060615,Antananarivo,29,10.7,9.2,152.0,0.4
2026060615,Dakar,120,249.6,56.2,125.0,0.6
2026060615,New_York,66,5.2,5.1,159.0,4.1
2026060615,Paris,31,6.9,3.8,139.0,2.7
2026060615,Tokyo,25,20.1,17.5,148.0,25.9
2026060616,Antananarivo,27,10.6,9.2,152.0,0.9
2026060616,Dakar,123,273.8,64.5,126.0,0.7
2026060616,New_York,66,5.4,5.0,160.0,4.6
2026060616,Paris,32,8.4,3.9,138.0,2.8
2026060616,Tokyo,23,21.0,17.9,152.0,29.8
2026060617,Antananarivo,24,10.6,9.3,151.0,1.5
2026060617,Dakar,127,294.3,75.7,127.0,0.9
2026060617,New_York,65,7.3,6.7,159.0,6.7
2026060617,Paris,33,8.8,3.7,138.0,3.0
2026060617,Tokyo,21,20.7,17.3,157.0,34.1
2026060618,Antananarivo,22,10.9,9.9,148.0,2.0
2026060618,Dakar,130,294.3,85.9,128.0,1.1
2026060618,New_York,62,9.9,9.1,154.0,11.6
2026060618,Paris,34,9.1,3.8,136.0,3.4
2026060618,Tokyo,21,22.7,19.4,164.0,39.4
2026060619,Antananarivo,20,10.0,9.3,139.0,2.1
2026060619,Dakar,134,287.8,96.4,127.0,1.5
2026060619,New_York,56,11.0,10.2,148.0,17.9
2026060619,Paris,32,9.8,4.5,139.0,3.7
2026060619,Tokyo,23,25.9,22.8,176.0,46.9
2026060620,Antananarivo,18,9.2,8.5,128.0,2.0
2026060620,Dakar,137,269.2,103.6,126.0,2.0
2026060620,New_York,43,14.5,13.4,145.0,9.4
2026060620,Paris,31,10.4,4.5,125.0,4.9
2026060620,Tokyo,26,26.5,23.5,191.0,55.3
2026060621,Antananarivo,17,9.0,8.4,120.0,1.9
2026060621,Dakar,139,261.7,110.8,124.0,2.3
2026060621,New_York,39,12.0,11.4,148.0,11.4
2026060621,Paris,29,10.5,4.8,129.0,6.5
2026060621,Tokyo,27,24.5,21.0,200.0,56.5
2026060622,Antananarivo,17,6.8,6.2,119.0,1.7
2026060622,Dakar,141,256.1,115.9,123.0,2.4
2026060622,New_York,35,11.1,10.5,153.0,14.2
2026060622,Paris,28,11.2,4.9,132.0,7.4
2026060622,Tokyo,27,22.8,20.1,199.0,57.5
2026060623,Antananarivo,18,5.2,4.8,120.0,1.4
2026060623,Dakar,143,256.1,121.1,122.0,2.3
2026060623,New_York,32,10.5,10.0,157.0,15.8
2026060623,Paris,26,11.9,4.9,137.0,8.7
2026060623,Tokyo,27,22.3,19.9,193.0,58.7
2026060700,Antananarivo,19,4.3,3.9,121.0,1.2
2026060700,Dakar,144,245.9,117.6,119.0,2.1
2026060700,New_York,31,10.2,9.8,157.0,15.2
2026060700,Paris,24,12.7,5.2,142.0,9.8
2026060700,Tokyo,28,21.8,19.7,187.0,59.3
2026060701,Antananarivo,19,3.7,3.3,119.0,1.0
2026060701,Dakar,144,230.5,110.4,113.0,2.0
2026060701,New_York,30,9.7,9.4,155.0,13.5
2026060701,Paris,22,12.8,5.5,142.0,10.3
2026060701,Tokyo,28,21.1,19.2,184.0,59.0
2026060702,Antananarivo,19,3.3,3.0,115.0,0.9
2026060702,Dakar,143,217.5,96.9,105.0,2.0
2026060702,New_York,30,8.5,8.3,154.0,12.3
2026060702,Paris,20,14.9,5.6,131.0,10.5
2026060702,Tokyo,28,21.4,19.7,181.0,57.9
2026060703,Antananarivo,19,2.4,2.2,113.0,1.0
2026060703,Dakar,142,195.1,80.6,100.0,1.9
2026060703,New_York,28,7.4,7.2,155.0,12.3
2026060703,Paris,20,13.9,5.6,133.0,9.8
2026060703,Tokyo,29,19.9,18.2,178.0,55.9
2026060704,Antananarivo,18,2.3,2.1,112.0,1.1
2026060704,Dakar,140,183.0,67.1,98.0,1.9
2026060704,New_York,27,6.5,6.4,156.0,12.7
2026060704,Paris,21,13.4,5.6,131.0,8.1
2026060704,Tokyo,30,18.5,16.8,175.0,52.3
2026060705,Antananarivo,18,2.3,2.0,111.0,1.3
2026060705,Dakar,138,186.3,59.3,99.0,1.8
2026060705,New_York,26,5.9,5.7,160.0,12.8
2026060705,Paris,21,13.6,5.7,128.0,7.1
2026060705,Tokyo,31,17.9,16.3,173.0,47.7
2026060706,Antananarivo,18,2.6,2.3,112.0,1.3
2026060706,Dakar,136,198.8,55.4,101.0,1.8
2026060706,New_York,28,5.5,5.3,170.0,12.3
2026060706,Paris,19,14.2,5.8,131.0,9.4
2026060706,Tokyo,32,18.2,16.4,173.0,43.7
2026060707,Antananarivo,18,2.9,2.7,115.0,1.1
2026060707,Dakar,134,217.0,53.9,107.0,1.7
2026060707,New_York,30,5.4,5.3,181.0,11.3
2026060707,Paris,19,14.6,6.1,137.0,7.2
2026060707,Tokyo,33,18.7,16.6,178.0,40.7
2026060708,Antananarivo,19,3.1,2.8,119.0,0.8
2026060708,Dakar,134,239.3,53.8,115.0,1.7
2026060708,New_York,32,4.5,4.5,185.0,10.9
2026060708,Paris,21,15.3,6.4,195.0,6.8
2026060708,Tokyo,33,20.0,18.0,186.0,38.3
2026060709,Antananarivo,20,3.5,3.1,121.0,0.5
2026060709,Dakar,133,244.9,52.6,120.0,1.5
2026060709,New_York,35,6.4,5.8,173.0,8.8
2026060709,Paris,25,15.8,6.2,181.0,5.5
2026060709,Tokyo,34,17.8,15.5,192.0,39.1
2026060710,Antananarivo,21,3.9,3.4,120.0,0.4
2026060710,Dakar,134,258.0,53.4,120.0,1.2
2026060710,New_York,39,8.3,7.5,152.0,5.8
2026060710,Paris,28,14.3,5.2,165.0,4.0
2026060710,Tokyo,35,20.3,17.8,190.0,40.2
2026060711,Antananarivo,22,3.8,3.3,116.0,0.3
2026060711,Dakar,135,265.4,54.1,118.0,0.9
2026060711,New_York,43,8.7,7.9,137.0,3.5
2026060711,Paris,31,12.2,4.2,156.0,3.3
2026060711,Tokyo,35,21.7,19.3,186.0,42.0
2026060712,Antananarivo,23,3.5,3.1,114.0,0.3
2026060712,Dakar,136,261.7,63.1,116.0,0.6
2026060712,New_York,43,8.1,7.3,134.0,2.5
2026060712,Paris,32,11.9,4.4,156.0,3.7
2026060712,Tokyo,36,22.9,20.1,188.0,44.3
2026060713,Antananarivo,23,3.1,2.7,113.0,0.2
2026060713,Dakar,137,281.3,66.4,115.0,0.5
2026060713,New_York,41,7.7,7.1,136.0,2.1
2026060713,Paris,34,11.6,4.7,156.0,3.7
2026060713,Tokyo,37,24.3,21.4,200.0,47.5
2026060714,Antananarivo,23,5.3,4.5,112.0,0.2
2026060714,Dakar,138,272.9,65.9,114.0,0.4
2026060714,New_York,40,7.7,7.3,138.0,1.9
2026060714,Paris,35,11.0,4.9,154.0,3.7
2026060714,Tokyo,38,25.0,22.1,218.0,51.4
2026060715,Antananarivo,23,6.0,5.1,114.0,0.3
2026060715,Dakar,139,266.4,66.4,114.0,0.4
2026060715,New_York,40,8.7,8.0,136.0,1.8
2026060715,Paris,35,10.6,5.1,164.0,3.8
2026060715,Tokyo,38,26.1,23.5,237.0,55.0
2026060716,Antananarivo,22,6.1,5.1,120.0,0.7
2026060716,Dakar,139,258.0,67.1,114.0,0.5
2026060716,New_York,39,8.5,7.9,132.0,1.9
2026060716,Paris,35,10.3,5.0,169.0,4.4
2026060716,Tokyo,39,30.3,28.2,248.0,58.6
2026060717,Antananarivo,20,6.4,5.5,128.0,1.3
2026060717,Dakar,139,252.4,68.2,115.0,0.7
2026060717,New_York,39,8.3,7.8,131.0,2.4
2026060717,Paris,34,10.0,4.9,173.0,5.4
2026060717,Tokyo,39,34.1,32.4,260.0,62.0
2026060718,Antananarivo,18,7.5,6.6,133.0,1.8
2026060718,Dakar,138,245.9,68.7,115.0,0.9
2026060718,New_York,38,7.3,7.0,134.0,3.3
2026060718,Paris,33,10.2,4.9,184.0,6.7
2026060718,Tokyo,41,35.6,34.1,293.0,63.6
2026060719,Antananarivo,18,8.0,7.2,133.0,2.0
2026060719,Dakar,138,239.3,68.7,114.0,1.1
2026060719,New_York,37,6.0,5.8,139.0,4.4
2026060719,Paris,32,9.8,5.0,189.0,9.2
2026060719,Tokyo,44,32.7,31.1,381.0,62.7
2026060720,Antananarivo,17,7.8,7.0,131.0,2.1
2026060720,Dakar,137,246.8,70.8,112.0,1.3
2026060720,New_York,36,3.0,2.9,144.0,5.7
2026060720,Paris,30,9.6,5.0,160.0,13.0
2026060720,Tokyo,45,27.2,25.6,489.0,60.0
2026060721,Antananarivo,17,8.1,7.3,128.0,2.1
2026060721,Dakar,136,244.0,71.0,111.0,1.5
2026060721,New_York,34,2.3,2.3,150.0,7.2
2026060721,Paris,28,11.8,5.2,173.0,15.2
2026060721,Tokyo,46,25.8,24.1,539.0,57.1
2026060722,Antananarivo,17,8.2,7.5,125.0,2.2
2026060722,Dakar,136,241.2,70.5,110.0,1.6
2026060722,New_York,30,2.5,2.5,157.0,9.3
2026060722,Paris,22,13.9,5.4,167.0,16.3
2026060722,Tokyo,46,20.8,19.2,477.0,53.6
2026060723,Antananarivo,16,7.6,6.9,120.0,2.2
2026060723,Dakar,136,234.2,68.9,109.0,1.6
2026060723,New_York,28,3.9,3.9,159.0,10.4
2026060723,Paris,19,13.8,6.0,186.0,30.8
2026060723,Tokyo,46,19.5,17.9,356.0,48.5
2026060800,Antananarivo,16,6.9,6.2,116.0,2.2
2026060800,Dakar,135,219.3,63.6,108.0,1.6
2026060800,New_York,27,6.5,6.4,154.0,9.5
2026060800,Paris,18,13.0,6.1,205.0,26.6
2026060800,Tokyo,46,18.5,17.2,256.0,43.4
2026060801,Antananarivo,16,6.4,5.7,110.0,2.2
2026060801,Dakar,135,206.8,59.6,108.0,1.6
2026060801,New_York,27,9.3,9.1,145.0,7.7
2026060801,Paris,15,14.9,6.3,200.0,21.3
2026060801,Tokyo,45,14.1,13.0,204.0,38.2
2026060802,Antananarivo,17,6.2,5.5,104.0,2.1
2026060802,Dakar,135,204.9,57.6,108.0,1.5
2026060802,New_York,27,11.4,11.2,138.0,6.6
2026060802,Paris,18,14.9,6.8,192.0,20.8
2026060802,Tokyo,44,10.2,9.3,173.0,33.0
2026060803,Antananarivo,17,3.1,2.7,102.0,1.5
2026060803,Dakar,134,203.5,56.0,107.0,1.4
2026060803,New_York,25,12.3,12.0,136.0,7.3
2026060803,Paris,16,14.7,7.1,175.0,17.4
2026060803,Tokyo,42,7.4,6.5,156.0,29.1
2026060804,Antananarivo,17,3.2,2.8,109.0,1.7
2026060804,Dakar,135,203.5,54.7,104.0,1.3
2026060804,New_York,22,12.2,11.9,136.0,8.9
2026060804,Paris,17,13.8,6.9,166.0,13.1
2026060804,Tokyo,40,6.4,5.6,159.0,27.7
2026060805,Antananarivo,16,3.4,3.0,121.0,2.0
2026060805,Dakar,135,206.3,53.9,101.0,1.2
2026060805,New_York,21,11.8,11.4,136.0,9.8
2026060805,Paris,18,12.6,6.6,159.0,12.5
2026060805,Tokyo,39,7.2,6.4,176.0,27.7
2026060806,Antananarivo,16,4.0,3.5,130.0,2.1
2026060806,Dakar,135,206.8,52.7,102.0,1.1
2026060806,New_York,21,11.3,11.0,136.0,9.5
2026060806,Paris,16,12.7,6.9,157.0,15.7
2026060806,Tokyo,38,9.1,8.2,187.0,27.0
2026060807,Antananarivo,17,5.2,4.8,135.0,1.7
2026060807,Dakar,135,203.0,50.9,110.0,1.1
2026060807,New_York,22,10.7,10.2,136.0,8.5
2026060807,Paris,14,13.8,7.4,184.0,28.4
2026060807,Tokyo,38,11.0,10.2,182.0,24.4
2026060808,Antananarivo,20,4.4,3.9,138.0,1.2
2026060808,Dakar,135,191.4,47.7,122.0,1.1
2026060808,New_York,26,2.9,2.8,136.0,7.0
2026060808,Paris,18,16.7,8.7,301.0,36.2
2026060808,Tokyo,37,10.3,9.2,171.0,21.2
2026060809,Antananarivo,22,4.1,3.7,137.0,0.7
2026060809,Dakar,134,179.3,44.6,130.0,1.1
2026060809,New_York,29,3.2,3.2,136.0,6.6
2026060809,Paris,18,19.5,9.5,306.0,36.7
2026060809,Tokyo,36,12.9,11.2,162.0,22.6
2026060810,Antananarivo,24,3.5,3.2,131.0,0.5
2026060810,Dakar,133,163.9,41.1,129.0,1.0
2026060810,New_York,34,3.8,3.7,136.0,6.2
2026060810,Paris,16,20.1,9.4,311.0,32.8
2026060810,Tokyo,36,12.8,11.5,158.0,22.4
2026060811,Antananarivo,25,3.3,2.9,121.0,0.3
2026060811,Dakar,132,149.5,37.8,125.0,0.8
2026060811,New_York,38,4.4,4.3,136.0,5.7
2026060811,Paris,18,16.8,7.7,264.0,27.5
2026060811,Tokyo,36,12.5,10.9,156.0,22.1
2026060812,Antananarivo,26,3.5,3.0,113.0,0.3
2026060812,Dakar,130,145.8,38.8,121.0,0.6
2026060812,New_York,43,5.4,5.3,135.0,5.3
2026060812,Paris,22,15.4,6.6,222.0,19.0
2026060812,Tokyo,35,14.1,12.0,155.0,22.1
2026060813,Antananarivo,27,4.0,3.3,106.0,0.3
2026060813,Dakar,128,134.6,36.4,120.0,0.5
2026060813,New_York,50,6.4,6.3,133.0,4.9
2026060813,Paris,27,13.5,6.5,182.0,10.8
2026060813,Tokyo,34,16.4,14.1,155.0,22.2
2026060814,Antananarivo,27,4.7,3.9,101.0,0.4
2026060814,Dakar,125,127.1,34.6,119.0,0.5
2026060814,New_York,53,6.9,6.9,132.0,4.8
2026060814,Paris,30,10.8,5.9,160.0,7.3
2026060814,Tokyo,34,17.1,14.6,156.0,22.5
2026060815,Antananarivo,28,11.1,9.1,100.0,0.5
2026060815,Dakar,123,122.0,32.9,120.0,0.5
2026060815,New_York,53,7.5,7.4,130.0,4.9
2026060815,Paris,31,8.9,5.3,151.0,4.7
2026060815,Tokyo,33,17.4,14.8,162.0,24.4
2026060816,Antananarivo,26,9.6,8.0,109.0,1.1
2026060816,Dakar,120,119.7,31.7,123.0,0.7
2026060816,New_York,51,8.0,7.8,129.0,5.2
2026060816,Paris,30,9.5,4.8,151.0,4.9
2026060816,Tokyo,32,17.5,15.0,173.0,28.3
2026060817,Antananarivo,24,8.8,7.6,123.0,2.0
2026060817,Dakar,118,120.6,31.1,126.0,0.9
2026060817,New_York,46,8.2,7.8,129.0,6.5
2026060817,Paris,28,9.0,4.8,151.0,6.4
2026060817,Tokyo,31,18.7,16.2,188.0,33.6
2026060818,Antananarivo,22,9.9,8.8,133.0,2.7
2026060818,Dakar,116,120.1,30.6,128.0,1.1
2026060818,New_York,40,8.3,7.6,130.0,8.9
2026060818,Paris,28,8.6,4.6,153.0,7.2
2026060818,Tokyo,30,21.0,18.6,211.0,40.0
2026060819,Antananarivo,21,11.1,10.2,135.0,3.1
2026060819,Dakar,114,130.4,31.4,127.0,1.3
2026060819,New_York,34,8.4,7.7,133.0,12.3
2026060819,Paris,28,8.8,4.8,151.0,7.7
2026060819,Tokyo,29,29.8,27.8,241.0,48.3
2026060820,Antananarivo,20,10.9,10.1,133.0,3.4
2026060820,Dakar,112,132.7,31.5,124.0,1.4
2026060820,New_York,31,9.5,8.8,139.0,18.5
2026060820,Paris,26,8.0,4.6,135.0,8.7
2026060820,Tokyo,28,33.1,31.3,277.0,57.6
2026060821,Antananarivo,20,10.7,9.9,131.0,3.5
2026060821,Dakar,110,136.9,31.9,121.0,1.5
2026060821,New_York,27,10.8,10.1,151.0,23.7
2026060821,Paris,24,6.2,4.7,140.0,11.0
2026060821,Tokyo,29,28.5,26.1,323.0,62.7
2026060822,Antananarivo,19,10.0,9.4,129.0,3.5
2026060822,Dakar,108,139.7,32.1,118.0,1.4
2026060822,New_York,21,11.1,10.2,166.0,30.6
2026060822,Paris,23,5.2,4.2,147.0,13.7
2026060822,Tokyo,29,26.4,24.4,399.0,63.2
2026060823,Antananarivo,18,8.7,8.2,127.0,3.4
2026060823,Dakar,107,152.7,33.6,115.0,1.3
2026060823,New_York,17,11.0,10.2,175.0,34.7
2026060823,Paris,23,4.3,3.6,150.0,10.1
2026060823,Tokyo,29,23.6,21.7,485.0,63.6
2026060900,Antananarivo,18,7.9,7.4,124.0,3.3
2026060900,Dakar,105,170.0,38.2,112.0,1.1
2026060900,New_York,17,10.8,10.1,173.0,33.1
2026060900,Paris,24,4.7,3.6,143.0,9.5
2026060900,Tokyo,30,21.2,19.1,519.0,61.3
2026060901,Antananarivo,18,7.5,7.1,121.0,3.2
2026060901,Dakar,105,179.3,39.7,108.0,1.1
2026060901,New_York,17,10.5,9.8,164.0,28.5
2026060901,Paris,25,6.7,3.5,142.0,9.2
2026060901,Tokyo,30,19.2,16.7,446.0,53.2
2026060902,Antananarivo,18,6.7,6.3,118.0,3.1
2026060902,Dakar,104,190.9,42.0,105.0,1.0
2026060902,New_York,18,10.2,9.5,156.0,24.8
2026060902,Paris,27,8.2,4.0,129.0,7.7
2026060902,Tokyo,30,17.5,14.8,320.0,42.5
2026060903,Antananarivo,22,4.3,4.0,117.0,2.1
2026060903,Dakar,104,201.6,44.6,102.0,1.0
2026060903,New_York,18,10.0,9.5,150.0,23.5
2026060903,Paris,27,8.7,4.1,125.0,6.2
2026060903,Tokyo,31,15.6,13.2,248.0,36.2
2026060904,Antananarivo,22,3.8,3.6,121.0,2.1
2026060904,Dakar,104,208.2,46.4,100.0,1.0
2026060904,New_York,17,9.9,9.5,144.0,23.0
2026060904,Paris,26,8.5,4.5,123.0,5.4
2026060904,Tokyo,31,15.1,13.4,295.0,38.9
2026060905,Antananarivo,22,3.5,3.3,126.0,2.1
2026060905,Dakar,104,211.4,47.5,100.0,1.0
2026060905,New_York,17,10.2,9.8,143.0,22.2
2026060905,Paris,24,8.7,4.5,121.0,5.5
2026060905,Tokyo,32,17.1,15.5,394.0,45.9
2026060906,Antananarivo,23,3.8,3.6,129.0,1.9
2026060906,Dakar,104,200.7,46.2,102.0,1.0
2026060906,New_York,18,10.9,10.5,153.0,20.9
2026060906,Paris,23,9.1,4.6,125.0,7.5
2026060906,Tokyo,33,20.6,19.2,454.0,51.0
2026060907,Antananarivo,25,4.8,4.5,127.0,1.5
2026060907,Dakar,104,189.1,44.6,110.0,1.0
2026060907,New_York,18,12.0,11.6,167.0,19.4
2026060907,Paris,23,11.6,5.1,126.0,9.3
2026060907,Tokyo,33,27.1,25.9,424.0,51.3
2026060908,Antananarivo,27,4.8,4.3,121.0,1.0
2026060908,Dakar,104,174.2,42.3,121.0,1.0
2026060908,New_York,21,16.2,15.5,175.0,18.7
2026060908,Paris,22,13.1,6.2,179.0,12.5
2026060908,Tokyo,35,25.5,24.3,355.0,49.6
2026060909,Antananarivo,28,4.8,4.1,115.0,0.6
2026060909,Dakar,103,155.5,39.2,128.0,1.0
2026060909,New_York,25,16.6,15.9,170.0,15.9
2026060909,Paris,25,12.5,5.5,164.0,12.6
2026060909,Tokyo,36,19.4,19.0,300.0,47.5
2026060910,Antananarivo,28,4.2,3.5,108.0,0.4
2026060910,Dakar,103,141.6,36.8,129.0,0.9
2026060910,New_York,30,14.9,14.2,158.0,12.1
2026060910,Paris,28,10.5,4.6,150.0,8.6
2026060910,Tokyo,37,17.1,16.9,280.0,46.0
2026060911,Antananarivo,28,3.7,3.0,100.0,0.3
2026060911,Dakar,103,128.1,34.5,126.0,0.7
2026060911,New_York,36,12.5,12.0,148.0,8.9
2026060911,Paris,29,9.0,4.0,142.0,6.2
2026060911,Tokyo,37,17.1,16.8,274.0,44.3
2026060912,Antananarivo,28,3.4,2.7,94.0,0.3
2026060912,Dakar,102,131.3,36.2,123.0,0.6
2026060912,New_York,44,11.7,11.1,144.0,6.9
2026060912,Paris,30,8.6,4.0,140.0,4.6
2026060912,Tokyo,38,17.8,17.4,278.0,44.9
2026060913,Antananarivo,29,3.2,2.4,89.0,0.2
2026060913,Dakar,102,122.5,34.6,122.0,0.6
2026060913,New_York,55,12.5,11.7,143.0,5.5
2026060913,Paris,31,7.6,3.4,137.0,4.3
2026060913,Tokyo,38,19.7,19.2,287.0,49.9
2026060914,Antananarivo,29,3.1,2.4,85.0,0.1
2026060914,Dakar,102,112.2,32.5,120.0,0.5
2026060914,New_York,60,13.3,12.5,141.0,4.9
2026060914,Paris,31,7.5,3.3,134.0,4.0
2026060914,Tokyo,38,22.3,21.7,306.0,57.3
2026060915,Antananarivo,28,2.7,2.1,87.0,0.4
2026060915,Dakar,102,99.7,29.9,120.0,0.5
2026060915,New_York,61,14.1,13.2,136.0,5.1
2026060915,Paris,31,7.3,3.2,134.0,3.8
2026060915,Tokyo,39,23.7,23.2,344.0,63.5
2026060916,Antananarivo,27,2.9,2.3,97.0,1.0
2026060916,Dakar,101,87.1,27.5,121.0,0.6
2026060916,New_York,61,16.8,14.9,131.0,6.1
2026060916,Paris,30,6.9,3.5,134.0,4.4
2026060916,Tokyo,40,25.1,24.6,415.0,67.2
2026060917,Antananarivo,25,3.6,3.0,112.0,1.7
2026060917,Dakar,101,76.1,25.4,124.0,0.7
2026060917,New_York,59,17.3,15.1,131.0,8.3
2026060917,Paris,30,7.1,4.1,136.0,5.5
2026060917,Tokyo,41,25.3,24.8,505.0,69.7
2026060918,Antananarivo,24,5.5,4.9,130.0,2.4
2026060918,Dakar,100,69.4,24.0,125.0,0.8
2026060918,New_York,51,16.6,14.7,142.0,12.4
2026060918,Paris,28,7.6,4.0,137.0,6.8
2026060918,Tokyo,43,25.6,25.2,580.0,71.1
2026060919,Antananarivo,22,6.8,6.0,154.0,2.7
2026060919,Dakar,99,65.7,23.2,124.0,0.9
2026060919,New_York,41,16.1,14.3,158.0,17.7
2026060919,Paris,26,7.5,5.1,141.0,7.1
2026060919,Tokyo,44,28.2,27.8,637.0,70.9
2026060920,Antananarivo,21,7.6,6.9,180.0,2.9
2026060920,Dakar,98,63.6,22.6,122.0,1.0
2026060920,New_York,37,17.4,15.5,170.0,24.3
2026060920,Paris,25,7.8,4.9,129.0,8.9
2026060920,Tokyo,44,29.7,29.4,679.0,69.5
2026060921,Antananarivo,20,8.7,7.9,196.0,3.3
2026060921,Dakar,97,62.2,22.2,120.0,1.1
2026060921,New_York,33,18.3,16.5,173.0,27.8
2026060921,Paris,22,8.1,5.1,140.0,13.5
2026060921,Tokyo,43,20.4,19.7,688.0,69.7
2026060922,Antananarivo,19,10.4,9.6,192.0,4.0
2026060922,Dakar,96,61.0,21.8,118.0,1.1
2026060922,New_York,28,18.3,16.6,171.0,32.3
2026060922,Paris,22,9.0,5.2,142.0,17.9
2026060922,Tokyo,42,23.4,22.9,640.0,71.1
2026060923,Antananarivo,18,12.3,11.5,177.0,5.0
2026060923,Dakar,94,61.0,21.5,116.0,1.1
2026060923,New_York,25,17.9,16.1,168.0,34.6
2026060923,Paris,21,10.6,5.7,155.0,20.9
2026060923,Tokyo,42,25.8,25.4,559.0,73.1
2026061000,Antananarivo,16,13.9,13.1,174.0,5.9
2026061000,Dakar,93,64.7,20.4,113.0,1.0
2026061000,New_York,26,17.5,15.6,165.0,32.2
2026061000,Paris,18,11.5,6.1,172.0,26.9
2026061000,Tokyo,43,27.5,27.1,497.0,74.6
2026061001,Antananarivo,14,15.7,14.9,191.0,6.8
2026061001,Dakar,91,71.7,21.2,109.0,0.9
2026061001,New_York,26,17.3,15.3,161.0,27.4
2026061001,Paris,15,11.8,6.3,181.0,25.1
2026061001,Tokyo,44,29.4,29.0,479.0,75.2
2026061002,Antananarivo,13,17.3,16.6,219.0,7.7
2026061002,Dakar,89,80.8,22.5,105.0,0.9
2026061002,New_York,27,17.2,15.0,157.0,23.8
2026061002,Paris,14,11.7,6.8,177.0,22.6
2026061002,Tokyo,46,31.9,31.4,480.0,75.3
2026061003,Antananarivo,12,30.2,29.4,249.0,12.2
2026061003,Dakar,87,92.2,24.5,102.0,0.8
2026061003,New_York,27,16.9,14.6,152.0,23.2
2026061003,Paris,15,10.8,6.9,163.0,17.7
2026061003,Tokyo,49,34.0,33.4,478.0,75.3
2026061004,Antananarivo,14,32.2,31.5,282.0,13.6
2026061004,Dakar,85,102.7,26.5,100.0,0.8
2026061004,New_York,28,16.6,14.3,147.0,23.8
2026061004,Paris,18,11.0,6.9,144.0,10.9
2026061004,Tokyo,52,33.9,33.3,472.0,76.0
2026061005,Antananarivo,16,34.2,33.6,317.0,15.4
2026061005,Dakar,84,115.0,29.0,98.0,0.8
2026061005,New_York,28,16.5,14.1,146.0,24.0
2026061005,Paris,19,10.6,6.4,135.0,9.6
2026061005,Tokyo,56,31.7,31.1,464.0,76.4
2026061006,Antananarivo,19,38.1,37.4,338.0,15.3
2026061006,Dakar,82,129.9,31.9,101.0,0.8
2026061006,New_York,28,16.5,14.2,151.0,23.2
2026061006,Paris,18,10.7,6.0,135.0,10.0
2026061006,Tokyo,58,31.3,30.9,437.0,74.3
2026061007,Antananarivo,21,45.5,44.9,339.0,11.4
2026061007,Dakar,81,140.2,33.8,111.0,0.9
2026061007,New_York,29,17.2,14.8,159.0,21.9
2026061007,Paris,19,12.3,5.9,139.0,14.5
2026061007,Tokyo,60,29.5,29.1,374.0,67.9
2026061008,Antananarivo,25,28.5,27.8,327.0,5.6
2026061008,Dakar,80,146.2,35.2,124.0,1.0
2026061008,New_York,29,18.6,15.9,165.0,22.4
2026061008,Paris,19,14.6,6.9,203.0,17.9
2026061008,Tokyo,60,22.5,22.1,293.0,58.8
2026061009,Antananarivo,30,11.6,10.6,301.0,1.2
2026061009,Dakar,80,149.0,35.7,134.0,1.0
2026061009,New_York,29,20.7,17.5,169.0,20.1
2026061009,Paris,21,13.5,6.5,190.0,17.5
2026061009,Tokyo,60,12.8,12.2,226.0,43.4
2026061010,Antananarivo,32,8.3,7.3,253.0,0.0
2026061010,Dakar,80,146.2,35.6,137.0,0.9
2026061010,New_York,34,22.4,18.9,170.0,16.9
2026061010,Paris,25,11.7,5.4,165.0,11.2
2026061010,Tokyo,59,14.6,13.8,187.0,37.5
2026061011,Antananarivo,32,6.8,6.0,192.0,0.1
2026061011,Dakar,80,141.1,34.8,137.0,0.7
2026061011,New_York,42,25.5,21.2,170.0,14.0
2026061011,Paris,27,9.1,4.5,151.0,7.5
2026061011,Tokyo,59,14.2,13.0,163.0,29.2
2026061012,Antananarivo,31,6.4,5.6,149.0,0.4
2026061012,Dakar,80,112.7,29.8,135.0,0.6
2026061012,New_York,52,27.5,22.6,165.0,11.5
2026061012,Paris,28,8.8,3.8,143.0,5.3
2026061012,Tokyo,58,14.7,12.7,148.0,22.7
2026061013,Antananarivo,32,6.5,5.7,135.0,0.1
2026061013,Dakar,80,102.9,28.0,132.0,0.6
2026061013,New_York,60,30.3,24.9,157.0,9.2
2026061013,Paris,30,8.5,3.6,139.0,4.6
2026061013,Tokyo,57,21.1,16.5,143.0,19.1
2026061014,Antananarivo,33,6.8,6.1,140.0,0.0
2026061014,Dakar,79,93.6,26.2,127.0,0.5
2026061014,New_York,61,26.8,22.5,153.0,8.1
2026061014,Paris,30,8.2,3.6,136.0,4.2
2026061014,Tokyo,57,22.8,17.6,147.0,17.1
2026061015,Antananarivo,32,3.5,3.4,164.0,0.6
2026061015,Dakar,79,83.8,24.2,125.0,0.5
2026061015,New_York,60,26.3,22.5,153.0,8.4
2026061015,Paris,30,8.7,3.4,135.0,4.6
2026061015,Tokyo,56,24.4,18.6,156.0,17.5
2026061016,Antananarivo,30,3.8,3.8,219.0,2.7
2026061016,Dakar,79,72.2,21.8,127.0,0.6
2026061016,New_York,55,25.6,22.1,157.0,9.9
2026061016,Paris,30,8.0,3.2,140.0,5.0
2026061016,Tokyo,55,24.7,18.9,168.0,20.7
2026061017,Antananarivo,29,9.7,9.6,292.0,5.7
2026061017,Dakar,78,63.6,19.8,130.0,0.8
2026061017,New_York,47,22.3,19.6,167.0,12.9
2026061017,Paris,29,7.5,3.2,140.0,5.7
2026061017,Tokyo,54,24.2,18.6,184.0,26.2
2026061018,Antananarivo,30,18.1,18.0,346.0,8.4
2026061018,Dakar,78,56.6,18.5,132.0,1.0
2026061018,New_York,40,19.8,17.9,189.0,18.4
2026061018,Paris,29,7.5,3.3,142.0,6.4
2026061018,Tokyo,53,24.7,19.5,200.0,33.0
2026061019,Antananarivo,31,23.9,23.8,367.0,10.5
2026061019,Dakar,78,53.8,17.9,129.0,1.2
2026061019,New_York,35,18.5,17.2,218.0,25.4
2026061019,Paris,30,7.0,3.5,141.0,7.4
2026061019,Tokyo,52,25.0,20.4,211.0,41.5
2026061020,Antananarivo,32,29.9,29.8,368.0,12.3
2026061020,Dakar,78,53.3,17.8,125.0,1.4
2026061020,New_York,35,16.7,15.9,236.0,34.5
2026061020,Paris,30,7.0,3.5,130.0,8.3
2026061020,Tokyo,51,26.5,22.5,221.0,51.3
2026061021,Antananarivo,34,35.7,35.5,358.0,13.6
2026061021,Dakar,78,54.0,18.1,121.0,1.6
2026061021,New_York,35,14.6,14.3,236.0,36.1
2026061021,Paris,28,6.9,3.8,133.0,10.0
2026061021,Tokyo,50,32.5,26.7,238.0,57.9
2026061022,Antananarivo,36,39.5,39.2,334.0,14.4
2026061022,Dakar,77,54.5,18.4,119.0,1.6
2026061022,New_York,35,15.8,15.6,225.0,38.2
2026061022,Paris,26,7.6,4.1,143.0,12.4
2026061022,Tokyo,51,32.5,27.6,272.0,63.9
2026061023,Antananarivo,39,41.1,40.6,299.0,14.6
2026061023,Dakar,77,56.6,18.9,117.0,1.5
2026061023,New_York,35,16.9,16.7,216.0,38.5
2026061023,Paris,26,8.1,4.2,147.0,12.9
2026061023,Tokyo,52,35.7,31.7,314.0,72.1
2026061100,Antananarivo,42,39.2,38.8,264.0,14.3
2026061100,Dakar,77,72.4,22.8,115.0,1.6
2026061100,New_York,35,16.7,16.5,212.0,35.2
2026061100,Paris,25,8.7,4.4,150.0,12.7
2026061100,Tokyo,53,40.0,37.0,342.0,77.9
2026061101,Antananarivo,47,36.2,35.5,231.0,13.0
2026061101,Dakar,77,71.2,22.7,112.0,1.7
2026061101,New_York,35,16.5,16.4,209.0,30.2
2026061101,Paris,24,9.4,4.5,147.0,10.4
2026061101,Tokyo,55,42.7,40.3,341.0,79.1
2026061102,Antananarivo,50,32.7,32.0,200.0,11.1
2026061102,Dakar,77,72.9,23.0,109.0,1.7
2026061102,New_York,35,17.5,17.4,207.0,26.4
2026061102,Paris,23,10.6,4.5,137.0,9.9
2026061102,Tokyo,56,42.8,40.7,327.0,77.9
2026061103,Antananarivo,53,31.3,30.4,176.0,9.8
2026061103,Dakar,77,74.0,23.1,106.0,1.8
2026061103,New_York,36,18.9,18.7,205.0,25.5
2026061103,Paris,22,10.4,4.6,133.0,7.9
2026061103,Tokyo,58,39.8,37.7,320.0,76.2
2026061104,Antananarivo,53,28.3,27.4,164.0,10.5
2026061104,Dakar,77,74.5,23.1,103.0,1.9
2026061104,New_York,36,19.7,19.6,205.0,26.0
2026061104,Paris,21,10.5,4.9,131.0,6.9
2026061104,Tokyo,59,40.6,38.8,336.0,74.3
2026061105,Antananarivo,52,27.5,26.4,159.0,11.3
2026061105,Dakar,77,78.2,23.6,100.0,2.0
2026061105,New_York,36,20.0,19.9,206.0,25.8
2026061105,Paris,21,10.9,5.0,133.0,7.0
2026061105,Tokyo,60,41.6,39.7,361.0,72.0
2026061106,Antananarivo,51,30.0,28.9,162.0,10.9
2026061106,Dakar,76,81.0,23.9,104.0,2.0
2026061106,New_York,37,20.0,19.9,212.0,24.5
2026061106,Paris,19,11.9,5.5,135.0,9.5
2026061106,Tokyo,60,39.3,37.1,371.0,70.1
2026061107,Antananarivo,50,35.9,34.6,178.0,8.2
2026061107,Dakar,75,82.0,23.9,120.0,2.0
2026061107,New_York,37,17.6,17.5,220.0,22.6
2026061107,Paris,18,13.6,6.0,135.0,12.7
2026061107,Tokyo,60,39.0,36.3,352.0,69.9
2026061108,Antananarivo,48,23.3,22.8,201.0,4.3
2026061108,Dakar,74,85.9,24.3,142.0,1.9
2026061108,New_York,38,9.0,8.8,222.0,23.1
2026061108,Paris,18,15.3,7.3,191.0,16.3
2026061108,Tokyo,61,36.3,33.2,318.0,70.1
2026061109,Antananarivo,47,16.3,15.9,208.0,1.4
2026061109,Dakar,73,91.0,24.7,157.0,1.8
2026061109,New_York,37,8.8,8.6,215.0,18.4
2026061109,Paris,20,14.3,7.5,186.0,16.2
2026061109,Tokyo,61,34.2,29.5,296.0,60.9
2026061110,Antananarivo,48,12.3,11.8,183.0,0.4
2026061110,Dakar,72,97.3,25.4,160.0,1.5
2026061110,New_York,55,8.3,8.2,203.0,11.8
2026061110,Paris,23,12.5,6.2,176.0,12.0
2026061110,Tokyo,62,31.8,26.5,304.0,53.9
2026061111,Antananarivo,49,8.1,7.7,142.0,0.3
2026061111,Dakar,71,102.7,26.0,156.0,1.2
2026061111,New_York,63,7.5,7.3,190.0,6.8
2026061111,Paris,26,10.7,5.6,164.0,8.2
2026061111,Tokyo,62,28.6,23.3,324.0,43.9
2026061112,Antananarivo,49,5.7,5.4,111.0,0.4
2026061112,Dakar,71,116.6,28.7,151.0,0.7
2026061112,New_York,65,6.9,6.8,176.0,4.7
2026061112,Paris,27,10.1,5.3,162.0,6.7
2026061112,Tokyo,62,26.8,21.4,324.0,35.0
2026061113,Antananarivo,49,4.6,4.3,98.0,0.2
2026061113,Dakar,71,123.9,29.3,144.0,0.6
2026061113,New_York,65,6.7,6.6,162.0,4.2
2026061113,Paris,29,9.3,5.2,156.0,6.0
2026061113,Tokyo,63,26.5,20.4,282.0,27.7
2026061114,Antananarivo,49,3.8,3.6,95.0,0.2
2026061114,Dakar,71,130.4,29.9,136.0,0.6
2026061114,New_York,64,6.4,6.2,155.0,4.1
2026061114,Paris,29,9.3,5.5,157.0,6.4
2026061114,Tokyo,63,23.9,18.3,220.0,21.4
2026061115,Antananarivo,48,1.6,1.5,97.0,0.5
2026061115,Dakar,72,137.8,30.7,131.0,0.6
2026061115,New_York,63,5.9,5.7,157.0,3.8
2026061115,Paris,29,9.5,5.6,157.0,7.0
2026061115,Tokyo,63,23.4,18.0,178.0,18.1
2026061116,Antananarivo,48,1.4,1.4,106.0,1.3
2026061116,Dakar,73,144.8,31.8,132.0,0.7
2026061116,New_York,61,5.5,5.3,166.0,4.0
2026061116,Paris,28,9.4,5.7,161.0,8.5
2026061116,Tokyo,63,22.9,17.7,174.0,18.8
2026061117,Antananarivo,47,3.0,2.9,121.0,2.4
2026061117,Dakar,74,151.8,32.9,135.0,0.9
2026061117,New_York,56,5.4,5.1,178.0,5.4
2026061117,Paris,27,9.4,5.8,167.0,11.0
2026061117,Tokyo,63,21.4,16.7,189.0,22.4
2026061118,Antananarivo,46,5.0,5.0,134.0,3.3
2026061118,Dakar,75,159.7,34.3,137.0,1.2
2026061118,New_York,49,5.6,5.3,198.0,9.0
2026061118,Paris,26,9.5,6.3,177.0,13.8
2026061118,Tokyo,63,22.6,18.7,209.0,27.8
2026061119,Antananarivo,44,5.5,5.4,139.0,3.6
2026061119,Dakar,77,167.2,35.7,135.0,1.5
2026061119,New_York,43,6.5,6.2,222.0,13.9
2026061119,Paris,24,10.1,6.7,180.0,17.7
2026061119,Tokyo,63,22.9,19.9,236.0,35.6
2026061120,Antananarivo,41,6.1,6.1,142.0,3.6
2026061120,Dakar,79,173.7,37.0,132.0,1.9
2026061120,New_York,30,18.2,17.9,236.0,33.4
2026061120,Paris,22,9.6,6.1,154.0,17.0
2026061120,Tokyo,63,25.0,22.3,267.0,45.2
2026061121,Antananarivo,39,7.8,7.8,159.0,4.1
2026061121,Dakar,81,182.1,38.8,128.0,2.2
2026061121,New_York,31,16.0,15.5,230.0,27.9
2026061121,Paris,22,9.9,6.3,150.0,15.7
2026061121,Tokyo,63,36.0,31.8,285.0,54.0
2026061122,Antananarivo,36,12.3,12.3,210.0,5.5
2026061122,Dakar,83,186.7,40.3,124.0,2.3
2026061122,New_York,33,12.3,11.7,214.0,20.4
2026061122,Paris,23,9.8,6.3,153.0,18.1
2026061122,Tokyo,63,39.6,35.7,276.0,60.1
2026061123,Antananarivo,34,16.9,16.9,275.0,7.3
2026061123,Dakar,85,187.2,41.1,121.0,2.2
2026061123,New_York,34,11.4,10.9,198.0,15.2
2026061123,Paris,23,9.6,6.4,156.0,17.0
2026061123,Tokyo,63,48.0,44.2,253.0,68.4
2026061200,Antananarivo,32,19.2,19.2,309.0,8.5
2026061200,Dakar,87,162.1,36.4,116.0,2.1
2026061200,New_York,32,11.7,11.3,184.0,14.6
2026061200,Paris,22,9.2,6.1,149.0,14.0
2026061200,Tokyo,64,40.5,37.5,234.0,74.2
2026061201,Antananarivo,30,19.2,19.0,282.0,8.7
2026061201,Dakar,89,154.1,34.7,109.0,2.0
2026061201,New_York,29,12.0,11.6,171.0,16.3
2026061201,Paris,22,8.8,5.8,140.0,9.9
2026061201,Tokyo,64,38.4,35.7,228.0,75.5
2026061202,Antananarivo,29,18.9,18.8,223.0,8.2
2026061202,Dakar,90,149.0,33.5,102.0,1.9
2026061202,New_York,26,11.9,11.6,162.0,17.8
2026061202,Paris,21,8.2,5.0,128.0,5.7
2026061202,Tokyo,63,37.5,35.2,226.0,74.4
2026061203,Antananarivo,28,17.1,16.9,176.0,7.1
2026061203,Dakar,92,143.0,32.5,97.0,1.8
2026061203,New_York,22,11.6,11.3,161.0,18.5
2026061203,Paris,22,9.0,5.2,122.0,3.9
2026061203,Tokyo,63,34.6,32.4,226.0,72.2
2026061204,Antananarivo,27,15.9,15.7,157.0,7.3
2026061204,Dakar,93,138.8,31.5,94.0,1.8
2026061204,New_York,22,11.4,11.1,164.0,19.1
2026061204,Paris,20,9.6,5.6,121.0,3.4
2026061204,Tokyo,63,32.7,30.3,227.0,69.2
2026061205,Antananarivo,26,15.0,14.8,150.0,7.4
2026061205,Dakar,94,135.0,30.7,93.0,1.8
2026061205,New_York,21,11.1,10.9,166.0,18.5
2026061205,Paris,19,10.1,5.5,119.0,3.5
2026061205,Tokyo,63,31.4,27.9,229.0,65.2
2026061206,Antananarivo,25,15.5,15.3,147.0,6.9
2026061206,Dakar,95,132.7,30.0,97.0,1.9
2026061206,New_York,21,10.7,10.5,165.0,16.0
2026061206,Paris,18,10.6,5.6,120.0,6.4
2026061206,Tokyo,62,29.7,26.1,231.0,60.3
2026061207,Antananarivo,24,18.4,18.2,148.0,5.1
2026061207,Dakar,96,132.2,29.8,111.0,2.1
2026061207,New_York,25,10.0,9.7,162.0,12.5
2026061207,Paris,16,11.6,6.0,126.0,8.7
2026061207,Tokyo,62,32.1,26.7,234.0,53.9
2026061208,Antananarivo,22,12.0,11.7,153.0,2.7
2026061208,Dakar,96,127.1,29.2,130.0,2.2
2026061208,New_York,33,4.3,4.2,160.0,9.1
2026061208,Paris,14,13.3,7.6,174.0,12.8
2026061208,Tokyo,62,29.9,25.1,237.0,46.7
2026061209,Antananarivo,26,5.3,5.3,159.0,0.9
2026061209,Dakar,97,121.5,28.5,146.0,2.2
2026061209,New_York,39,5.0,4.9,160.0,7.8
2026061209,Paris,14,13.4,7.5,166.0,14.6
2026061209,Tokyo,61,14.7,14.1,238.0,30.0
2026061210,Antananarivo,29,5.1,5.0,166.0,0.3
2026061210,Dakar,98,128.5,29.7,157.0,1.8
2026061210,New_York,54,6.0,5.7,160.0,5.9
2026061210,Paris,15,13.2,7.5,157.0,11.8
2026061210,Tokyo,61,21.2,20.4,233.0,30.5
2026061211,Antananarivo,30,4.6,4.5,173.0,0.2
2026061211,Dakar,98,123.9,29.2,164.0,1.2
2026061211,New_York,61,6.9,6.5,158.0,4.4
2026061211,Paris,16,13.3,7.3,153.0,9.6
2026061211,Tokyo,61,25.8,24.7,227.0,31.3
2026061212,Antananarivo,30,3.6,3.6,173.0,0.3
2026061212,Dakar,98,58.2,25.7,166.0,1.9
2026061212,New_York,62,7.7,7.0,152.0,3.4
2026061212,Paris,16,13.0,7.3,146.0,8.5
2026061212,Tokyo,61,29.7,28.3,229.0,32.8
2026061213,Antananarivo,31,3.2,3.1,158.0,0.1
2026061213,Dakar,98,51.8,24.4,159.0,1.6
2026061213,New_York,62,7.9,7.2,145.0,2.8
2026061213,Paris,16,13.5,7.1,144.0,7.2
2026061213,Tokyo,61,32.7,31.0,245.0,35.5
2026061214,Antananarivo,32,3.0,2.9,137.0,0.0
2026061214,Dakar,96,55.8,26.3,146.0,1.2
2026061214,New_York,61,8.8,7.9,140.0,2.7
2026061214,Paris,17,13.7,7.3,139.0,5.8
2026061214,Tokyo,61,29.7,27.9,270.0,38.9
2026061215,Antananarivo,31,4.1,3.8,126.0,0.6
2026061215,Dakar,95,65.7,31.4,136.0,1.0
2026061215,New_York,60,11.1,9.7,137.0,3.2
2026061215,Paris,18,12.9,7.1,137.0,5.6
2026061215,Tokyo,62,26.2,23.9,297.0,41.7
2026061216,Antananarivo,29,3.2,3.0,137.0,2.2
2026061216,Dakar,94,79.2,36.7,131.0,1.0
2026061216,New_York,58,11.6,10.4,136.0,4.2
2026061216,Paris,18,13.0,7.2,140.0,6.3
2026061216,Tokyo,62,22.7,20.7,325.0,42.3
2026061217,Antananarivo,26,6.9,6.7,159.0,4.5
2026061217,Dakar,93,88.2,38.4,129.0,1.2
2026061217,New_York,52,12.3,11.3,141.0,6.3
2026061217,Paris,17,12.4,7.3,139.0,6.9
2026061217,Tokyo,62,20.3,18.3,354.0,42.3
2026061218,Antananarivo,22,14.0,13.7,175.0,6.8
2026061218,Dakar,92,89.4,36.9,126.0,1.4
2026061218,New_York,42,12.1,11.6,157.0,10.5
2026061218,Paris,18,12.9,7.7,141.0,7.2
2026061218,Tokyo,62,21.8,19.7,381.0,44.8
2026061219,Antananarivo,21,21.2,20.9,178.0,9.3
2026061219,Dakar,91,91.5,35.2,123.0,1.6
2026061219,New_York,34,12.8,12.4,178.0,15.8
2026061219,Paris,18,13.1,7.8,134.0,8.2
2026061219,Tokyo,62,25.8,22.8,411.0,52.6
2026061220,Antananarivo,22,29.0,28.6,177.0,11.8
2026061220,Dakar,89,93.4,33.6,119.0,1.9
2026061220,New_York,41,19.7,18.1,192.0,11.0
2026061220,Paris,18,14.7,8.1,111.0,8.3
2026061220,Tokyo,62,31.3,28.2,437.0,63.0
2026061221,Antananarivo,24,35.9,35.4,178.0,12.9
2026061221,Dakar,88,98.7,33.1,116.0,2.0
2026061221,New_York,36,19.8,18.5,194.0,14.4
2026061221,Paris,16,15.3,8.6,111.0,9.5
2026061221,Tokyo,62,38.2,37.5,440.0,71.8
2026061222,Antananarivo,26,38.1,37.5,190.0,11.6
2026061222,Dakar,87,104.1,32.7,113.0,1.9
2026061222,New_York,29,19.4,18.1,190.0,18.9
2026061222,Paris,16,16.7,9.0,127.0,13.0
2026061222,Tokyo,62,46.2,45.8,398.0,79.4
2026061223,Antananarivo,28,32.0,31.3,205.0,9.0
2026061223,Dakar,85,112.0,32.8,109.0,1.8
2026061223,New_York,25,18.2,17.2,182.0,20.7
2026061223,Paris,14,18.2,9.4,128.0,12.9
2026061223,Tokyo,63,52.9,52.4,332.0,89.8
2026061300,Antananarivo,30,24.9,24.0,209.0,6.8
2026061300,Dakar,84,117.8,33.2,106.0,1.6
2026061300,New_York,26,16.1,15.1,168.0,17.2
2026061300,Paris,14,18.7,9.9,130.0,13.0
2026061300,Tokyo,63,57.9,57.5,283.0,97.0
2026061301,Antananarivo,30,20.6,19.6,189.0,5.8
2026061301,Dakar,83,111.3,31.0,102.0,1.5
2026061301,New_York,28,11.0,10.3,150.0,11.1
2026061301,Paris,14,19.1,10.3,130.0,11.5
2026061301,Tokyo,64,65.7,65.4,271.0,98.2
2026061302,Antananarivo,30,19.3,18.3,157.0,5.2
2026061302,Dakar,82,97.6,27.9,98.0,1.3
2026061302,New_York,31,5.7,5.3,137.0,6.6
2026061302,Paris,15,18.2,8.9,113.0,8.5
2026061302,Tokyo,65,69.2,68.9,276.0,96.2
2026061303,Antananarivo,30,20.8,19.9,134.0,5.3
2026061303,Dakar,82,81.0,24.7,95.0,1.2
2026061303,New_York,32,3.7,3.5,132.0,5.8
2026061303,Paris,15,17.4,8.7,106.0,5.3
2026061303,Tokyo,66,71.5,71.2,282.0,92.9
2026061304,Antananarivo,30,20.1,19.1,128.0,5.4
2026061304,Dakar,81,66.8,22.2,93.0,1.1
2026061304,New_York,32,3.2,3.0,131.0,6.7
2026061304,Paris,15,16.8,8.9,103.0,4.5
2026061304,Tokyo,67,72.6,72.4,284.0,88.6
2026061305,Antananarivo,31,19.3,18.2,131.0,5.5
2026061305,Dakar,79,58.6,20.4,93.0,1.1
2026061305,New_York,32,3.2,3.0,132.0,7.6
2026061305,Paris,16,15.5,8.9,106.0,3.9
2026061305,Tokyo,69,74.7,74.3,287.0,83.1
2026061306,Antananarivo,31,19.7,18.7,138.0,5.1
2026061306,Dakar,78,52.2,19.3,95.0,1.1
2026061306,New_York,32,3.6,3.4,137.0,8.0
2026061306,Paris,16,14.1,8.8,104.0,4.2
2026061306,Tokyo,70,73.8,73.6,286.0,77.5
2026061307,Antananarivo,31,21.9,21.0,151.0,3.8
2026061307,Dakar,77,48.3,18.7,101.0,1.1
2026061307,New_York,32,4.3,4.0,144.0,8.5
2026061307,Paris,16,15.1,9.2,109.0,4.8
2026061307,Tokyo,72,71.0,70.5,276.0,71.7
2026061308,Antananarivo,31,14.5,13.7,168.0,2.1
2026061308,Dakar,75,46.8,18.5,110.0,1.1
2026061308,New_York,34,3.9,3.5,149.0,8.6
2026061308,Paris,16,15.6,9.2,159.0,5.8
2026061308,Tokyo,73,63.8,63.1,261.0,65.9
2026061309,Antananarivo,31,10.2,9.5,178.0,0.8
2026061309,Dakar,74,46.6,18.3,116.0,1.1
2026061309,New_York,38,4.3,3.6,150.0,7.2
2026061309,Paris,17,15.1,9.1,155.0,5.0
2026061309,Tokyo,74,59.6,58.3,251.0,69.3
2026061310,Antananarivo,32,9.3,8.6,173.0,0.3
2026061310,Dakar,73,48.0,18.4,116.0,0.9
2026061310,New_York,45,4.7,3.8,149.0,5.2
2026061310,Paris,17,16.4,9.2,149.0,4.1
2026061310,Tokyo,76,48.5,47.5,247.0,65.6
2026061311,Antananarivo,32,7.9,7.2,160.0,0.3
2026061311,Dakar,71,47.6,18.4,113.0,0.7
2026061311,New_York,53,5.0,4.2,147.0,3.7
2026061311,Paris,17,16.3,9.1,144.0,4.1
2026061311,Tokyo,77,42.4,41.4,248.0,60.3
2026061312,Antananarivo,32,6.0,5.5,149.0,0.3
2026061312,Dakar,70,39.0,16.1,111.0,0.5
2026061312,New_York,57,5.2,4.5,143.0,3.0
2026061312,Paris,21,15.1,8.3,149.0,3.9
2026061312,Tokyo,77,38.6,37.4,259.0,54.9
2026061313,Antananarivo,33,5.7,5.2,139.0,0.1
2026061313,Dakar,70,41.0,17.1,111.0,0.5
2026061313,New_York,59,5.2,4.6,137.0,2.8
2026061313,Paris,25,14.0,7.7,144.0,3.7
2026061313,Tokyo,78,34.9,32.9,290.0,49.2
2026061314,Antananarivo,33,5.8,5.3,132.0,0.0
2026061314,Dakar,70,43.8,18.3,113.0,0.4
2026061314,New_York,59,5.0,4.5,134.0,2.7
2026061314,Paris,26,13.0,7.5,135.0,3.2
2026061314,Tokyo,78,33.1,30.3,331.0,43.4
2026061315,Antananarivo,33,2.7,2.5,137.0,0.4
2026061315,Dakar,69,46.8,19.8,114.0,0.4
2026061315,New_York,57,4.6,4.3,135.0,2.6
2026061315,Paris,26,12.4,7.1,132.0,3.0
2026061315,Tokyo,78,30.7,27.1,360.0,39.0
2026061316,Antananarivo,33,3.0,2.9,171.0,2.3
2026061316,Dakar,69,49.1,21.0,115.0,0.5
2026061316,New_York,53,4.3,4.0,138.0,2.6
2026061316,Paris,26,12.0,6.3,134.0,3.0
2026061316,Tokyo,78,28.6,24.6,364.0,36.1
2026061317,Antananarivo,33,7.2,7.0,217.0,4.8
2026061317,Dakar,69,51.0,21.8,117.0,0.6
2026061317,New_York,49,3.9,3.6,143.0,2.9
2026061317,Paris,27,11.2,5.7,133.0,3.3
2026061317,Tokyo,78,28.0,23.7,356.0,34.6
2026061318,Antananarivo,33,16.3,16.0,240.0,6.4
2026061318,Dakar,68,53.2,22.5,117.0,0.7
2026061318,New_York,47,3.9,3.7,151.0,2.3
2026061318,Paris,27,10.6,5.4,133.0,3.8
2026061318,Tokyo,78,32.7,26.8,358.0,36.2
2026061319,Antananarivo,33,19.8,19.4,217.0,6.1
2026061319,Dakar,67,55.4,22.9,115.0,0.8
2026061319,New_York,43,4.1,3.9,162.0,2.1
2026061319,Paris,27,9.7,5.2,128.0,4.5
2026061319,Tokyo,78,36.0,30.7,386.0,42.8
2026061320,Antananarivo,33,14.4,13.8,172.0,4.8
2026061320,Dakar,67,57.6,23.2,113.0,1.0
2026061320,New_York,36,5.0,4.6,173.0,8.4
2026061320,Paris,26,9.3,5.7,114.0,6.0
2026061320,Tokyo,79,38.5,34.0,422.0,52.6
2026061321,Antananarivo,32,13.4,12.7,134.0,3.8
2026061321,Dakar,66,61.2,23.7,111.0,1.1
2026061321,New_York,30,9.4,8.9,187.0,19.4
2026061321,Paris,25,9.3,5.9,115.0,8.2
2026061321,Tokyo,79,40.9,35.5,437.0,59.6
2026061322,Antananarivo,30,12.5,11.7,117.0,3.5
2026061322,Dakar,66,64.5,24.2,111.0,1.1
2026061322,New_York,20,12.8,12.2,202.0,34.6
2026061322,Paris,24,9.7,6.3,127.0,11.7
2026061322,Tokyo,79,39.7,34.7,409.0,60.2
2026061323,Antananarivo,28,11.4,10.6,109.0,3.3
2026061323,Dakar,65,67.5,24.6,112.0,1.1
2026061323,New_York,22,15.8,15.1,211.0,45.9
2026061323,Paris,22,11.2,6.8,130.0,12.2
2026061323,Tokyo,78,41.1,36.8,360.0,61.1
2026061400,Antananarivo,26,11.1,10.3,103.0,3.1
2026061400,Dakar,64,103.1,38.8,112.0,1.0
2026061400,New_York,24,20.1,19.5,211.0,50.3
2026061400,Paris,22,11.9,6.9,132.0,12.4
2026061400,Tokyo,78,44.0,39.9,321.0,63.0
2026061401,Antananarivo,25,10.7,9.9,97.0,2.6
2026061401,Dakar,64,105.5,38.8,108.0,1.0
2026061401,New_York,24,22.2,21.7,207.0,50.7
2026061401,Paris,20,12.8,7.3,137.0,13.3
2026061401,Tokyo,77,49.1,44.5,306.0,67.0
2026061402,Antananarivo,24,9.1,8.3,94.0,2.0
2026061402,Dakar,64,105.7,38.3,103.0,1.0
2026061402,New_York,23,19.6,19.2,200.0,48.5
2026061402,Paris,20,12.6,7.7,128.0,13.0
2026061402,Tokyo,77,54.1,48.9,302.0,71.9
2026061403,Antananarivo,23,6.4,5.5,95.0,1.4
2026061403,Dakar,64,105.7,37.8,99.0,1.0
2026061403,New_York,21,15.9,15.7,191.0,42.4
2026061403,Paris,19,12.6,7.2,126.0,12.4
2026061403,Tokyo,76,56.6,51.2,301.0,74.7
2026061404,Antananarivo,22,5.7,4.9,102.0,1.4
2026061404,Dakar,64,105.7,37.3,98.0,1.1
2026061404,New_York,17,12.5,12.3,181.0,33.7
2026061404,Paris,18,12.7,8.2,126.0,11.8
2026061404,Tokyo,75,54.1,50.1,302.0,73.7
2026061405,Antananarivo,21,5.3,4.6,113.0,1.5
2026061405,Dakar,65,106.6,36.8,98.0,1.1
2026061405,New_York,16,10.8,10.6,175.0,26.7
2026061405,Paris,18,13.2,8.4,128.0,11.2
2026061405,Tokyo,75,54.4,51.2,306.0,70.6
2026061406,Antananarivo,20,5.2,4.5,121.0,1.4
2026061406,Dakar,66,102.7,35.5,100.0,1.2
2026061406,New_York,18,10.4,10.2,180.0,24.0
2026061406,Paris,18,13.5,8.5,131.0,11.7
2026061406,Tokyo,74,57.6,53.0,310.0,67.4
2026061407,Antananarivo,20,6.5,5.7,124.0,1.1
2026061407,Dakar,67,101.0,34.7,107.0,1.3
2026061407,New_York,20,11.1,10.9,190.0,23.2
2026061407,Paris,19,13.7,8.6,136.0,11.0
2026061407,Tokyo,73,60.1,55.4,312.0,65.6
2026061408,Antananarivo,22,5.5,4.8,125.0,0.8
2026061408,Dakar,68,103.6,34.6,117.0,1.3
2026061408,New_York,24,15.9,15.8,195.0,23.9
2026061408,Paris,19,14.3,9.3,205.0,8.7
2026061408,Tokyo,73,56.6,53.7,313.0,63.8
2026061409,Antananarivo,23,5.7,4.9,123.0,0.5
2026061409,Dakar,69,102.9,34.3,122.0,1.3
2026061409,New_York,34,14.9,14.8,188.0,18.6
2026061409,Paris,20,14.0,9.5,205.0,7.1
2026061409,Tokyo,72,34.6,27.3,312.0,43.1
2026061410,Antananarivo,24,5.5,4.7,117.0,0.4
2026061410,Dakar,69,102.9,34.2,119.0,1.1
2026061410,New_York,54,11.7,11.6,175.0,11.3
2026061410,Paris,22,13.8,7.3,200.0,5.7
2026061410,Tokyo,71,31.2,23.8,309.0,37.4
2026061411,Antananarivo,25,4.9,4.2,109.0,0.3
2026061411,Dakar,70,103.8,34.3,112.0,0.9
2026061411,New_York,63,9.5,9.4,164.0,5.9
2026061411,Paris,26,12.1,6.3,188.0,5.0
2026061411,Tokyo,70,28.8,21.0,304.0,29.4
2026061412,Antananarivo,26,4.8,4.1,104.0,0.3
2026061412,Dakar,71,109.4,38.5,106.0,0.8
2026061412,New_York,65,7.9,7.9,155.0,4.3
2026061412,Paris,31,10.6,6.3,176.0,4.6
2026061412,Tokyo,70,27.4,19.3,289.0,23.1
2026061413,Antananarivo,26,5.1,4.4,102.0,0.2
2026061413,Dakar,72,117.1,40.0,104.0,0.8
2026061413,New_York,66,7.5,7.4,148.0,4.5
2026061413,Paris,35,10.2,6.2,168.0,4.1
2026061413,Tokyo,69,26.9,18.5,256.0,19.8
2026061414,Antananarivo,26,5.6,4.8,103.0,0.2
2026061414,Dakar,74,123.9,41.1,104.0,0.7
2026061414,New_York,65,8.4,8.0,143.0,5.2
2026061414,Paris,37,9.6,5.9,157.0,3.6
2026061414,Tokyo,69,27.6,18.9,215.0,18.1
2026061415,Antananarivo,26,4.6,3.9,107.0,0.4
2026061415,Dakar,75,126.7,41.4,105.0,0.7
2026061415,New_York,65,10.3,9.5,142.0,5.7
2026061415,Paris,38,9.0,5.4,148.0,3.3
2026061415,Tokyo,68,27.8,19.2,185.0,18.1
2026061416,Antananarivo,24,5.3,4.6,118.0,1.0
2026061416,Dakar,76,125.3,41.0,107.0,0.7
2026061416,New_York,63,13.6,12.3,144.0,6.5
2026061416,Paris,37,8.6,5.1,143.0,3.2
2026061416,Tokyo,68,27.6,19.6,175.0,20.4
2026061417,Antananarivo,22,6.7,6.0,132.0,1.7
2026061417,Dakar,78,123.9,40.3,109.0,0.8
2026061417,New_York,61,16.5,15.0,145.0,7.8
2026061417,Paris,36,8.2,4.7,141.0,3.4
2026061417,Tokyo,68,27.3,19.7,177.0,24.3
2026061418,Antananarivo,20,9.1,8.4,139.0,2.3
2026061418,Dakar,79,120.6,39.3,110.0,0.9
2026061418,New_York,57,17.5,16.1,143.0,9.7
2026061418,Paris,35,8.0,4.4,144.0,3.9
2026061418,Tokyo,68,27.2,20.2,189.0,28.2
2026061419,Antananarivo,17,9.3,8.5,132.0,2.6
2026061419,Dakar,80,117.1,38.5,109.0,1.0
2026061419,New_York,51,17.3,15.9,139.0,12.1
2026061419,Paris,34,7.5,4.2,145.0,4.8
2026061419,Tokyo,68,27.8,21.5,217.0,31.9
2026061420,Antananarivo,15,9.5,8.8,117.0,2.7
2026061420,Dakar,81,114.6,38.0,108.0,1.1
2026061420,New_York,45,18.4,16.3,138.0,14.2
2026061420,Paris,32,7.0,4.1,121.0,6.1
2026061420,Tokyo,67,27.5,21.5,255.0,35.5
2026061421,Antananarivo,14,9.2,8.6,105.0,2.6
2026061421,Dakar,82,111.5,37.4,106.0,1.1
2026061421,New_York,42,18.9,16.2,141.0,16.0
2026061421,Paris,30,6.4,3.9,121.0,7.9
2026061421,Tokyo,67,19.9,14.8,288.0,26.6
2026061422,Antananarivo,15,8.4,7.9,99.0,2.2
2026061422,Dakar,83,108.5,36.7,105.0,1.1
2026061422,New_York,38,19.5,16.4,147.0,18.4
2026061422,Paris,29,6.5,3.6,128.0,8.7
2026061422,Tokyo,66,18.8,14.2,316.0,27.7
2026061423,Antananarivo,16,6.6,6.2,95.0,1.6
2026061423,Dakar,84,105.0,36.1,105.0,1.0
2026061423,New_York,36,16.8,14.5,150.0,19.7
2026061423,Paris,26,6.5,3.9,131.0,8.3
2026061423,Tokyo,65,18.6,14.9,337.0,29.4
2026061500,Antananarivo,18,3.9,3.5,92.0,1.1
2026061500,Dakar,84,95.5,36.3,104.0,0.8
2026061500,New_York,34,13.9,12.1,149.0,19.1
2026061500,Paris,25,6.8,4.3,140.0,10.0
2026061500,Tokyo,65,18.6,15.6,336.0,30.8
2026061501,Antananarivo,18,3.1,2.8,90.0,0.9
2026061501,Dakar,84,95.0,36.4,103.0,0.9
2026061501,New_York,33,12.0,10.7,147.0,17.5
2026061501,Paris,24,7.5,4.7,148.0,11.8
2026061501,Tokyo,64,17.2,13.6,291.0,31.6
2026061502,Antananarivo,18,2.7,2.5,89.0,0.9
2026061502,Dakar,84,97.3,37.0,103.0,1.0
2026061502,New_York,32,10.0,9.4,144.0,15.7
2026061502,Paris,21,8.1,4.6,135.0,9.4
2026061502,Tokyo,63,17.8,13.6,222.0,32.3
2026061503,Antananarivo,18,2.0,1.8,90.0,0.9
2026061503,Dakar,84,102.2,38.0,103.0,1.1
2026061503,New_York,31,4.8,4.7,142.0,13.9
2026061503,Paris,22,8.5,4.9,134.0,8.6
2026061503,Tokyo,62,17.5,13.3,175.0,33.5
2026061504,Antananarivo,18,1.9,1.7,96.0,1.0
2026061504,Dakar,84,102.4,37.8,103.0,1.2
2026061504,New_York,30,6.3,6.2,140.0,11.9
2026061504,Paris,20,9.6,5.3,137.0,6.1
2026061504,Tokyo,60,16.4,13.1,174.0,36.9
2026061505,Antananarivo,18,2.0,1.8,104.0,1.1
2026061505,Dakar,84,100.1,37.0,103.0,1.3
2026061505,New_York,29,5.7,5.6,138.0,9.9
2026061505,Paris,19,10.3,5.6,138.0,7.4
2026061505,Tokyo,56,15.8,13.1,194.0,40.8
2026061506,Antananarivo,18,2.3,2.1,110.0,1.2
2026061506,Dakar,84,98.7,36.6,107.0,1.4
2026061506,New_York,28,2.2,2.2,136.0,7.8
2026061506,Paris,18,10.1,6.0,145.0,11.2
2026061506,Tokyo,50,16.8,13.9,205.0,41.5
2026061507,Antananarivo,18,2.7,2.5,111.0,1.1
2026061507,Dakar,83,99.7,36.6,118.0,1.4
2026061507,New_York,28,2.3,2.2,133.0,5.7
2026061507,Paris,17,9.7,7.3,150.0,16.8
2026061507,Tokyo,43,17.5,14.3,194.0,36.2
2026061508,Antananarivo,18,2.6,2.5,110.0,1.0
2026061508,Dakar,83,101.0,36.8,131.0,1.4
2026061508,New_York,31,5.5,5.2,131.0,4.8
2026061508,Paris,15,11.1,6.7,226.0,22.1
2026061508,Tokyo,38,16.2,13.1,175.0,27.7
2026061509,Antananarivo,18,2.5,2.4,107.0,0.8
2026061509,Dakar,83,102.7,37.3,140.0,1.3
2026061509,New_York,32,7.5,7.2,129.0,4.4
2026061509,Paris,16,10.5,6.7,219.0,20.9
2026061509,Tokyo,35,17.0,13.2,159.0,29.1
2026061510,Antananarivo,19,2.4,2.2,103.0,0.7
2026061510,Dakar,83,102.9,37.5,138.0,1.1
2026061510,New_York,32,8.8,8.4,126.0,3.8
2026061510,Paris,20,10.6,6.1,203.0,16.1
2026061510,Tokyo,34,16.9,13.2,151.0,25.4
2026061511,Antananarivo,20,2.4,2.2,98.0,0.6
2026061511,Dakar,83,102.7,37.5,131.0,0.9
2026061511,New_York,33,7.4,7.1,124.0,3.2
2026061511,Paris,24,10.2,6.1,189.0,12.7
2026061511,Tokyo,37,17.7,13.7,145.0,20.3
2026061512,Antananarivo,20,2.3,2.2,95.0,0.5
2026061512,Dakar,83,92.2,34.3,126.0,0.8
2026061512,New_York,34,6.0,5.7,122.0,2.7
2026061512,Paris,30,11.3,6.2,187.0,9.6
2026061512,Tokyo,41,18.0,13.9,142.0,16.5
2026061513,Antananarivo,20,2.5,2.3,94.0,0.5
2026061513,Dakar,83,97.3,35.4,124.0,0.8
2026061513,New_York,34,6.2,5.7,120.0,2.3
2026061513,Paris,35,12.3,6.7,191.0,8.7
2026061513,Tokyo,44,18.7,14.7,140.0,14.9
2026061514,Antananarivo,20,2.6,2.5,95.0,0.5
2026061514,Dakar,83,101.7,36.3,124.0,0.8
2026061514,New_York,35,6.5,5.9,119.0,2.1
2026061514,Paris,38,13.6,7.6,183.0,8.7
2026061514,Tokyo,44,19.1,14.9,139.0,14.5
2026061515,Antananarivo,21,4.9,4.0,98.0,0.5
2026061515,Dakar,82,103.4,36.7,125.0,0.8
2026061515,New_York,36,6.5,6.0,119.0,2.0
2026061515,Paris,39,15.3,8.0,178.0,8.7
2026061515,Tokyo,42,18.7,14.6,141.0,15.0
2026061516,Antananarivo,20,4.6,3.9,105.0,0.8
2026061516,Dakar,82,106.4,37.1,127.0,0.9
2026061516,New_York,36,6.3,5.7,120.0,2.2
2026061516,Paris,38,16.8,8.4,179.0,9.5
2026061516,Tokyo,39,18.0,14.0,147.0,16.4
2026061517,Antananarivo,18,4.8,4.1,115.0,1.3
2026061517,Dakar,82,106.9,37.1,129.0,1.1
2026061517,New_York,35,5.7,5.3,123.0,2.7
2026061517,Paris,34,15.9,9.3,169.0,8.8
2026061517,Tokyo,35,17.9,13.9,155.0,18.7
2026061518,Antananarivo,17,5.2,4.6,121.0,1.6
2026061518,Dakar,81,107.6,37.3,130.0,1.3
2026061518,New_York,33,5.0,4.8,131.0,3.7
2026061518,Paris,31,16.5,8.9,154.0,8.9
2026061518,Tokyo,31,18.8,14.8,163.0,21.5
2026061519,Antananarivo,16,5.3,4.9,122.0,1.7
2026061519,Dakar,81,106.9,37.3,129.0,1.5
2026061519,New_York,30,4.5,4.4,141.0,5.1
2026061519,Paris,30,16.0,8.3,148.0,9.9
2026061519,Tokyo,29,24.0,19.6,169.0,25.1
2026061520,Antananarivo,16,4.2,4.0,119.0,1.7
2026061520,Dakar,81,105.2,37.0,127.0,1.6
2026061520,New_York,27,15.1,14.2,147.0,7.7
2026061520,Paris,29,15.7,8.8,120.0,8.3
2026061520,Tokyo,29,23.8,19.7,175.0,29.2
2026061521,Antananarivo,16,3.2,3.1,115.0,1.6
2026061521,Dakar,81,104.5,37.0,124.0,1.7
2026061521,New_York,24,15.0,14.3,147.0,9.8
2026061521,Paris,27,16.5,9.5,128.0,13.0
2026061521,Tokyo,29,18.8,16.4,180.0,32.8
2026061522,Antananarivo,17,2.6,2.6,109.0,1.4
2026061522,Dakar,81,107.1,37.7,121.0,1.6
2026061522,New_York,20,14.3,13.7,143.0,12.7
2026061522,Paris,24,16.4,11.0,136.0,12.9
2026061522,Tokyo,29,20.4,18.3,186.0,35.3
2026061523,Antananarivo,18,1.8,1.8,101.0,1.2
2026061523,Dakar,81,113.4,38.9,118.0,1.4
2026061523,New_York,18,12.8,12.5,140.0,14.7
2026061523,Paris,20,18.4,12.3,155.0,20.3
2026061523,Tokyo,29,22.5,20.5,191.0,38.9
2026061600,Antananarivo,20,1.1,1.1,95.0,1.0
2026061600,Dakar,81,149.0,42.3,114.0,1.4
2026061600,New_York,16,11.2,11.0,138.0,14.6
2026061600,Paris,16,19.8,12.5,183.0,30.1
2026061600,Tokyo,30,24.2,22.3,193.0,42.4
2026061601,Antananarivo,20,0.9,0.8,90.0,0.9
2026061601,Dakar,82,152.3,41.4,109.0,1.3
2026061601,New_York,16,9.7,9.5,137.0,13.5
2026061601,Paris,15,21.1,12.3,170.0,22.5
2026061601,Tokyo,30,25.2,23.4,186.0,46.0
2026061602,Antananarivo,20,0.7,0.7,87.0,0.9
2026061602,Dakar,83,153.2,39.8,104.0,1.2
2026061602,New_York,16,8.4,8.4,136.0,13.1
2026061602,Paris,16,17.3,11.6,151.0,15.6
2026061602,Tokyo,31,25.8,24.0,176.0,49.6
2026061603,Antananarivo,21,0.6,0.6,85.0,0.8
2026061603,Dakar,84,154.1,38.2,100.0,1.2
2026061603,New_York,15,7.8,7.7,134.0,14.7
2026061603,Paris,17,14.9,10.2,131.0,9.7
2026061603,Tokyo,32,26.4,24.7,175.0,51.9
2026061604,Antananarivo,20,0.7,0.6,87.0,1.0
2026061604,Dakar,85,156.5,37.4,97.0,1.3
2026061604,New_York,15,7.6,7.5,132.0,17.1
2026061604,Paris,17,13.8,9.3,136.0,8.9
2026061604,Tokyo,33,29.5,28.2,195.0,51.9
2026061605,Antananarivo,20,0.8,0.7,91.0,1.2
2026061605,Dakar,85,156.0,36.4,97.0,1.4
2026061605,New_York,15,7.7,7.6,133.0,18.1
2026061605,Paris,17,12.9,9.3,133.0,11.5
2026061605,Tokyo,34,32.9,31.8,224.0,50.5
2026061606,Antananarivo,20,1.3,1.2,94.0,1.3
2026061606,Dakar,86,156.5,35.7,100.0,1.5
2026061606,New_York,15,8.1,8.0,138.0,16.5
2026061606,Paris,17,15.0,9.9,142.0,17.1
2026061606,Tokyo,36,34.9,33.1,241.0,49.2
2026061607,Antananarivo,20,1.8,1.7,96.0,1.1
2026061607,Dakar,87,158.3,35.3,113.0,1.6
2026061607,New_York,16,8.4,8.3,146.0,13.5
2026061607,Paris,18,17.7,12.4,186.0,27.6
2026061607,Tokyo,38,34.5,31.7,235.0,48.5
2026061608,Antananarivo,22,2.0,1.8,98.0,0.8
2026061608,Dakar,88,157.4,34.6,129.0,1.6
2026061608,New_York,20,3.0,3.0,150.0,10.1
2026061608,Paris,19,20.0,14.4,319.0,38.0
2026061608,Tokyo,39,29.9,26.5,218.0,47.9
2026061609,Antananarivo,23,2.4,2.0,99.0,0.6
2026061609,Dakar,89,155.1,33.6,140.0,1.6
2026061609,New_York,24,2.9,2.9,149.0,8.5
2026061609,Paris,19,21.4,16.1,367.0,38.2
2026061609,Tokyo,40,29.5,26.2,204.0,48.8
2026061610,Antananarivo,24,2.5,2.1,98.0,0.5
2026061610,Dakar,90,150.9,32.7,137.0,1.3
2026061610,New_York,31,2.7,2.7,145.0,6.2
2026061610,Paris,20,21.6,16.7,387.0,41.0
2026061610,Tokyo,42,30.6,27.2,201.0,48.1
2026061611,Antananarivo,25,2.3,1.9,96.0,0.4
2026061611,Dakar,91,144.4,31.5,128.0,1.0
2026061611,New_York,37,3.1,3.1,141.0,4.5
2026061611,Paris,20,21.0,14.9,346.0,36.7
2026061611,Tokyo,45,29.2,26.3,201.0,47.1
2026061612,Antananarivo,25,2.4,2.0,94.0,0.3
2026061612,Dakar,92,176.5,40.5,122.0,1.2
2026061612,New_York,43,3.9,3.9,138.0,3.8
2026061612,Paris,21,17.8,12.6,264.0,23.0
2026061612,Tokyo,47,26.3,24.4,196.0,46.6
2026061613,Antananarivo,26,2.5,2.0,92.0,0.2
2026061613,Dakar,93,171.8,40.3,123.0,1.1
2026061613,New_York,51,4.8,4.8,136.0,3.6
2026061613,Paris,27,16.2,10.5,217.0,17.9
2026061613,Tokyo,49,24.3,22.4,174.0,46.6
2026061614,Antananarivo,26,2.5,2.0,92.0,0.2
2026061614,Dakar,94,168.1,39.5,128.0,1.0
2026061614,New_York,56,5.7,5.7,134.0,3.6
2026061614,Paris,32,14.0,10.6,170.0,10.1
2026061614,Tokyo,50,23.2,21.4,148.0,47.0
2026061615,Antananarivo,25,2.4,1.9,96.0,0.3
2026061615,Dakar,95,173.2,40.3,131.0,0.9
2026061615,New_York,60,6.2,6.2,134.0,3.4
2026061615,Paris,35,12.6,8.6,151.0,7.8
2026061615,Tokyo,51,21.5,19.8,146.0,48.0
2026061616,Antananarivo,24,2.6,2.1,111.0,0.9
2026061616,Dakar,97,170.0,39.8,131.0,0.9
2026061616,New_York,61,6.4,6.4,134.0,3.4
2026061616,Paris,36,11.3,7.9,147.0,7.1
2026061616,Tokyo,52,21.1,19.4,192.0,49.7
2026061617,Antananarivo,22,3.2,2.7,132.0,1.6
2026061617,Dakar,98,161.1,37.8,130.0,1.0
2026061617,New_York,60,6.4,6.3,136.0,4.5
2026061617,Paris,35,10.5,8.0,139.0,6.6
2026061617,Tokyo,53,21.0,19.3,261.0,52.0
2026061618,Antananarivo,20,5.2,4.7,144.0,2.3
2026061618,Dakar,98,153.7,36.9,128.0,1.1
2026061618,New_York,57,7.0,6.6,139.0,7.0
2026061618,Paris,32,9.4,7.5,143.0,8.6
2026061618,Tokyo,54,21.2,19.6,311.0,55.3
2026061619,Antananarivo,18,6.2,5.7,141.0,2.8
2026061619,Dakar,99,136.4,34.7,124.0,1.2
2026061619,New_York,49,8.9,8.1,142.0,10.5
2026061619,Paris,31,9.0,6.3,143.0,9.7
2026061619,Tokyo,54,23.9,22.4,321.0,60.4
2026061620,Antananarivo,16,7.5,7.0,130.0,3.1
2026061620,Dakar,100,118.7,32.1,120.0,1.4
2026061620,New_York,43,9.7,8.5,146.0,16.5
2026061620,Paris,30,8.8,5.7,119.0,9.8
2026061620,Tokyo,55,27.6,26.2,311.0,66.6
2026061621,Antananarivo,14,7.9,7.6,119.0,3.3
2026061621,Dakar,100,104.8,29.7,116.0,1.5
2026061621,New_York,36,12.3,10.8,152.0,21.6
2026061621,Paris,30,9.2,5.6,118.0,11.4
2026061621,Tokyo,56,28.1,26.3,301.0,58.6
2026061622,Antananarivo,14,7.9,7.6,112.0,3.2
2026061622,Dakar,100,91.7,27.2,113.0,1.5
2026061622,New_York,30,14.8,13.0,158.0,28.7
2026061622,Paris,30,9.1,5.9,121.0,10.7
2026061622,Tokyo,58,30.5,28.4,295.0,57.5
2026061623,Antananarivo,14,6.8,6.4,105.0,2.8
2026061623,Dakar,100,81.5,24.9,111.0,1.5
2026061623,New_York,24,16.5,14.3,162.0,33.4
2026061623,Paris,26,9.0,6.5,127.0,11.0
2026061623,Tokyo,59,29.1,27.5,288.0,56.0
2026061700,Antananarivo,14,5.6,5.3,100.0,2.5
2026061700,Dakar,99,81.3,25.0,109.0,1.5
2026061700,New_York,22,18.0,15.6,162.0,33.3
2026061700,Paris,23,9.3,6.7,133.0,12.6
2026061700,Tokyo,60,26.8,25.1,282.0,54.1
2026061701,Antananarivo,15,4.3,4.0,96.0,2.2
2026061701,Dakar,98,77.8,23.4,105.0,1.5
2026061701,New_York,22,19.6,16.8,159.0,30.8
2026061701,Paris,20,8.8,5.5,135.0,13.0
2026061701,Tokyo,60,25.1,23.6,275.0,51.8
2026061702,Antananarivo,16,3.0,2.8,93.0,1.8
2026061702,Dakar,97,77.3,22.6,101.0,1.4
2026061702,New_York,21,20.7,17.9,157.0,29.7
2026061702,Paris,19,8.9,5.7,131.0,14.2
2026061702,Tokyo,60,23.8,22.3,269.0,49.1
2026061703,Antananarivo,19,1.7,1.6,92.0,1.0
2026061703,Dakar,96,76.6,22.1,98.0,1.4
2026061703,New_York,18,21.8,18.8,158.0,32.3
2026061703,Paris,19,9.2,6.1,132.0,12.6
2026061703,Tokyo,60,22.3,20.7,277.0,47.0
2026061704,Antananarivo,19,1.6,1.5,93.0,1.1
2026061704,Dakar,94,76.6,21.9,96.0,1.4
2026061704,New_York,18,23.1,20.0,159.0,36.2
2026061704,Paris,19,9.7,6.5,142.0,12.4
2026061704,Tokyo,60,21.2,19.6,310.0,46.4
2026061705,Antananarivo,18,1.6,1.6,95.0,1.3
2026061705,Dakar,93,75.4,21.6,96.0,1.4
2026061705,New_York,19,24.4,21.1,161.0,37.8
2026061705,Paris,18,11.4,7.0,155.0,17.3
2026061705,Tokyo,59,21.9,19.8,357.0,46.2
2026061706,Antananarivo,19,2.1,2.0,98.0,1.4
2026061706,Dakar,92,71.0,20.8,98.0,1.4
2026061706,New_York,19,25.4,22.1,165.0,35.3
2026061706,Paris,18,12.4,7.7,165.0,23.5
2026061706,Tokyo,57,25.8,23.6,389.0,44.2
2026061707,Antananarivo,20,2.8,2.6,104.0,1.2
2026061707,Dakar,90,62.2,19.4,106.0,1.4
2026061707,New_York,21,25.6,22.2,169.0,30.6
2026061707,Paris,18,12.5,8.1,196.0,28.7
2026061707,Tokyo,55,28.5,25.1,399.0,38.5
2026061708,Antananarivo,22,2.9,2.7,111.0,0.9
2026061708,Dakar,89,51.5,17.6,117.0,1.5
2026061708,New_York,24,24.9,21.2,169.0,21.5
2026061708,Paris,18,13.4,9.0,315.0,33.2
2026061708,Tokyo,54,25.9,21.3,395.0,31.0
2026061709,Antananarivo,23,3.0,2.7,115.0,0.6
2026061709,Dakar,87,42.1,16.2,126.0,1.4
2026061709,New_York,31,24.9,20.8,162.0,18.1
2026061709,Paris,17,12.7,8.9,331.0,30.5
2026061709,Tokyo,53,17.6,14.5,373.0,30.0
2026061710,Antananarivo,24,3.2,2.8,112.0,0.5
2026061710,Dakar,85,36.0,15.4,132.0,1.2
2026061710,New_York,40,20.1,16.6,150.0,13.3
2026061710,Paris,20,12.3,8.4,269.0,25.9
2026061710,Tokyo,51,19.1,15.4,322.0,26.6
2026061711,Antananarivo,25,3.5,2.8,105.0,0.4
2026061711,Dakar,83,32.1,15.0,135.0,0.8
2026061711,New_York,51,16.8,13.9,141.0,9.4
2026061711,Paris,25,10.9,7.0,231.0,19.9
2026061711,Tokyo,49,20.1,15.8,254.0,21.9
2026061712,Antananarivo,26,3.6,2.9,100.0,0.3
2026061712,Dakar,81,36.3,18.0,136.0,0.8
2026061712,New_York,59,15.9,13.1,136.0,7.0
2026061712,Paris,31,9.4,6.8,211.0,15.0
2026061712,Tokyo,47,21.0,16.2,199.0,18.2
2026061713,Antananarivo,26,3.7,2.9,97.0,0.2
2026061713,Dakar,79,35.2,17.6,131.0,0.7
2026061713,New_York,61,16.5,13.6,132.0,5.5
2026061713,Paris,37,10.9,6.7,191.0,10.9
2026061713,Tokyo,46,21.4,16.1,168.0,16.1
2026061714,Antananarivo,26,3.8,2.9,96.0,0.2
2026061714,Dakar,77,36.0,17.3,124.0,0.6
2026061714,New_York,62,17.4,14.3,130.0,4.7
2026061714,Paris,40,10.7,7.3,171.0,7.6
2026061714,Tokyo,45,20.8,15.5,150.0,15.0
2026061715,Antananarivo,25,1.5,1.4,98.0,0.3
2026061715,Dakar,74,40.7,17.5,119.0,0.5
2026061715,New_York,61,16.6,13.7,129.0,4.7
2026061715,Paris,41,10.2,6.4,165.0,7.8
2026061715,Tokyo,44,20.5,15.3,143.0,15.4
2026061716,Antananarivo,24,1.8,1.6,105.0,0.8
2026061716,Dakar,72,52.9,18.5,120.0,0.6
2026061716,New_York,57,16.1,13.2,130.0,5.4
2026061716,Paris,36,8.7,5.3,158.0,7.6
2026061716,Tokyo,43,20.2,15.1,145.0,17.9
2026061717,Antananarivo,22,2.4,2.1,115.0,1.4
2026061717,Dakar,70,73.6,20.5,125.0,0.8
2026061717,New_York,51,15.3,12.5,132.0,6.9
2026061717,Paris,36,7.7,5.4,154.0,7.3
2026061717,Tokyo,42,20.0,15.1,158.0,21.9
2026061718,Antananarivo,20,4.0,3.6,125.0,2.0
2026061718,Dakar,69,96.4,23.5,127.0,1.0
2026061718,New_York,45,16.1,13.2,137.0,9.6
2026061718,Paris,35,7.6,5.4,153.0,9.4
2026061718,Tokyo,42,21.0,16.0,184.0,26.3
2026061719,Antananarivo,18,4.6,4.2,135.0,2.4
2026061719,Dakar,68,122.0,27.4,125.0,1.2
2026061719,New_York,39,15.9,13.1,143.0,13.2
2026061719,Paris,34,7.5,5.3,159.0,12.2
2026061719,Tokyo,41,23.3,18.1,235.0,31.1
2026061720,Antananarivo,17,5.6,5.2,144.0,2.7
2026061720,Dakar,67,145.8,31.9,122.0,1.3
2026061720,New_York,38,11.2,9.5,148.0,15.7
2026061720,Paris,32,7.8,4.8,134.0,14.8
2026061720,Tokyo,40,25.6,20.1,299.0,36.3
2026061721,Antananarivo,16,7.2,6.9,146.0,3.1
2026061721,Dakar,68,167.2,37.0,119.0,1.5
2026061721,New_York,35,11.6,10.0,152.0,17.4
2026061721,Paris,29,7.7,4.6,138.0,13.4
2026061721,Tokyo,40,23.6,17.9,341.0,33.8
2026061722,Antananarivo,14,9.0,8.6,135.0,3.6
2026061722,Dakar,69,183.0,41.9,117.0,1.6
2026061722,New_York,32,11.8,10.0,156.0,19.7
2026061722,Paris,27,8.1,4.9,148.0,17.1
2026061722,Tokyo,39,22.8,18.1,348.0,35.5
2026061723,Antananarivo,13,9.5,9.1,116.0,4.1
2026061723,Dakar,71,192.3,46.0,115.0,1.7
2026061723,New_York,31,10.8,9.1,155.0,20.4
2026061723,Paris,21,9.8,5.6,175.0,20.3
2026061723,Tokyo,38,21.5,17.7,334.0,38.0
2026061800,Antananarivo,12,9.5,9.1,102.0,4.3
2026061800,Dakar,72,195.1,49.8,112.0,1.5
2026061800,New_York,31,9.8,8.2,146.0,18.2
2026061800,Paris,15,10.8,5.7,192.0,25.5
2026061800,Tokyo,37,20.7,17.5,304.0,41.1
2026061801,Antananarivo,13,9.2,8.7,97.0,4.0
2026061801,Dakar,74,197.0,52.5,107.0,1.5
2026061801,New_York,30,8.7,7.3,132.0,14.4
2026061801,Paris,14,11.0,6.5,169.0,21.6
2026061801,Tokyo,37,20.8,17.9,244.0,45.4
2026061802,Antananarivo,14,8.5,8.0,98.0,3.4
2026061802,Dakar,76,200.7,54.8,102.0,1.6
2026061802,New_York,31,8.4,7.0,122.0,11.5
2026061802,Paris,18,10.7,6.0,157.0,14.7
2026061802,Tokyo,36,20.6,18.3,168.0,50.3
2026061803,Antananarivo,15,7.3,6.7,102.0,2.7
2026061803,Dakar,78,203.5,56.9,98.0,1.7
2026061803,New_York,32,8.1,6.7,117.0,10.1
2026061803,Paris,18,9.0,6.0,150.0,12.0
2026061803,Tokyo,36,18.1,16.3,122.0,53.7
2026061804,Antananarivo,15,6.2,5.6,111.0,2.7
2026061804,Dakar,80,206.8,58.8,95.0,1.8
2026061804,New_York,32,8.0,6.6,116.0,9.6
2026061804,Paris,19,8.9,5.8,139.0,10.5
2026061804,Tokyo,36,15.0,13.8,137.0,55.3
2026061805,Antananarivo,15,6.0,5.5,124.0,2.7
2026061805,Dakar,83,207.2,60.3,93.0,2.0
2026061805,New_York,33,8.6,7.1,120.0,10.2
2026061805,Paris,18,7.9,5.7,139.0,9.5
2026061805,Tokyo,35,12.5,11.8,183.0,55.5
2026061806,Antananarivo,16,6.2,5.7,138.0,2.6
2026061806,Dakar,85,207.7,61.5,99.0,2.1
2026061806,New_York,33,9.6,8.0,132.0,13.1
2026061806,Paris,15,8.1,5.9,139.0,12.5
2026061806,Tokyo,34,12.2,11.8,216.0,52.4
2026061807,Antananarivo,18,6.9,6.4,158.0,2.2
2026061807,Dakar,87,207.2,62.4,119.0,2.3
2026061807,New_York,33,10.5,8.8,149.0,17.2
2026061807,Paris,13,9.0,6.7,152.0,19.3
2026061807,Tokyo,33,9.4,9.1,217.0,43.8
2026061808,Antananarivo,21,7.6,7.1,180.0,1.6
2026061808,Dakar,89,205.8,62.6,147.0,2.4
2026061808,New_York,38,11.2,9.3,164.0,13.7
2026061808,Paris,13,10.3,8.6,244.0,26.5
2026061808,Tokyo,32,7.6,7.3,205.0,32.0
2026061809,Antananarivo,23,7.8,7.3,189.0,1.1
2026061809,Dakar,92,202.1,62.2,169.0,2.4
2026061809,New_York,38,12.3,10.6,173.0,13.4
2026061809,Paris,13,11.8,9.2,272.0,26.2
2026061809,Tokyo,31,9.3,8.3,191.0,33.7
2026061810,Antananarivo,25,6.8,6.1,176.0,0.7
2026061810,Dakar,95,195.6,61.0,183.0,2.0
2026061810,New_York,39,13.6,12.3,180.0,12.9
2026061810,Paris,16,12.2,8.7,277.0,25.7
2026061810,Tokyo,30,9.3,8.4,176.0,29.3
2026061811,Antananarivo,27,5.3,4.6,150.0,0.5
2026061811,Dakar,97,187.7,59.0,192.0,1.5
2026061811,New_York,41,15.3,13.8,184.0,11.7
2026061811,Paris,26,11.4,8.6,250.0,21.4
2026061811,Tokyo,30,8.3,7.4,158.0,23.3
2026061812,Antananarivo,28,4.6,3.9,130.0,0.3
2026061812,Dakar,100,167.2,48.0,193.0,1.1
2026061812,New_York,46,14.1,13.0,184.0,9.3
2026061812,Paris,36,13.6,8.4,240.0,18.1
2026061812,Tokyo,29,9.8,8.7,145.0,18.8
2026061813,Antananarivo,28,4.5,3.7,121.0,0.1
2026061813,Dakar,102,162.1,43.9,181.0,1.0
2026061813,New_York,53,12.6,12.1,181.0,6.3
2026061813,Paris,48,14.3,8.4,202.0,10.3
2026061813,Tokyo,28,9.5,8.4,139.0,16.4
2026061814,Antananarivo,28,4.5,3.7,118.0,0.1
2026061814,Dakar,104,161.6,41.3,161.0,0.9
2026061814,New_York,57,11.4,10.9,176.0,4.1
2026061814,Paris,57,14.1,8.4,177.0,7.6
2026061814,Tokyo,28,10.0,8.8,138.0,15.5
2026061815,Antananarivo,27,2.1,2.0,121.0,0.4
2026061815,Dakar,106,166.2,40.2,145.0,0.9
2026061815,New_York,60,10.0,9.7,167.0,3.2
2026061815,Paris,53,13.3,8.1,172.0,6.4
2026061815,Tokyo,27,11.7,10.4,142.0,17.1
2026061816,Antananarivo,24,2.4,2.3,136.0,1.6
2026061816,Dakar,108,174.2,39.9,140.0,1.1
2026061816,New_York,60,8.7,8.4,155.0,3.2
2026061816,Paris,51,12.4,7.9,169.0,7.2
2026061816,Tokyo,27,12.5,11.0,150.0,22.3
2026061817,Antananarivo,21,4.7,4.6,157.0,3.1
2026061817,Dakar,110,181.1,40.2,140.0,1.4
2026061817,New_York,59,8.0,7.5,148.0,3.8
2026061817,Paris,50,12.0,7.8,170.0,10.4
2026061817,Tokyo,27,13.4,11.7,163.0,30.0
2026061818,Antananarivo,18,8.5,8.3,171.0,4.2
2026061818,Dakar,112,183.5,40.2,138.0,1.7
2026061818,New_York,55,7.5,6.9,151.0,5.4
2026061818,Paris,49,12.0,7.7,194.0,15.5
2026061818,Tokyo,26,21.8,20.3,182.0,38.4
2026061819,Antananarivo,16,8.4,8.0,173.0,4.2
2026061819,Dakar,114,185.8,40.3,132.0,1.9
2026061819,New_York,49,7.5,7.1,159.0,7.7
2026061819,Paris,49,12.2,7.3,200.0,17.5
2026061819,Tokyo,27,31.0,29.6,215.0,48.0
2026061820,Antananarivo,16,8.2,7.7,168.0,3.6
2026061820,Dakar,115,188.6,40.6,125.0,2.1
2026061820,New_York,41,7.6,7.2,162.0,8.6
2026061820,Paris,47,11.6,7.1,172.0,19.5
2026061820,Tokyo,28,37.1,36.1,255.0,58.2
2026061821,Antananarivo,15,7.7,7.3,159.0,3.2
2026061821,Dakar,115,187.2,40.9,119.0,2.2
2026061821,New_York,39,8.8,8.4,156.0,8.8
2026061821,Paris,43,13.0,7.6,181.0,24.6
2026061821,Tokyo,29,29.6,27.9,279.0,56.2
2026061822,Antananarivo,14,7.6,7.1,145.0,3.3
2026061822,Dakar,116,186.3,41.1,118.0,2.2
2026061822,New_York,38,11.1,10.5,146.0,9.0
2026061822,Paris,36,14.8,9.7,195.0,26.0
2026061822,Tokyo,30,30.7,29.5,275.0,57.3
2026061823,Antananarivo,12,7.8,7.4,128.0,3.6
2026061823,Dakar,116,187.2,41.9,118.0,2.0
2026061823,New_York,36,12.2,11.5,138.0,8.7
2026061823,Paris,31,16.5,10.2,221.0,35.4
2026061823,Tokyo,31,39.2,37.8,256.0,59.0
2026061900,Antananarivo,12,8.1,7.7,114.0,3.6
2026061900,Dakar,116,217.0,51.1,116.0,1.6
2026061900,New_York,35,10.9,10.3,135.0,7.5
2026061900,Paris,26,16.5,10.6,204.0,27.7
2026061900,Tokyo,32,44.9,43.3,234.0,60.8
2026061901,Antananarivo,14,7.6,7.0,105.0,3.0
2026061901,Dakar,116,215.6,51.9,109.0,1.5
2026061901,New_York,34,7.7,7.4,133.0,5.9
2026061901,Paris,21,15.6,10.7,204.0,29.7
2026061901,Tokyo,34,46.0,44.0,210.0,63.1
2026061902,Antananarivo,17,4.7,4.1,100.0,2.1
2026061902,Dakar,116,215.1,52.4,100.0,1.5
2026061902,New_York,33,4.8,4.6,131.0,4.7
2026061902,Paris,18,16.9,10.7,188.0,24.5
2026061902,Tokyo,37,47.7,45.8,184.0,65.5
2026061903,Antananarivo,19,4.0,3.6,99.0,1.5
2026061903,Dakar,117,215.1,52.6,94.0,1.4
2026061903,New_York,33,4.0,3.8,127.0,4.3
2026061903,Paris,16,15.9,10.9,184.0,18.3
2026061903,Tokyo,39,45.2,43.1,166.0,66.9
2026061904,Antananarivo,18,4.1,3.6,104.0,1.7
2026061904,Dakar,117,210.5,52.0,92.0,1.4
2026061904,New_York,32,4.9,4.7,123.0,4.3
2026061904,Paris,17,14.3,11.1,183.0,16.7
2026061904,Tokyo,42,43.7,41.7,163.0,66.5
2026061905,Antananarivo,18,4.0,3.6,114.0,1.9
2026061905,Dakar,117,205.8,51.1,92.0,1.3
2026061905,New_York,32,5.9,5.7,121.0,4.5
2026061905,Paris,17,13.3,11.2,179.0,17.5
2026061905,Tokyo,47,43.4,41.9,170.0,65.0
2026061906,Antananarivo,18,4.5,4.2,127.0,2.0
2026061906,Dakar,117,197.4,49.4,97.0,1.3
2026061906,New_York,31,6.8,6.6,122.0,5.2
2026061906,Paris,18,13.6,11.0,183.0,22.1
2026061906,Tokyo,52,41.3,40.0,177.0,63.4
2026061907,Antananarivo,20,5.1,4.8,145.0,1.7
2026061907,Dakar,117,192.8,47.7,109.0,1.3
2026061907,New_York,31,7.5,7.3,125.0,6.1
2026061907,Paris,18,14.9,10.4,206.0,30.7
2026061907,Tokyo,57,40.6,39.2,183.0,62.2
2026061908,Antananarivo,22,5.4,5.1,166.0,1.2
2026061908,Dakar,117,185.3,45.6,126.0,1.4
2026061908,New_York,32,9.4,9.0,128.0,6.1
2026061908,Paris,18,18.0,10.8,296.0,31.6
2026061908,Tokyo,60,26.8,24.7,189.0,60.8
2026061909,Antananarivo,24,5.9,5.5,182.0,0.8
2026061909,Dakar,116,164.8,41.2,136.0,1.4
2026061909,New_York,35,8.9,8.4,131.0,5.5
2026061909,Paris,21,14.2,10.5,270.0,27.4
2026061909,Tokyo,61,18.9,17.8,198.0,33.2
2026061910,Antananarivo,26,6.6,6.2,189.0,0.6
2026061910,Dakar,116,141.6,36.1,134.0,1.2
2026061910,New_York,39,8.1,7.7,135.0,4.6
2026061910,Paris,27,12.5,9.4,241.0,26.8
2026061910,Tokyo,61,21.1,20.0,211.0,33.7
2026061911,Antananarivo,28,7.0,6.6,191.0,0.5
2026061911,Dakar,115,124.8,32.0,125.0,0.9
2026061911,New_York,43,7.3,7.0,136.0,3.8
2026061911,Paris,35,12.3,8.9,216.0,17.6
2026061911,Tokyo,62,25.6,24.0,227.0,34.3
2026061912,Antananarivo,30,6.5,6.1,187.0,0.4
2026061912,Dakar,114,166.7,48.7,119.0,1.1
2026061912,New_York,45,6.5,6.2,132.0,3.2
2026061912,Paris,41,11.3,8.2,187.0,13.1
2026061912,Tokyo,62,24.9,23.5,238.0,34.2
2026061913,Antananarivo,31,5.8,5.5,173.0,0.2
2026061913,Dakar,114,161.1,48.4,117.0,1.0
2026061913,New_York,45,5.3,5.1,126.0,2.7
2026061913,Paris,55,10.9,7.7,175.0,7.3
2026061913,Tokyo,63,24.7,23.0,231.0,32.0
2026061914,Antananarivo,32,5.5,5.2,154.0,0.1
2026061914,Dakar,114,158.8,48.8,118.0,0.8
2026061914,New_York,44,4.5,4.2,121.0,2.4
2026061914,Paris,51,9.9,7.1,163.0,6.6
2026061914,Tokyo,63,25.5,23.0,220.0,29.2
2026061915,Antananarivo,32,3.4,3.4,146.0,0.5
2026061915,Dakar,114,161.1,49.2,119.0,0.7
2026061915,New_York,42,4.4,4.0,118.0,2.2
2026061915,Paris,49,9.8,6.8,157.0,5.9
2026061915,Tokyo,64,24.1,20.7,240.0,29.0
2026061916,Antananarivo,30,3.3,3.3,159.0,1.7
2026061916,Dakar,113,159.3,47.6,122.0,0.7
2026061916,New_York,40,4.6,4.2,117.0,2.3
2026061916,Paris,47,8.8,6.4,152.0,6.3
2026061916,Tokyo,64,25.5,21.4,328.0,33.4
2026061917,Antananarivo,26,6.1,6.0,182.0,3.4
2026061917,Dakar,113,151.8,43.9,126.0,0.9
2026061917,New_York,38,4.7,4.3,117.0,2.6
2026061917,Paris,46,8.4,5.9,153.0,7.9
2026061917,Tokyo,64,27.6,23.3,447.0,40.5
2026061918,Antananarivo,23,9.6,9.5,200.0,4.8
2026061918,Dakar,113,137.8,38.8,128.0,1.0
2026061918,New_York,37,4.5,4.1,119.0,3.4
2026061918,Paris,45,8.5,5.6,151.0,9.4
2026061918,Tokyo,65,30.5,26.1,517.0,47.8
2026061919,Antananarivo,22,10.4,10.2,203.0,5.4
2026061919,Dakar,112,123.9,34.0,125.0,1.1
2026061919,New_York,36,4.0,3.7,122.0,4.6
2026061919,Paris,45,8.7,5.7,160.0,12.0
2026061919,Tokyo,65,32.7,29.0,490.0,55.1
2026061920,Antananarivo,22,12.3,12.1,201.0,5.6
2026061920,Dakar,111,112.0,30.2,120.0,1.3
2026061920,New_York,34,12.9,11.9,125.0,6.9
2026061920,Paris,40,9.1,5.8,143.0,12.5
2026061920,Tokyo,65,31.5,27.4,415.0,62.5
2026061921,Antananarivo,22,16.0,15.8,211.0,6.1
2026061921,Dakar,110,102.7,27.4,115.0,1.4
2026061921,New_York,32,11.4,10.4,126.0,7.7
2026061921,Paris,35,9.6,6.2,153.0,20.8
2026061921,Tokyo,65,31.1,26.3,357.0,64.3
2026061922,Antananarivo,20,20.7,20.5,249.0,7.3
2026061922,Dakar,108,96.2,25.3,112.0,1.4
2026061922,New_York,30,9.2,8.5,126.0,8.8
2026061922,Paris,30,11.8,7.3,176.0,17.7
2026061922,Tokyo,65,30.5,26.0,350.0,64.7
2026061923,Antananarivo,18,24.2,24.0,300.0,8.8
2026061923,Dakar,107,89.6,23.6,110.0,1.4
2026061923,New_York,28,7.9,7.3,126.0,9.3
2026061923,Paris,24,15.4,9.2,204.0,26.0
2026061923,Tokyo,64,30.7,26.7,362.0,65.1
2026062000,Antananarivo,16,26.8,26.6,332.0,9.8
2026062000,Dakar,105,93.8,25.6,108.0,1.4
2026062000,New_York,28,7.6,7.2,125.0,8.5
2026062000,Paris,21,16.1,9.9,231.0,33.0
2026062000,Tokyo,64,29.3,25.5,359.0,64.4
2026062001,Antananarivo,17,27.7,27.5,328.0,10.0
2026062001,Dakar,103,91.3,24.7,104.0,1.3
2026062001,New_York,28,7.2,6.8,123.0,7.0
2026062001,Paris,18,17.2,10.4,239.0,36.8
2026062001,Tokyo,63,27.5,24.1,324.0,61.8
2026062002,Antananarivo,19,26.7,26.4,307.0,9.7
2026062002,Dakar,101,89.6,24.0,99.0,1.1
2026062002,New_York,28,5.8,5.5,121.0,5.9
2026062002,Paris,17,16.7,10.4,226.0,32.9
2026062002,Tokyo,63,24.7,21.5,275.0,58.1
2026062003,Antananarivo,20,28.2,28.0,292.0,10.7
2026062003,Dakar,99,88.9,23.5,96.0,1.0
2026062003,New_York,27,4.1,3.9,119.0,5.6
2026062003,Paris,17,16.3,10.9,216.0,27.5
2026062003,Tokyo,62,19.1,16.5,231.0,54.2
2026062004,Antananarivo,22,25.5,25.3,299.0,10.4
2026062004,Dakar,97,92.0,23.3,94.0,1.0
2026062004,New_York,26,2.8,2.7,116.0,5.7
2026062004,Paris,17,15.6,10.9,196.0,27.1
2026062004,Tokyo,61,16.8,14.4,193.0,50.2
2026062005,Antananarivo,24,22.7,22.5,312.0,9.9
2026062005,Dakar,95,93.6,23.2,93.0,1.0
2026062005,New_York,26,2.0,1.9,114.0,5.7
2026062005,Paris,17,15.3,10.1,194.0,30.4
2026062005,Tokyo,60,15.7,13.3,160.0,46.0
2026062006,Antananarivo,26,21.0,20.8,310.0,8.8
2026062006,Dakar,93,96.4,23.2,94.0,1.1
2026062006,New_York,26,1.8,1.8,114.0,5.4
2026062006,Paris,17,15.1,10.8,199.0,27.2
2026062006,Tokyo,56,16.3,13.9,149.0,42.6
2026062007,Antananarivo,27,20.2,20.1,280.0,6.3
2026062007,Dakar,91,97.8,22.9,100.0,1.2
2026062007,New_York,26,2.2,2.2,114.0,4.9
2026062007,Paris,17,15.2,11.5,250.0,23.0
2026062007,Tokyo,52,17.0,14.9,176.0,40.6
2026062008,Antananarivo,29,18.2,17.9,235.0,3.2
2026062008,Dakar,90,95.0,22.3,108.0,1.2
2026062008,New_York,26,0.0,0.0,114.0,4.3
2026062008,Paris,18,16.6,12.1,349.0,21.8
2026062008,Tokyo,48,17.8,15.7,224.0,39.4
2026062009,Antananarivo,30,10.9,10.6,194.0,0.9
2026062009,Dakar,88,88.9,21.3,114.0,1.2
2026062009,New_York,29,1.1,1.1,113.0,3.8
2026062009,Paris,22,16.5,11.4,374.0,19.3
2026062009,Tokyo,46,15.9,12.8,265.0,22.8
2026062010,Antananarivo,30,4.4,4.3,160.0,0.1
2026062010,Dakar,87,78.9,19.8,114.0,1.0
2026062010,New_York,33,1.6,1.6,112.0,3.0
2026062010,Paris,32,15.6,11.3,365.0,17.3
2026062010,Tokyo,46,19.6,16.2,284.0,24.5
2026062011,Antananarivo,31,3.0,2.9,130.0,0.2
2026062011,Dakar,86,64.0,18.0,112.0,0.7
2026062011,New_York,36,2.1,2.1,111.0,2.4
2026062011,Paris,37,15.0,10.3,272.0,11.4
2026062011,Tokyo,45,22.1,18.4,296.0,27.1
2026062012,Antananarivo,32,2.6,2.5,109.0,0.3
2026062012,Dakar,85,151.8,33.4,110.0,0.5
2026062012,New_York,37,2.3,2.3,109.0,2.1
2026062012,Paris,47,15.4,10.5,241.0,7.3
2026062012,Tokyo,44,22.5,18.8,311.0,30.0
2026062013,Antananarivo,32,2.4,2.3,101.0,0.2
2026062013,Dakar,85,143.9,32.1,109.0,0.5
2026062013,New_York,38,2.2,2.1,107.0,1.9
2026062013,Paris,47,15.8,10.4,186.0,5.0
2026062013,Tokyo,43,27.8,24.6,329.0,33.2
2026062014,Antananarivo,31,2.3,2.2,103.0,0.2
2026062014,Dakar,84,135.0,30.4,109.0,0.4
2026062014,New_York,38,2.0,1.9,106.0,1.8
2026062014,Paris,47,15.0,10.3,160.0,4.1
2026062014,Tokyo,43,26.2,22.9,350.0,36.8
2026062015,Antananarivo,30,1.5,1.4,106.0,0.3
2026062015,Dakar,84,120.6,28.1,109.0,0.4
2026062015,New_York,37,1.9,1.8,106.0,1.7
2026062015,Paris,45,15.3,10.3,155.0,4.0
2026062015,Tokyo,43,26.2,23.3,389.0,40.4
2026062016,Antananarivo,29,1.7,1.7,108.0,0.7
2026062016,Dakar,83,108.7,26.2,110.0,0.5
2026062016,New_York,36,2.0,1.9,106.0,1.8
2026062016,Paris,47,14.7,9.7,158.0,5.2
2026062016,Tokyo,44,26.1,23.3,479.0,45.2
2026062017,Antananarivo,28,2.2,2.2,112.0,1.2
2026062017,Dakar,82,95.0,24.0,112.0,0.6
2026062017,New_York,35,2.1,2.0,107.0,2.1
2026062017,Paris,47,14.7,8.8,170.0,8.2
2026062017,Tokyo,44,28.6,26.0,587.0,50.1
2026062018,Antananarivo,28,2.9,2.9,115.0,1.5
2026062018,Dakar,81,83.1,22.3,113.0,0.8
2026062018,New_York,34,2.2,2.1,108.0,2.5
2026062018,Paris,48,15.0,9.4,193.0,10.3
2026062018,Tokyo,45,26.8,24.6,629.0,51.2
2026062019,Antananarivo,28,2.4,2.4,120.0,1.5
2026062019,Dakar,81,69.6,20.5,112.0,1.0
2026062019,New_York,34,2.3,2.2,110.0,3.1
2026062019,Paris,45,15.0,9.7,203.0,11.8
2026062019,Tokyo,44,21.9,20.4,546.0,45.5
2026062020,Antananarivo,27,2.2,2.2,124.0,1.4
2026062020,Dakar,80,58.8,19.3,109.0,1.1
2026062020,New_York,31,13.9,13.1,114.0,5.7
2026062020,Paris,41,15.1,10.1,164.0,14.8
2026062020,Tokyo,43,16.2,14.9,397.0,36.1
2026062021,Antananarivo,26,2.5,2.5,124.0,1.2
2026062021,Dakar,79,51.1,18.4,107.0,1.2
2026062021,New_York,28,14.1,13.4,122.0,10.8
2026062021,Paris,35,16.4,10.4,165.0,17.8
2026062021,Tokyo,41,15.0,13.6,275.0,33.3
2026062022,Antananarivo,25,3.1,3.0,115.0,1.1
2026062022,Dakar,78,43.7,17.5,105.0,1.2
2026062022,New_York,22,14.6,14.0,131.0,17.9
2026062022,Paris,32,17.1,10.8,183.0,24.3
2026062022,Tokyo,39,11.3,10.3,216.0,29.2
2026062023,Antananarivo,24,2.9,2.7,101.0,0.9
2026062023,Dakar,77,36.8,16.9,104.0,1.2
2026062023,New_York,18,15.9,15.4,137.0,24.2
2026062023,Paris,28,18.8,12.8,224.0,33.2
2026062023,Tokyo,38,9.4,8.6,184.0,23.6
2026062100,Antananarivo,22,1.9,1.6,90.0,0.8
2026062100,Dakar,76,40.6,16.8,102.0,1.0
2026062100,New_York,14,17.3,16.9,136.0,28.6
2026062100,Paris,24,19.4,14.3,231.0,31.7
2026062100,Tokyo,37,8.6,7.8,161.0,19.2
2026062101,Antananarivo,22,1.4,1.1,84.0,0.7
2026062101,Dakar,75,35.0,16.5,100.0,0.9
2026062101,New_York,16,18.7,18.3,132.0,32.2
2026062101,Paris,22,18.7,11.2,231.0,26.2
2026062101,Tokyo,35,7.0,6.1,144.0,17.2
2026062102,Antananarivo,22,1.3,1.0,80.0,0.6
2026062102,Dakar,74,32.1,16.2,97.0,0.9
2026062102,New_York,18,19.6,19.2,132.0,35.4
2026062102,Paris,22,18.0,11.4,195.0,20.2
2026062102,Tokyo,34,6.0,5.2,137.0,16.5
2026062103,Antananarivo,22,1.0,0.8,78.0,0.6
2026062103,Dakar,73,34.5,16.5,95.0,0.8
2026062103,New_York,20,20.0,19.6,140.0,39.3
2026062103,Paris,22,16.3,10.9,192.0,17.0
2026062103,Tokyo,32,4.8,4.1,135.0,16.5
2026062104,Antananarivo,22,1.8,1.3,79.0,0.6
2026062104,Dakar,72,46.2,17.5,94.0,0.8
2026062104,New_York,21,20.2,19.8,150.0,42.7
2026062104,Paris,22,13.8,10.7,168.0,12.7
2026062104,Tokyo,31,4.5,3.8,140.0,17.5
2026062105,Antananarivo,22,2.0,1.5,83.0,0.7
2026062105,Dakar,72,59.0,19.0,93.0,0.8
2026062105,New_York,21,21.1,20.8,157.0,42.9
2026062105,Paris,22,14.2,10.8,145.0,11.3
2026062105,Tokyo,30,4.8,4.1,150.0,19.3
2026062106,Antananarivo,23,2.6,2.1,86.0,0.7
2026062106,Dakar,71,72.4,20.8,94.0,0.8
2026062106,New_York,19,22.5,22.2,155.0,37.5
2026062106,Paris,22,14.8,8.8,147.0,9.8
2026062106,Tokyo,30,6.3,5.8,158.0,20.3
2026062107,Antananarivo,24,3.8,3.0,88.0,0.6
2026062107,Dakar,71,80.1,22.1,98.0,0.8
2026062107,New_York,18,22.6,22.4,149.0,28.9
2026062107,Paris,21,16.6,10.2,158.0,10.0
2026062107,Tokyo,29,8.1,7.6,162.0,19.8
2026062108,Antananarivo,25,4.8,3.7,90.0,0.5
2026062108,Dakar,70,80.3,22.5,104.0,0.9
2026062108,New_York,23,6.3,6.1,143.0,13.9
2026062108,Paris,21,17.9,11.1,244.0,11.8
2026062108,Tokyo,28,10.3,9.8,164.0,18.6
2026062109,Antananarivo,26,6.0,4.3,91.0,0.4
2026062109,Dakar,70,73.3,21.8,108.0,0.9
2026062109,New_York,29,4.1,4.0,138.0,10.9
2026062109,Paris,22,17.6,10.1,259.0,11.0
2026062109,Tokyo,28,10.7,10.0,163.0,18.6
2026062110,Antananarivo,26,6.5,4.5,89.0,0.3
2026062110,Dakar,70,64.0,20.7,108.0,0.8
2026062110,New_York,37,3.6,3.5,133.0,6.7
2026062110,Paris,31,15.1,8.9,267.0,10.5
2026062110,Tokyo,28,10.4,9.7,157.0,18.7
2026062111,Antananarivo,26,6.4,4.3,86.0,0.2
2026062111,Dakar,70,56.0,19.5,107.0,0.5
2026062111,New_York,45,3.4,3.3,129.0,3.6
2026062111,Paris,37,15.9,8.6,263.0,10.2
2026062111,Tokyo,27,9.7,9.4,149.0,19.0
2026062112,Antananarivo,26,6.3,4.2,84.0,0.2
2026062112,Dakar,70,74.7,26.4,106.0,0.5
2026062112,New_York,51,3.3,3.3,125.0,2.6
2026062112,Paris,51,16.6,9.5,253.0,8.4
2026062112,Tokyo,26,11.1,10.8,145.0,19.8
2026062113,Antananarivo,26,6.3,4.2,83.0,0.2
2026062113,Dakar,68,81.3,27.0,106.0,0.5
2026062113,New_York,53,3.4,3.3,121.0,2.6
2026062113,Paris,56,16.9,10.3,216.0,6.9
2026062113,Tokyo,26,13.0,12.6,149.0,20.7
2026062114,Antananarivo,26,6.5,4.4,83.0,0.2
2026062114,Dakar,67,90.3,28.2,107.0,0.5
2026062114,New_York,54,3.6,3.5,120.0,2.8
2026062114,Paris,55,19.7,9.8,203.0,6.4
2026062114,Tokyo,25,15.2,14.7,157.0,22.2
2026062115,Antananarivo,26,7.6,5.1,84.0,0.3
2026062115,Dakar,66,103.1,30.6,108.0,0.5
2026062115,New_York,55,4.0,3.9,122.0,2.8
2026062115,Paris,60,19.8,9.4,215.0,6.5
2026062115,Tokyo,26,17.4,16.9,161.0,25.9
2026062116,Antananarivo,25,7.8,5.3,87.0,0.5
2026062116,Dakar,66,118.0,34.1,109.0,0.6
2026062116,New_York,55,4.1,4.0,125.0,3.0
2026062116,Paris,61,20.1,9.6,217.0,6.3
2026062116,Tokyo,24,18.5,17.9,158.0,33.8
2026062117,Antananarivo,24,8.0,5.6,91.0,0.7
2026062117,Dakar,66,129.9,37.8,111.0,0.8
2026062117,New_York,53,4.0,4.0,130.0,3.3
2026062117,Paris,61,19.8,10.1,213.0,6.5
2026062117,Tokyo,23,21.7,21.2,151.0,44.0
2026062118,Antananarivo,23,8.4,6.0,93.0,0.9
2026062118,Dakar,67,138.8,42.0,112.0,1.1
2026062118,New_York,51,3.8,3.7,135.0,3.0
2026062118,Paris,59,19.2,9.8,213.0,8.2
2026062118,Tokyo,25,24.0,23.6,144.0,51.8
2026062119,Antananarivo,22,8.4,6.1,92.0,1.0
2026062119,Dakar,68,139.7,44.9,113.0,1.5
2026062119,New_York,46,3.3,3.2,140.0,2.9
2026062119,Paris,49,17.8,9.2,214.0,12.6
2026062119,Tokyo,26,31.1,30.7,139.0,56.2
2026062120,Antananarivo,21,8.3,6.2,90.0,1.1
2026062120,Dakar,69,145.3,48.8,114.0,2.0
2026062120,New_York,37,16.6,16.2,151.0,10.7
2026062120,Paris,46,16.6,8.5,169.0,10.1
2026062120,Tokyo,27,29.6,29.3,135.0,58.2
2026062121,Antananarivo,21,6.8,5.3,88.0,1.2
2026062121,Dakar,70,150.4,51.9,114.0,2.4
2026062121,New_York,28,22.6,22.2,171.0,30.2
2026062121,Paris,40,15.5,8.8,159.0,11.7
2026062121,Tokyo,24,22.2,21.4,132.0,41.3
2026062122,Antananarivo,20,6.3,4.9,85.0,1.2
2026062122,Dakar,72,147.1,51.2,114.0,2.6
2026062122,New_York,27,26.9,26.2,196.0,57.1
2026062122,Paris,38,16.9,8.5,161.0,10.7
2026062122,Tokyo,25,22.0,21.5,130.0,40.5
2026062123,Antananarivo,20,6.0,4.8,82.0,1.2
2026062123,Dakar,74,144.4,49.5,113.0,2.6
2026062123,New_York,35,32.2,30.9,216.0,77.6
2026062123,Paris,36,16.5,8.8,166.0,9.4
2026062123,Tokyo,26,22.7,22.2,130.0,39.4
2026062200,Antananarivo,20,5.7,4.6,81.0,1.2
2026062200,Dakar,76,180.2,61.9,111.0,2.4
2026062200,New_York,38,37.5,35.9,226.0,85.6
2026062200,Paris,34,16.2,8.9,176.0,8.9
2026062200,Tokyo,27,23.0,22.5,128.0,39.0
2026062201,Antananarivo,20,5.6,4.4,83.0,1.2
2026062201,Dakar,78,186.7,65.4,106.0,2.4
2026062201,New_York,39,43.9,42.3,230.0,87.3
2026062201,Paris,32,15.3,9.1,180.0,10.0
2026062201,Tokyo,28,22.6,22.1,123.0,40.2
2026062202,Antananarivo,20,5.4,4.2,86.0,1.2
2026062202,Dakar,80,195.6,68.5,100.0,2.4
2026062202,New_York,39,47.4,45.6,235.0,87.2
2026062202,Paris,30,21.5,12.6,163.0,9.2
2026062202,Tokyo,30,22.3,21.8,118.0,42.2
2026062203,Antananarivo,20,4.9,3.8,90.0,1.2
2026062203,Dakar,83,198.8,68.7,96.0,2.3
2026062203,New_York,39,46.2,44.6,245.0,86.8
2026062203,Paris,28,21.3,12.6,160.0,9.0
2026062203,Tokyo,31,22.8,22.4,116.0,43.0
2026062204,Antananarivo,20,4.4,3.4,94.0,1.3
2026062204,Dakar,86,202.1,68.0,94.0,2.2
2026062204,New_York,38,42.1,40.7,255.0,84.6
2026062204,Paris,25,20.5,11.9,162.0,8.8
2026062204,Tokyo,33,21.2,20.8,121.0,41.7
2026062205,Antananarivo,21,4.0,3.0,99.0,1.3
2026062205,Dakar,89,205.4,67.5,94.0,2.1
2026062205,New_York,36,39.7,38.2,259.0,81.0
2026062205,Paris,22,19.6,11.1,165.0,8.9
2026062205,Tokyo,34,20.0,19.6,129.0,39.3
2026062206,Antananarivo,22,3.9,3.1,103.0,1.3
2026062206,Dakar,91,206.3,66.6,95.0,2.0
2026062206,New_York,36,38.6,37.3,255.0,75.5
2026062206,Paris,20,18.9,10.6,173.0,15.0
2026062206,Tokyo,35,16.9,16.6,136.0,36.7
2026062207,Antananarivo,23,4.1,3.4,109.0,1.1
2026062207,Dakar,93,203.5,64.5,99.0,1.9
2026062207,New_York,37,35.0,33.9,244.0,68.5
2026062207,Paris,20,18.5,12.8,198.0,24.4
2026062207,Tokyo,36,13.6,13.4,137.0,33.4
2026062208,Antananarivo,24,3.7,3.0,115.0,0.9
2026062208,Dakar,95,195.1,60.8,104.0,1.8
2026062208,New_York,38,29.1,27.5,228.0,55.0
2026062208,Paris,20,22.5,13.7,309.0,32.3
2026062208,Tokyo,37,13.4,13.3,137.0,30.0
2026062209,Antananarivo,25,3.5,2.8,116.0,0.7
2026062209,Dakar,97,183.0,56.0,108.0,1.7
2026062209,New_York,40,26.9,25.8,202.0,47.5
2026062209,Paris,20,22.4,12.8,353.0,33.3
2026062209,Tokyo,37,10.3,10.3,140.0,35.3
2026062210,Antananarivo,25,3.7,2.8,106.0,0.5
2026062210,Dakar,99,168.6,51.1,107.0,1.4
2026062210,New_York,44,24.9,23.5,171.0,36.9
2026062210,Paris,29,21.1,11.9,306.0,22.9
2026062210,Tokyo,37,14.4,14.4,148.0,37.8
2026062211,Antananarivo,26,3.7,2.7,92.0,0.4
2026062211,Dakar,101,152.3,46.1,105.0,1.1
2026062211,New_York,47,24.3,22.0,147.0,27.9
2026062211,Paris,49,20.5,11.9,284.0,14.7
2026062211,Tokyo,37,19.3,19.3,159.0,41.5
2026062212,Antananarivo,26,3.7,2.6,81.0,0.3
2026062212,Dakar,102,190.5,58.9,103.0,0.9
2026062212,New_York,50,28.0,23.7,137.0,22.0
2026062212,Paris,59,18.0,12.4,235.0,9.3
2026062212,Tokyo,38,21.7,21.7,173.0,45.9
2026062213,Antananarivo,26,4.6,3.2,79.0,0.3
2026062213,Dakar,104,165.3,52.6,103.0,0.8
2026062213,New_York,54,26.1,21.6,135.0,17.7
2026062213,Paris,59,19.2,11.5,194.0,6.4
2026062213,Tokyo,39,19.4,19.3,184.0,51.3
2026062214,Antananarivo,25,4.6,3.2,80.0,0.3
2026062214,Dakar,106,151.8,48.8,104.0,0.8
2026062214,New_York,57,23.4,19.2,136.0,14.7
2026062214,Paris,59,19.7,11.3,181.0,6.2
2026062214,Tokyo,40,18.6,18.4,198.0,57.5
2026062215,Antananarivo,25,4.3,2.9,84.0,0.3
2026062215,Dakar,107,145.3,46.7,105.0,0.8
2026062215,New_York,59,19.9,16.4,138.0,13.2
2026062215,Paris,59,20.0,11.3,175.0,6.6
2026062215,Tokyo,40,21.2,20.4,228.0,62.6
2026062216,Antananarivo,24,4.8,3.3,89.0,0.6
2026062216,Dakar,107,139.2,45.1,108.0,0.9
2026062216,New_York,60,18.3,14.9,143.0,13.1
2026062216,Paris,61,20.2,11.6,175.0,6.6
2026062216,Tokyo,41,21.8,21.1,301.0,66.0
2026062217,Antananarivo,23,5.1,3.6,96.0,0.9
2026062217,Dakar,108,133.2,43.5,112.0,1.2
2026062217,New_York,61,18.9,15.7,147.0,13.6
2026062217,Paris,60,20.0,12.0,172.0,8.7
2026062217,Tokyo,41,22.6,22.0,390.0,68.4
2026062218,Antananarivo,22,4.8,3.7,103.0,1.2
2026062218,Dakar,108,129.9,42.6,114.0,1.4
2026062218,New_York,61,17.9,14.8,149.0,14.7
2026062218,Paris,54,20.7,12.5,171.0,10.0
2026062218,Tokyo,41,26.3,25.7,429.0,70.5
2026062219,Antananarivo,20,4.9,3.9,110.0,1.3
2026062219,Dakar,108,126.2,41.8,113.0,1.7
2026062219,New_York,61,16.4,13.9,149.0,16.4
2026062219,Paris,53,21.4,13.0,170.0,10.8
2026062219,Tokyo,42,24.4,23.2,370.0,73.8
2026062220,Antananarivo,20,4.1,3.5,117.0,1.4
2026062220,Dakar,107,122.0,40.7,110.0,1.9
2026062220,New_York,62,14.5,12.6,149.0,24.8
2026062220,Paris,51,22.1,12.9,158.0,10.5
2026062220,Tokyo,40,24.4,23.1,261.0,76.7
2026062221,Antananarivo,19,3.2,2.9,118.0,1.4
2026062221,Dakar,107,116.9,39.7,108.0,2.1
2026062221,New_York,62,13.4,11.3,147.0,23.0
2026062221,Paris,49,21.1,13.5,154.0,11.3
2026062221,Tokyo,40,16.2,15.2,179.0,62.1
2026062222,Antananarivo,20,2.6,2.4,109.0,1.2
2026062222,Dakar,106,111.1,38.6,109.0,2.0
2026062222,New_York,61,10.1,8.8,143.0,20.5
2026062222,Paris,44,20.8,13.3,151.0,11.1
2026062222,Tokyo,39,14.8,13.9,160.0,57.0
2026062223,Antananarivo,21,1.6,1.5,94.0,1.0
2026062223,Dakar,106,105.9,37.7,111.0,1.9
2026062223,New_York,61,8.5,7.5,141.0,18.1
2026062223,Paris,40,20.4,13.6,160.0,11.3
2026062223,Tokyo,39,13.2,12.3,168.0,49.9
2026062300,Antananarivo,22,1.2,1.0,83.0,0.8
2026062300,Dakar,105,115.5,38.8,112.0,1.8
2026062300,New_York,60,7.9,7.1,141.0,15.9
2026062300,Paris,37,19.0,13.9,169.0,11.3
2026062300,Tokyo,38,12.4,11.1,171.0,43.4
2026062301,Antananarivo,22,1.2,0.9,80.0,0.7
2026062301,Dakar,104,109.0,37.7,109.0,1.7
2026062301,New_York,55,7.5,7.0,141.0,13.9
2026062301,Paris,36,19.9,13.2,175.0,10.9
2026062301,Tokyo,37,12.4,10.7,153.0,38.2
2026062302,Antananarivo,22,1.9,1.4,81.0,0.6
2026062302,Dakar,103,106.2,37.3,104.0,1.6
2026062302,New_York,49,7.3,6.7,141.0,12.9
2026062302,Paris,35,19.4,11.0,188.0,10.5
2026062302,Tokyo,36,12.8,10.8,131.0,33.5
2026062303,Antananarivo,22,1.9,1.4,84.0,0.6
2026062303,Dakar,101,103.1,36.8,101.0,1.6
2026062303,New_York,42,7.1,6.5,136.0,13.4
2026062303,Paris,34,18.9,11.4,188.0,8.8
2026062303,Tokyo,35,12.8,10.7,116.0,30.2
2026062304,Antananarivo,22,2.5,1.7,90.0,0.9
2026062304,Dakar,100,99.0,35.9,101.0,1.7
2026062304,New_York,38,7.7,7.0,131.0,15.0
2026062304,Paris,34,16.9,11.7,189.0,8.2
2026062304,Tokyo,34,12.3,10.1,117.0,28.8
2026062305,Antananarivo,21,3.0,2.1,99.0,1.2
2026062305,Dakar,98,95.7,35.0,103.0,1.9
2026062305,New_York,35,8.9,8.2,136.0,17.4
2026062305,Paris,31,16.9,11.9,195.0,8.9
2026062305,Tokyo,33,11.6,9.7,126.0,28.6
2026062306,Antananarivo,21,3.8,3.0,107.0,1.4
2026062306,Dakar,96,95.5,35.0,111.0,2.1
2026062306,New_York,33,10.0,9.5,163.0,21.8
2026062306,Paris,27,17.5,12.4,203.0,14.2
2026062306,Tokyo,32,11.3,9.5,134.0,28.6
2026062307,Antananarivo,22,5.1,4.3,114.0,1.2
2026062307,Dakar,94,95.7,35.3,130.0,2.2
2026062307,New_York,30,10.7,10.3,200.0,27.0
2026062307,Paris,25,19.7,13.3,225.0,21.3
2026062307,Tokyo,32,12.0,10.5,140.0,28.2
2026062308,Antananarivo,24,5.3,4.5,121.0,0.9
2026062308,Dakar,93,95.9,35.5,154.0,2.3
2026062308,New_York,28,9.3,8.9,225.0,23.7
2026062308,Paris,25,23.2,15.8,289.0,33.7
2026062308,Tokyo,31,11.9,10.7,145.0,28.0
2026062309,Antananarivo,25,6.0,4.7,122.0,0.6
2026062309,Dakar,91,95.5,35.9,173.0,2.3
2026062309,New_York,27,9.3,9.1,226.0,21.4
2026062309,Paris,28,22.0,16.0,315.0,33.4
2026062309,Tokyo,31,9.1,8.3,148.0,22.6
2026062310,Antananarivo,25,6.1,4.4,113.0,0.4
2026062310,Dakar,89,94.8,36.2,182.0,2.0
2026062310,New_York,26,8.3,8.0,215.0,18.2
2026062310,Paris,36,20.2,16.3,303.0,28.3
2026062310,Tokyo,31,11.4,11.0,147.0,21.7
2026062311,Antananarivo,25,5.6,3.9,98.0,0.3
2026062311,Dakar,88,93.6,36.7,185.0,1.6
2026062311,New_York,27,7.7,7.5,202.0,15.4
2026062311,Paris,55,19.2,15.9,274.0,18.0
2026062311,Tokyo,31,10.8,10.3,144.0,20.7
2026062312,Antananarivo,25,5.2,3.6,87.0,0.2
2026062312,Dakar,87,63.8,28.8,183.0,1.5
2026062312,New_York,30,8.6,8.5,189.0,13.0
2026062312,Paris,63,19.0,13.3,245.0,9.8
2026062312,Tokyo,30,10.6,9.9,141.0,21.0
2026062313,Antananarivo,25,4.8,3.3,85.0,0.2
2026062313,Dakar,85,60.1,27.6,172.0,1.4
2026062313,New_York,32,8.8,8.8,174.0,10.9
2026062313,Paris,63,19.3,13.0,225.0,7.5
2026062313,Tokyo,29,12.1,10.9,139.0,23.3
2026062314,Antananarivo,25,4.2,2.9,86.0,0.2
2026062314,Dakar,83,58.6,26.5,156.0,1.3
2026062314,New_York,32,9.1,9.1,169.0,10.2
2026062314,Paris,63,19.1,13.5,210.0,7.1
2026062314,Tokyo,28,14.1,12.5,138.0,27.0
2026062315,Antananarivo,24,2.5,1.9,91.0,0.4
2026062315,Dakar,82,50.8,23.7,142.0,1.2
2026062315,New_York,30,9.3,9.2,176.0,11.4
2026062315,Paris,62,19.3,13.0,201.0,6.9
2026062315,Tokyo,28,15.5,13.5,141.0,31.7
2026062316,Antananarivo,23,2.7,2.1,99.0,0.8
2026062316,Dakar,80,39.3,19.6,134.0,1.3
2026062316,New_York,27,9.8,9.8,193.0,14.0
2026062316,Paris,62,20.9,12.4,195.0,6.7
2026062316,Tokyo,27,15.9,13.4,151.0,38.4
2026062317,Antananarivo,21,3.2,2.7,110.0,1.4
2026062317,Dakar,79,29.1,15.4,129.0,1.5
2026062317,New_York,23,10.5,10.4,221.0,17.9
2026062317,Paris,61,22.4,12.0,185.0,7.4
2026062317,Tokyo,27,18.9,15.8,166.0,46.1
2026062318,Antananarivo,20,4.4,3.9,119.0,1.9
2026062318,Dakar,77,20.1,11.4,127.0,1.7
2026062318,New_York,20,11.4,11.4,269.0,23.9
2026062318,Paris,61,23.0,11.8,182.0,9.8
2026062318,Tokyo,26,22.1,18.9,175.0,51.9
2026062319,Antananarivo,18,6.2,5.7,125.0,2.5
2026062319,Dakar,75,14.0,8.3,131.0,1.9
2026062319,New_York,18,12.5,12.4,329.0,31.2
2026062319,Paris,59,22.8,11.5,180.0,11.7
2026062319,Tokyo,26,21.9,18.6,175.0,54.4
2026062320,Antananarivo,16,7.3,7.0,130.0,3.0
2026062320,Dakar,73,10.3,6.2,139.0,2.1
2026062320,New_York,19,20.8,20.7,379.0,30.1
2026062320,Paris,54,22.4,11.5,166.0,12.5
2026062320,Tokyo,26,22.5,19.2,171.0,55.0
2026062321,Antananarivo,15,7.7,7.3,134.0,3.3
2026062321,Dakar,71,8.8,5.3,144.0,2.2
2026062321,New_York,20,26.6,26.5,424.0,39.0
2026062321,Paris,51,21.1,11.7,166.0,14.4
2026062321,Tokyo,25,19.9,17.1,167.0,53.0
2026062322,Antananarivo,15,7.7,7.4,137.0,3.1
2026062322,Dakar,70,8.3,4.9,142.0,2.2
2026062322,New_York,24,27.6,27.5,460.0,50.7
2026062322,Paris,42,19.5,12.4,173.0,15.5
2026062322,Tokyo,25,20.5,18.0,164.0,51.9
2026062323,Antananarivo,16,6.2,5.9,140.0,2.6
2026062323,Dakar,68,8.1,4.7,138.0,2.2
2026062323,New_York,26,24.8,24.7,453.0,54.7
2026062323,Paris,37,20.4,14.4,181.0,17.1
2026062323,Tokyo,25,19.2,16.7,162.0,50.4
2026062400,Antananarivo,17,4.3,4.1,141.0,2.1
2026062400,Dakar,66,3.2,1.9,135.0,2.7
2026062400,New_York,23,18.9,18.9,365.0,43.3
2026062400,Paris,34,22.3,13.4,182.0,15.5
2026062400,Tokyo,26,19.0,16.5,159.0,49.0
2026062401,Antananarivo,18,3.4,3.1,140.0,1.8
2026062401,Dakar,64,3.4,2.0,137.0,2.7
2026062401,New_York,24,11.0,10.9,233.0,24.3
2026062401,Paris,31,19.1,12.0,187.0,14.2
2026062401,Tokyo,26,18.9,16.5,155.0,48.0
2026062402,Antananarivo,18,2.6,2.4,138.0,1.6
2026062402,Dakar,63,3.8,2.2,140.0,2.6
2026062402,New_York,24,5.8,5.8,135.0,10.2
2026062402,Paris,29,15.2,11.6,172.0,12.3
2026062402,Tokyo,27,18.3,16.0,151.0,47.1
2026062403,Antananarivo,17,3.9,3.5,133.0,1.8
2026062403,Dakar,61,4.1,2.3,139.0,2.4
2026062403,New_York,24,3.9,3.9,107.0,6.7
2026062403,Paris,28,13.3,10.1,163.0,8.8
2026062403,Tokyo,27,17.4,15.0,151.0,46.3
2026062404,Antananarivo,17,3.6,3.2,124.0,1.8
2026062404,Dakar,56,4.3,2.4,128.0,2.0
2026062404,New_York,24,3.4,3.3,113.0,8.2
2026062404,Paris,26,12.7,9.7,160.0,8.6
2026062404,Tokyo,27,16.8,14.2,158.0,45.7
2026062405,Antananarivo,18,3.6,3.2,114.0,1.9
2026062405,Dakar,48,4.5,2.5,113.0,1.5
2026062405,New_York,24,3.3,3.3,124.0,9.9
2026062405,Paris,26,12.9,9.3,161.0,10.5
2026062405,Tokyo,28,16.6,14.0,170.0,45.2
2026062406,Antananarivo,18,4.2,3.7,107.0,1.8
2026062406,Dakar,40,5.1,2.8,107.0,1.2
2026062406,New_York,23,3.7,3.6,134.0,10.9
2026062406,Paris,26,14.0,9.2,166.0,17.9
2026062406,Tokyo,28,18.2,15.4,177.0,44.5
2026062407,Antananarivo,20,4.6,4.1,110.0,1.5
2026062407,Dakar,36,6.3,3.5,119.0,1.1
2026062407,New_York,23,4.4,4.4,148.0,12.2
2026062407,Paris,25,17.2,9.1,190.0,26.9
2026062407,Tokyo,29,19.7,16.6,177.0,43.2
2026062408,Antananarivo,21,4.3,3.7,117.0,1.1
2026062408,Dakar,33,8.0,4.5,141.0,1.2
2026062408,New_York,22,6.3,6.3,156.0,12.4
2026062408,Paris,25,18.1,10.9,273.0,31.2
2026062408,Tokyo,29,21.8,18.1,173.0,41.7
2026062409,Antananarivo,23,3.9,3.3,119.0,0.8
2026062409,Dakar,29,10.5,5.9,157.0,1.2
2026062409,New_York,25,8.2,8.0,152.0,10.4
2026062409,Paris,25,17.0,9.7,271.0,30.4
2026062409,Tokyo,30,22.4,18.2,169.0,41.2
2026062410,Antananarivo,24,3.9,3.2,111.0,0.6
2026062410,Dakar,26,14.5,8.0,161.0,1.0
2026062410,New_York,32,10.2,9.8,141.0,7.3
2026062410,Paris,32,14.8,9.3,263.0,25.2
2026062410,Tokyo,31,28.6,23.2,164.0,41.7
2026062411,Antananarivo,24,3.1,2.4,97.0,0.4
2026062411,Dakar,24,19.9,10.9,160.0,0.8
2026062411,New_York,36,11.6,10.9,132.0,4.7
2026062411,Paris,51,13.3,9.4,238.0,19.1
2026062411,Tokyo,32,27.2,22.0,160.0,42.4
2026062412,Antananarivo,25,2.9,2.2,88.0,0.3
2026062412,Dakar,25,25.5,13.8,156.0,0.6
2026062412,New_York,38,12.5,11.6,126.0,3.4
2026062412,Paris,60,17.0,10.2,213.0,8.9
2026062412,Tokyo,33,27.1,22.1,166.0,42.7
2026062413,Antananarivo,25,2.7,2.1,86.0,0.3
2026062413,Dakar,25,30.6,16.4,147.0,0.5
2026062413,New_York,37,13.0,11.9,121.0,2.7
2026062413,Paris,63,20.7,10.9,200.0,8.0
2026062413,Tokyo,34,26.1,21.4,185.0,42.3
2026062414,Antananarivo,24,2.8,2.0,87.0,0.3
2026062414,Dakar,25,36.7,19.4,135.0,0.5
2026062414,New_York,36,13.2,11.9,118.0,2.3
2026062414,Paris,63,25.5,11.5,194.0,8.0
2026062414,Tokyo,34,23.3,19.2,214.0,41.4
2026062415,Antananarivo,24,3.2,2.3,90.0,0.4
2026062415,Dakar,25,44.6,22.6,127.0,0.6
2026062415,New_York,36,12.9,11.5,113.0,1.9
2026062415,Paris,64,27.1,11.9,194.0,7.6
2026062415,Tokyo,35,22.4,18.2,254.0,40.5
2026062416,Antananarivo,23,3.7,2.7,95.0,0.7
2026062416,Dakar,25,54.8,26.2,126.0,0.7
2026062416,New_York,37,12.1,10.7,110.0,1.8
2026062416,Paris,64,26.4,11.9,196.0,7.9
2026062416,Tokyo,35,20.8,16.9,314.0,39.1
2026062417,Antananarivo,22,4.4,3.2,102.0,1.1
2026062417,Dakar,26,66.1,29.4,128.0,0.8
2026062417,New_York,36,10.8,9.5,121.0,2.9
2026062417,Paris,63,25.9,12.1,199.0,9.3
2026062417,Tokyo,36,19.7,16.3,385.0,37.8
2026062418,Antananarivo,20,5.5,4.3,107.0,1.5
2026062418,Dakar,26,77.5,32.0,128.0,1.0
2026062418,New_York,33,9.2,8.1,155.0,5.4
2026062418,Paris,61,25.4,12.4,199.0,12.8
2026062418,Tokyo,36,17.8,14.8,437.0,37.9
2026062419,Antananarivo,19,6.3,5.0,110.0,1.9
2026062419,Dakar,26,87.1,33.4,124.0,1.2
2026062419,New_York,30,8.0,7.1,203.0,9.0
2026062419,Paris,56,25.1,12.2,196.0,16.8
2026062419,Tokyo,35,19.3,16.8,457.0,40.6
2026062420,Antananarivo,18,6.7,5.6,110.0,2.3
2026062420,Dakar,26,92.4,33.3,119.0,1.4
2026062420,New_York,25,8.5,7.9,249.0,14.2
2026062420,Paris,56,25.2,12.7,179.0,19.3
2026062420,Tokyo,35,20.7,18.4,457.0,44.8
2026062421,Antananarivo,17,7.5,6.6,110.0,2.5
2026062421,Dakar,27,92.4,31.7,114.0,1.5
2026062421,New_York,22,11.4,10.8,298.0,22.3
2026062421,Paris,46,25.6,13.1,189.0,14.1
2026062421,Tokyo,35,21.8,20.0,451.0,49.2
2026062422,Antananarivo,16,8.3,7.4,107.0,2.5
2026062422,Dakar,30,85.9,28.5,111.0,1.5
2026062422,New_York,20,12.7,12.1,346.0,31.9
2026062422,Paris,39,25.8,13.5,172.0,14.9
2026062422,Tokyo,35,25.5,23.7,440.0,54.0
2026062423,Antananarivo,17,7.7,6.8,103.0,2.4
2026062423,Dakar,33,74.5,24.9,110.0,1.5
2026062423,New_York,20,13.4,12.8,366.0,39.1
2026062423,Paris,37,26.0,13.6,172.0,14.0
2026062423,Tokyo,36,27.2,25.7,421.0,58.9
2026062500,Antananarivo,17,6.6,5.7,100.0,2.3
2026062500,Dakar,36,60.8,21.2,107.0,1.4
2026062500,New_York,21,14.5,13.8,335.0,41.4
2026062500,Paris,35,25.8,14.6,179.0,16.5
2026062500,Tokyo,37,28.9,27.6,399.0,62.1
2026062501,Antananarivo,17,5.7,4.9,99.0,2.1
2026062501,Dakar,38,47.6,18.0,102.0,1.4
2026062501,New_York,21,16.1,15.4,276.0,41.3
2026062501,Paris,30,25.1,15.2,180.0,17.0
2026062501,Tokyo,38,29.6,28.3,364.0,62.6
2026062502,Antananarivo,17,5.0,4.3,100.0,1.9
2026062502,Dakar,40,37.0,15.9,96.0,1.3
2026062502,New_York,21,17.6,16.8,231.0,41.8
2026062502,Paris,30,25.1,14.6,179.0,13.6
2026062502,Tokyo,39,29.7,28.5,326.0,61.3
2026062503,Antananarivo,17,4.6,3.9,104.0,1.8
2026062503,Dakar,43,29.0,14.4,92.0,1.3
2026062503,New_York,22,18.7,17.9,217.0,44.9
2026062503,Paris,28,24.6,13.5,174.0,12.3
2026062503,Tokyo,40,27.2,26.1,316.0,59.6
2026062504,Antananarivo,17,4.3,3.6,113.0,2.1
2026062504,Dakar,45,24.4,13.6,90.0,1.3
2026062504,New_York,23,19.9,19.1,217.0,48.6
2026062504,Paris,29,23.4,13.0,172.0,11.2
2026062504,Tokyo,41,23.7,22.7,369.0,57.5
2026062505,Antananarivo,16,4.4,3.8,124.0,2.5
2026062505,Dakar,46,22.4,13.3,89.0,1.2
2026062505,New_York,24,21.7,20.9,221.0,50.1
2026062505,Paris,24,23.1,12.8,175.0,11.5
2026062505,Tokyo,42,20.3,19.3,449.0,55.0
2026062506,Antananarivo,16,5.2,4.7,135.0,2.6
2026062506,Dakar,48,21.3,13.0,93.0,1.2
2026062506,New_York,23,24.3,23.5,232.0,48.0
2026062506,Paris,24,23.1,13.2,180.0,18.6
2026062506,Tokyo,43,19.7,18.7,482.0,52.7
2026062507,Antananarivo,19,8.3,7.9,147.0,2.1
2026062507,Dakar,49,20.7,12.7,105.0,1.2
2026062507,New_York,24,26.3,25.6,248.0,43.6
2026062507,Paris,24,23.7,14.1,197.0,27.4
2026062507,Tokyo,44,22.5,21.7,415.0,50.8
2026062508,Antananarivo,23,9.8,9.4,159.0,1.4
2026062508,Dakar,50,20.3,12.4,120.0,1.2
2026062508,New_York,26,21.0,20.1,250.0,32.4
2026062508,Paris,25,24.5,14.3,260.0,30.6
2026062508,Tokyo,45,25.6,24.7,301.0,49.2
2026062509,Antananarivo,26,7.6,6.7,160.0,0.8
2026062509,Dakar,51,19.9,12.0,131.0,1.1
2026062509,New_York,27,18.1,17.0,224.0,26.3
2026062509,Paris,29,23.4,11.6,291.0,30.1
2026062509,Tokyo,46,19.6,18.7,226.0,48.3
2026062510,Antananarivo,27,5.4,4.4,140.0,0.5
2026062510,Dakar,52,19.3,11.7,131.0,0.9
2026062510,New_York,29,14.2,13.3,183.0,18.0
2026062510,Paris,39,23.2,10.9,263.0,20.9
2026062510,Tokyo,46,19.3,18.2,236.0,48.8
2026062511,Antananarivo,28,4.2,3.2,109.0,0.3
2026062511,Dakar,53,18.9,11.5,125.0,0.7
2026062511,New_York,38,12.3,11.6,155.0,11.4
2026062511,Paris,55,19.4,10.6,242.0,9.8
2026062511,Tokyo,45,19.6,18.5,285.0,50.0
2026062512,Antananarivo,28,3.7,2.7,87.0,0.2
2026062512,Dakar,52,18.0,11.6,123.0,0.8
2026062512,New_York,46,11.6,11.0,152.0,8.4
2026062512,Paris,59,19.3,9.9,191.0,5.9
2026062512,Tokyo,44,21.1,19.7,323.0,50.7
2026062513,Antananarivo,27,3.4,2.5,81.0,0.1
2026062513,Dakar,52,16.9,11.0,130.0,0.7
2026062513,New_York,54,11.8,11.3,161.0,7.3
2026062513,Paris,59,20.7,10.0,171.0,5.4
2026062513,Tokyo,44,21.7,20.0,327.0,49.6
2026062514,Antananarivo,26,3.2,2.3,84.0,0.2
2026062514,Dakar,51,17.3,10.4,141.0,0.7
2026062514,New_York,59,12.3,11.7,165.0,6.9
2026062514,Paris,56,21.0,10.0,163.0,4.9
2026062514,Tokyo,44,20.4,18.6,320.0,48.0
2026062515,Antananarivo,24,2.6,1.9,90.0,0.4
2026062515,Dakar,49,20.2,10.2,148.0,0.7
2026062515,New_York,61,12.3,11.8,154.0,6.7
2026062515,Paris,53,21.3,9.4,151.0,4.8
2026062515,Tokyo,44,20.7,18.9,314.0,48.6
2026062516,Antananarivo,23,2.7,2.0,98.0,0.7
2026062516,Dakar,47,24.7,10.4,146.0,0.9
2026062516,New_York,61,12.3,11.9,138.0,7.3
2026062516,Paris,53,19.9,9.0,151.0,5.0
2026062516,Tokyo,44,29.8,28.6,313.0,53.6
2026062517,Antananarivo,21,3.1,2.5,108.0,1.2
2026062517,Dakar,45,31.4,11.1,140.0,1.1
2026062517,New_York,60,12.7,12.3,129.0,8.8
2026062517,Paris,55,15.8,9.2,155.0,5.9
2026062517,Tokyo,46,24.0,22.7,312.0,60.9
2026062518,Antananarivo,20,3.7,3.1,117.0,1.5
2026062518,Dakar,42,40.2,12.3,135.0,1.4
2026062518,New_York,56,13.4,12.9,134.0,12.0
2026062518,Paris,53,14.1,9.3,162.0,7.7
2026062518,Tokyo,47,24.6,23.3,315.0,66.6
2026062519,Antananarivo,19,4.1,3.7,123.0,1.7
2026062519,Dakar,39,49.0,13.7,132.0,1.7
2026062519,New_York,51,14.3,13.5,146.0,16.2
2026062519,Paris,51,13.9,9.1,164.0,8.6
2026062519,Tokyo,48,28.3,27.1,320.0,69.4
2026062520,Antananarivo,18,4.2,3.9,127.0,1.8
2026062520,Dakar,38,56.6,15.2,129.0,2.0
2026062520,New_York,47,15.5,14.2,153.0,17.8
2026062520,Paris,53,14.6,8.9,150.0,8.7
2026062520,Tokyo,50,29.5,28.3,328.0,70.7
2026062521,Antananarivo,18,4.1,3.9,127.0,1.8
2026062521,Dakar,36,63.1,16.6,126.0,2.2
2026062521,New_York,43,14.2,12.9,151.0,18.7
2026062521,Paris,49,16.9,9.8,142.0,8.3
2026062521,Tokyo,52,26.9,25.7,341.0,61.1
2026062522,Antananarivo,18,4.1,3.7,122.0,1.7
2026062522,Dakar,35,69.2,18.2,124.0,2.2
2026062522,New_York,38,13.6,12.0,144.0,19.9
2026062522,Paris,43,21.6,10.9,152.0,9.6
2026062522,Tokyo,53,28.1,27.1,367.0,64.0
2026062523,Antananarivo,18,4.1,3.7,114.0,1.6
2026062523,Dakar,34,76.6,19.9,121.0,2.1
2026062523,New_York,36,13.7,11.8,138.0,20.1
2026062523,Paris,41,22.0,11.8,155.0,13.3
2026062523,Tokyo,53,31.4,30.4,397.0,67.9
2026062600,Antananarivo,18,3.6,3.2,107.0,1.5
2026062600,Dakar,34,80.1,21.1,118.0,2.3
2026062600,New_York,35,14.2,12.0,135.0,18.1
2026062600,Paris,36,21.6,11.3,163.0,12.6
2026062600,Tokyo,54,34.5,33.4,411.0,70.6
2026062601,Antananarivo,18,3.5,3.1,103.0,1.4
2026062601,Dakar,35,91.3,23.3,113.0,2.2
2026062601,New_York,36,15.0,12.4,133.0,15.0
2026062601,Paris,32,20.1,10.3,176.0,12.7
2026062601,Tokyo,55,36.1,34.9,389.0,71.4
2026062602,Antananarivo,18,3.4,3.0,99.0,1.3
2026062602,Dakar,37,102.2,25.4,108.0,2.0
2026062602,New_York,35,15.9,13.1,131.0,13.0
2026062602,Paris,27,18.9,9.8,171.0,13.6
2026062602,Tokyo,56,36.2,34.9,349.0,70.9
2026062603,Antananarivo,18,3.2,2.7,98.0,1.3
2026062603,Dakar,40,113.4,27.6,103.0,1.9
2026062603,New_York,34,15.2,12.8,126.0,13.1
2026062603,Paris,25,18.2,9.5,172.0,11.3
2026062603,Tokyo,57,34.9,33.6,327.0,69.3
2026062604,Antananarivo,18,3.2,2.7,100.0,1.3
2026062604,Dakar,46,123.9,29.6,98.0,1.9
2026062604,New_York,31,14.7,12.6,121.0,14.3
2026062604,Paris,24,16.6,9.3,172.0,10.7
2026062604,Tokyo,58,31.5,30.7,341.0,66.6
2026062605,Antananarivo,18,3.3,2.6,103.0,1.3
2026062605,Dakar,55,125.7,30.0,95.0,2.0
2026062605,New_York,30,13.5,11.9,122.0,15.5
2026062605,Paris,22,15.6,9.5,176.0,12.5
2026062605,Tokyo,60,28.5,28.3,373.0,62.7
2026062606,Antananarivo,19,3.5,2.8,105.0,1.3
2026062606,Dakar,61,129.0,30.5,97.0,2.0
2026062606,New_York,29,13.4,12.0,133.0,16.8
2026062606,Paris,21,15.9,10.2,183.0,18.9
2026062606,Tokyo,60,27.5,27.4,397.0,57.0
2026062607,Antananarivo,20,4.8,4.2,104.0,1.1
2026062607,Dakar,62,130.9,30.7,111.0,2.0
2026062607,New_York,28,13.5,12.2,150.0,18.1
2026062607,Paris,21,18.6,12.7,203.0,32.1
2026062607,Tokyo,61,22.6,22.3,405.0,48.1
2026062608,Antananarivo,21,5.1,4.4,102.0,0.9
2026062608,Dakar,64,127.1,30.2,132.0,2.0
2026062608,New_York,32,15.4,13.9,163.0,15.7
2026062608,Paris,21,21.0,13.0,332.0,36.5
2026062608,Tokyo,61,19.6,18.3,406.0,37.5
2026062609,Antananarivo,22,4.0,3.4,99.0,0.7
2026062609,Dakar,66,123.9,29.7,144.0,1.9
2026062609,New_York,34,15.0,14.0,168.0,14.7
2026062609,Paris,21,20.1,13.5,331.0,37.6
2026062609,Tokyo,60,15.2,13.4,401.0,35.4
2026062610,Antananarivo,23,3.7,2.9,96.0,0.5
2026062610,Dakar,68,118.5,29.0,141.0,1.6
2026062610,New_York,37,13.4,12.8,168.0,13.4
2026062610,Paris,38,18.9,12.4,279.0,25.7
2026062610,Tokyo,60,15.6,13.2,394.0,28.1
2026062611,Antananarivo,24,3.6,2.7,94.0,0.3
2026062611,Dakar,69,112.7,28.2,130.0,1.2
2026062611,New_York,40,13.3,12.6,166.0,11.7
2026062611,Paris,55,18.0,11.7,232.0,14.2
2026062611,Tokyo,60,16.6,13.5,381.0,18.1
2026062612,Antananarivo,24,3.6,2.6,92.0,0.2
2026062612,Dakar,71,123.4,31.8,121.0,0.9
2026062612,New_York,48,12.7,12.1,162.0,9.5
2026062612,Paris,64,18.4,12.7,217.0,9.6
2026062612,Tokyo,59,13.9,11.1,352.0,10.8
2026062613,Antananarivo,25,3.8,2.7,91.0,0.1
2026062613,Dakar,73,122.9,31.5,117.0,0.8
2026062613,New_York,57,12.3,11.7,155.0,7.1
2026062613,Paris,64,17.9,12.6,210.0,7.3
2026062613,Tokyo,58,11.9,9.5,291.0,8.5
2026062614,Antananarivo,25,3.7,2.7,91.0,0.1
2026062614,Dakar,75,124.3,31.5,115.0,0.7
2026062614,New_York,61,11.6,11.0,150.0,5.4
2026062614,Paris,64,16.8,12.9,206.0,6.4
2026062614,Tokyo,56,9.1,7.6,214.0,8.8
2026062615,Antananarivo,24,4.4,3.2,94.0,0.4
2026062615,Dakar,76,124.3,31.5,115.0,0.6
2026062615,New_York,61,10.9,10.4,146.0,4.2
2026062615,Paris,63,15.6,13.3,203.0,6.4
2026062615,Tokyo,54,5.2,4.6,163.0,10.4
2026062616,Antananarivo,23,3.9,2.9,104.0,0.9
2026062616,Dakar,78,125.7,31.8,117.0,0.7
2026062616,New_York,60,10.3,9.8,142.0,3.7
2026062616,Paris,62,14.6,10.6,204.0,7.7
2026062616,Tokyo,52,5.0,4.9,162.0,13.4
2026062617,Antananarivo,21,3.9,3.0,118.0,1.5
2026062617,Dakar,80,123.4,31.3,121.0,0.8
2026062617,New_York,54,10.0,9.5,144.0,6.3
2026062617,Paris,63,14.4,11.6,215.0,11.1
2026062617,Tokyo,48,5.8,5.7,187.0,17.7
2026062618,Antananarivo,20,4.9,4.1,128.0,1.9
2026062618,Dakar,81,120.6,31.1,123.0,1.0
2026062618,New_York,43,10.1,9.6,155.0,14.6
2026062618,Paris,62,15.0,10.5,222.0,15.4
2026062618,Tokyo,45,7.3,7.2,207.0,21.2
2026062619,Antananarivo,18,5.0,4.5,130.0,1.9
2026062619,Dakar,83,117.8,30.6,122.0,1.2
2026062619,New_York,34,14.0,13.6,171.0,25.8
2026062619,Paris,62,15.3,10.0,216.0,17.5
2026062619,Tokyo,42,9.4,9.2,212.0,23.3
2026062620,Antananarivo,18,4.2,3.9,127.0,1.8
2026062620,Dakar,84,115.5,30.3,120.0,1.4
2026062620,New_York,26,31.4,30.5,184.0,45.9
2026062620,Paris,61,15.3,9.6,181.0,16.0
2026062620,Tokyo,40,10.4,10.0,212.0,24.5
2026062621,Antananarivo,18,3.4,3.2,122.0,1.6
2026062621,Dakar,85,113.2,29.7,117.0,1.5
2026062621,New_York,26,32.4,31.5,189.0,49.0
2026062621,Paris,61,14.8,9.6,178.0,16.0
2026062621,Tokyo,38,9.2,8.9,208.0,26.7
2026062622,Antananarivo,18,2.8,2.7,114.0,1.4
2026062622,Dakar,86,108.5,28.7,115.0,1.5
2026062622,New_York,27,32.9,32.1,190.0,52.8
2026062622,Paris,58,15.2,11.7,187.0,14.9
2026062622,Tokyo,37,9.3,9.0,199.0,27.7
2026062623,Antananarivo,19,2.1,2.1,104.0,1.3
2026062623,Dakar,86,101.7,27.0,112.0,1.3
2026062623,New_York,29,33.1,32.4,191.0,52.6
2026062623,Paris,39,17.3,10.9,178.0,16.4
2026062623,Tokyo,35,8.8,8.7,187.0,29.1
2026062700,Antananarivo,20,1.3,1.3,95.0,1.1
2026062700,Dakar,87,90.1,25.2,109.0,1.1
2026062700,New_York,31,32.1,31.3,192.0,44.3
2026062700,Paris,30,16.3,9.6,175.0,16.4
2026062700,Tokyo,33,11.6,11.5,177.0,30.2
2026062701,Antananarivo,20,0.9,0.8,90.0,0.9
2026062701,Dakar,87,93.6,25.2,103.0,1.0
2026062701,New_York,32,31.2,30.4,193.0,31.9
2026062701,Paris,27,16.8,8.3,167.0,17.6
2026062701,Tokyo,32,10.9,10.8,171.0,29.9
2026062702,Antananarivo,21,0.8,0.7,87.0,0.8
2026062702,Dakar,87,96.2,25.1,96.0,1.0
2026062702,New_York,34,30.7,29.9,193.0,23.0
2026062702,Paris,25,19.0,9.9,157.0,16.5
2026062702,Tokyo,30,7.9,7.9,166.0,29.3
2026062703,Antananarivo,22,0.7,0.6,85.0,0.6
2026062703,Dakar,87,102.0,25.7,91.0,0.9
2026062703,New_York,35,30.3,29.5,193.0,20.9
2026062703,Paris,24,19.6,11.3,146.0,12.4
2026062703,Tokyo,27,7.2,7.0,163.0,31.1
2026062704,Antananarivo,22,0.9,0.7,85.0,0.6
2026062704,Dakar,87,108.5,26.5,89.0,0.9
2026062704,New_York,36,29.9,29.2,192.0,22.1
2026062704,Paris,25,20.1,10.8,142.0,10.3
2026062704,Tokyo,25,7.7,7.5,158.0,37.9
2026062705,Antananarivo,22,1.1,0.9,86.0,0.7
2026062705,Dakar,86,118.7,27.8,89.0,1.0
2026062705,New_York,38,28.9,28.2,195.0,24.0
2026062705,Paris,25,19.2,10.1,139.0,9.4
2026062705,Tokyo,23,7.9,7.8,154.0,47.0
2026062706,Antananarivo,22,1.3,1.1,87.0,0.7
2026062706,Dakar,86,129.0,29.2,91.0,1.0
2026062706,New_York,39,28.6,28.0,206.0,26.8
2026062706,Paris,26,17.5,9.7,137.0,8.8
2026062706,Tokyo,25,11.6,11.6,160.0,52.9
2026062707,Antananarivo,23,2.0,1.7,89.0,0.6
2026062707,Dakar,86,135.5,30.3,98.0,1.0
2026062707,New_York,41,29.5,29.0,220.0,30.1
2026062707,Paris,24,16.9,10.5,145.0,10.1
2026062707,Tokyo,25,16.5,16.5,184.0,52.3
2026062708,Antananarivo,24,2.8,2.3,92.0,0.5
2026062708,Dakar,86,138.3,30.7,109.0,1.0
2026062708,New_York,44,17.3,17.2,226.0,32.1
2026062708,Paris,23,17.2,11.7,223.0,12.1
2026062708,Tokyo,23,14.5,14.4,219.0,48.6
2026062709,Antananarivo,24,3.8,2.8,94.0,0.4
2026062709,Dakar,86,136.4,30.6,115.0,0.9
2026062709,New_York,44,18.8,18.7,217.0,26.0
2026062709,Paris,27,15.4,11.9,231.0,12.5
2026062709,Tokyo,26,17.8,17.8,252.0,54.2
2026062710,Antananarivo,25,4.1,2.9,93.0,0.3
2026062710,Dakar,87,129.0,29.6,114.0,0.7
2026062710,New_York,45,17.4,17.3,201.0,17.6
2026062710,Paris,32,17.5,12.2,240.0,12.4
2026062710,Tokyo,26,20.1,20.0,278.0,53.9
2026062711,Antananarivo,25,3.8,2.6,90.0,0.3
2026062711,Dakar,87,129.0,29.4,109.0,0.5
2026062711,New_York,51,16.5,16.2,186.0,12.0
2026062711,Paris,38,18.3,12.7,249.0,12.1
2026062711,Tokyo,25,19.8,19.8,303.0,53.4
2026062712,Antananarivo,25,3.7,2.6,89.0,0.3
2026062712,Dakar,87,129.5,28.6,105.0,0.6
2026062712,New_York,56,18.5,18.0,177.0,11.7
2026062712,Paris,59,19.0,13.9,258.0,11.4
2026062712,Tokyo,25,19.8,19.8,333.0,53.1
2026062713,Antananarivo,25,3.5,2.5,89.0,0.3
2026062713,Dakar,87,132.7,28.9,104.0,0.5
2026062713,New_York,55,19.3,18.9,169.0,14.3
2026062713,Paris,62,17.4,14.5,274.0,9.4
2026062713,Tokyo,25,20.1,20.0,371.0,53.0
2026062714,Antananarivo,25,3.3,2.4,91.0,0.3
2026062714,Dakar,87,132.7,28.8,104.0,0.4
2026062714,New_York,55,22.4,21.9,164.0,17.2
2026062714,Paris,65,15.9,14.0,260.0,8.2
2026062714,Tokyo,25,22.1,21.9,414.0,53.0
2026062715,Antananarivo,24,5.0,3.4,93.0,0.4
2026062715,Dakar,88,128.1,28.1,105.0,0.4
2026062715,New_York,56,26.6,26.2,162.0,19.5
2026062715,Paris,65,15.6,13.8,248.0,6.1
2026062715,Tokyo,25,29.6,29.4,459.0,52.8
2026062716,Antananarivo,24,5.4,3.7,97.0,0.6
2026062716,Dakar,88,119.7,26.8,107.0,0.4
2026062716,New_York,56,28.6,28.2,163.0,22.3
2026062716,Paris,63,15.3,12.6,232.0,7.0
2026062716,Tokyo,26,28.9,28.7,523.0,52.5
2026062717,Antananarivo,22,6.1,4.3,103.0,1.0
2026062717,Dakar,87,106.6,24.9,110.0,0.5
2026062717,New_York,56,31.2,30.7,164.0,25.9
2026062717,Paris,61,14.7,10.2,234.0,9.4
2026062717,Tokyo,28,30.5,30.4,588.0,52.1
2026062718,Antananarivo,21,5.9,4.4,107.0,1.2
2026062718,Dakar,87,86.8,21.9,111.0,0.6
2026062718,New_York,60,27.4,26.7,166.0,30.0
2026062718,Paris,50,13.7,9.1,230.0,9.0
2026062718,Tokyo,30,26.7,26.6,597.0,51.3
2026062719,Antananarivo,20,5.4,4.4,108.0,1.3
2026062719,Dakar,87,69.6,19.2,110.0,0.7
2026062719,New_York,61,26.7,26.0,168.0,34.9
2026062719,Paris,55,14.2,11.3,223.0,10.7
2026062719,Tokyo,31,20.8,20.6,502.0,49.6
2026062720,Antananarivo,19,4.3,3.8,108.0,1.3
2026062720,Dakar,86,60.1,17.4,107.0,0.9
2026062720,New_York,61,34.3,33.4,172.0,33.4
2026062720,Paris,51,14.0,10.1,175.0,11.3
2026062720,Tokyo,32,15.4,15.3,352.0,47.6
2026062721,Antananarivo,19,3.8,3.3,106.0,1.3
2026062721,Dakar,85,55.6,16.3,105.0,1.0
2026062721,New_York,61,47.1,46.2,178.0,57.8
2026062721,Paris,42,13.4,8.7,162.0,10.7
2026062721,Tokyo,33,38.6,38.6,236.0,41.0
2026062722,Antananarivo,19,4.0,3.4,102.0,1.2
2026062722,Dakar,84,51.3,15.3,104.0,1.0
2026062722,New_York,62,57.2,56.2,186.0,91.5
2026062722,Paris,40,14.8,11.6,161.0,11.2
2026062722,Tokyo,35,42.7,42.5,193.0,41.7
2026062723,Antananarivo,20,4.1,3.3,95.0,1.0
2026062723,Dakar,83,49.1,14.5,102.0,1.0
2026062723,New_York,62,64.5,63.6,191.0,116.4
2026062723,Paris,36,15.0,10.9,174.0,13.0
2026062723,Tokyo,38,40.6,40.3,184.0,42.7
2026062800,Antananarivo,21,3.8,2.9,90.0,0.9
2026062800,Dakar,82,64.0,15.7,101.0,0.9
2026062800,New_York,63,68.2,67.3,192.0,124.1
2026062800,Paris,31,15.0,10.7,185.0,15.4
2026062800,Tokyo,41,49.7,49.4,184.0,43.3
2026062801,Antananarivo,21,3.9,2.8,86.0,0.8
2026062801,Dakar,82,75.2,17.3,99.0,0.9
2026062801,New_York,65,74.3,73.3,190.0,122.9
2026062801,Paris,28,14.3,11.9,188.0,17.1
2026062801,Tokyo,47,49.5,49.1,183.0,43.1
2026062802,Antananarivo,21,4.1,2.9,82.0,0.8
2026062802,Dakar,81,88.2,19.3,96.0,0.8
2026062802,New_York,66,76.8,75.9,190.0,120.4
2026062802,Paris,27,16.4,11.9,179.0,14.3
2026062802,Tokyo,54,48.7,48.3,190.0,42.5
2026062803,Antananarivo,22,4.0,2.8,81.0,0.7
2026062803,Dakar,81,104.1,21.9,94.0,0.8
2026062803,New_York,68,84.1,83.1,193.0,119.4
2026062803,Paris,27,15.4,12.2,169.0,12.4
2026062803,Tokyo,60,44.2,44.0,212.0,42.3
2026062804,Antananarivo,22,3.8,2.6,85.0,0.8
2026062804,Dakar,81,118.3,24.5,93.0,0.8
2026062804,New_York,69,88.9,88.0,196.0,117.1
2026062804,Paris,27,16.2,12.1,162.0,11.8
2026062804,Tokyo,61,37.4,37.3,262.0,42.3
2026062805,Antananarivo,22,4.0,2.8,91.0,0.9
2026062805,Dakar,81,124.3,25.8,92.0,0.9
2026062805,New_York,71,85.4,84.8,199.0,111.7
2026062805,Paris,26,16.0,11.7,162.0,10.8
2026062805,Tokyo,62,34.7,34.5,326.0,42.7
2026062806,Antananarivo,22,4.2,3.0,95.0,0.9
2026062806,Dakar,82,128.1,26.8,94.0,0.9
2026062806,New_York,73,81.0,80.6,200.0,102.9
2026062806,Paris,25,15.6,12.1,160.0,11.7
2026062806,Tokyo,63,36.8,36.6,367.0,44.8
2026062807,Antananarivo,22,5.0,3.8,96.0,0.8
2026062807,Dakar,82,129.0,27.3,101.0,0.9
2026062807,New_York,75,72.9,72.6,201.0,91.2
2026062807,Paris,25,19.0,12.2,192.0,12.1
2026062807,Tokyo,64,43.9,43.5,365.0,50.5
2026062808,Antananarivo,23,5.4,4.0,94.0,0.6
2026062808,Dakar,81,125.3,27.0,110.0,0.9
2026062808,New_York,76,67.1,66.6,197.0,76.2
2026062808,Paris,26,20.4,12.1,224.0,11.4
2026062808,Tokyo,65,44.6,44.0,340.0,58.0
2026062809,Antananarivo,24,6.3,4.6,93.0,0.4
2026062809,Dakar,81,120.6,26.3,116.0,0.9
2026062809,New_York,78,38.3,37.6,186.0,54.8
2026062809,Paris,29,18.6,11.7,214.0,8.1
2026062809,Tokyo,66,26.0,25.3,319.0,56.2
2026062810,Antananarivo,25,6.5,4.6,92.0,0.3
2026062810,Dakar,81,112.0,25.0,115.0,0.8
2026062810,New_York,79,28.6,27.9,171.0,30.1
2026062810,Paris,31,15.1,10.5,192.0,6.8
2026062810,Tokyo,66,25.2,24.2,317.0,55.8
2026062811,Antananarivo,26,6.1,4.3,90.0,0.2
2026062811,Dakar,81,104.1,23.7,111.0,0.6
2026062811,New_York,79,26.3,25.7,159.0,12.0
2026062811,Paris,34,12.8,8.4,162.0,4.8
2026062811,Tokyo,66,26.1,24.6,320.0,55.0
2026062812,Antananarivo,27,5.6,3.9,89.0,0.2
2026062812,Dakar,80,96.6,22.4,108.0,0.5
2026062812,New_York,79,28.1,27.4,153.0,5.6
2026062812,Paris,36,12.4,7.0,158.0,4.0
2026062812,Tokyo,66,22.6,20.3,308.0,52.5
2026062813,Antananarivo,28,5.0,3.4,89.0,0.2
2026062813,Dakar,80,85.2,20.6,106.0,0.4
2026062813,New_York,80,30.7,29.9,151.0,5.7
2026062813,Paris,37,10.7,6.3,153.0,4.0
2026062813,Tokyo,67,19.6,16.5,260.0,46.4
2026062814,Antananarivo,28,4.6,3.2,89.0,0.2
2026062814,Dakar,79,76.1,19.2,105.0,0.4
2026062814,New_York,80,30.7,29.8,147.0,6.5
2026062814,Paris,36,9.0,5.9,139.0,3.3
2026062814,Tokyo,66,20.0,16.8,198.0,38.6
2026062815,Antananarivo,28,4.2,3.0,90.0,0.3
2026062815,Dakar,78,68.7,17.8,105.0,0.4
2026062815,New_York,80,30.3,29.2,139.0,5.6
2026062815,Paris,33,7.7,6.2,140.0,3.0
2026062815,Tokyo,66,21.2,17.8,169.0,33.3
2026062816,Antananarivo,26,4.3,3.0,93.0,0.5
2026062816,Dakar,77,63.6,16.5,105.0,0.5
2026062816,New_York,80,29.4,28.3,131.0,5.3
2026062816,Paris,34,6.5,4.8,144.0,3.2
2026062816,Tokyo,66,23.1,19.3,211.0,32.4
2026062817,Antananarivo,24,5.0,3.7,98.0,0.8
2026062817,Dakar,76,59.5,15.7,106.0,0.6
2026062817,New_York,80,28.5,27.2,127.0,6.7
2026062817,Paris,32,5.9,4.3,153.0,3.6
2026062817,Tokyo,66,22.1,18.0,285.0,34.0
2026062818,Antananarivo,22,5.9,4.5,102.0,1.1
2026062818,Dakar,75,65.9,16.2,107.0,0.7
2026062818,New_York,80,27.8,26.5,132.0,10.5
2026062818,Paris,31,5.7,4.3,145.0,4.0
2026062818,Tokyo,65,21.7,17.8,328.0,37.0
2026062819,Antananarivo,20,6.8,5.4,107.0,1.4
2026062819,Dakar,75,73.8,17.3,107.0,0.8
2026062819,New_York,80,27.2,25.7,143.0,15.9
2026062819,Paris,32,4.8,3.3,148.0,5.2
2026062819,Tokyo,65,25.3,22.1,303.0,41.9
2026062820,Antananarivo,18,7.0,5.9,112.0,1.7
2026062820,Dakar,75,86.6,19.3,106.0,0.9
2026062820,New_York,80,21.4,20.3,153.0,23.0
2026062820,Paris,29,4.7,3.2,118.0,6.6
2026062820,Tokyo,65,26.0,22.7,247.0,48.2
2026062821,Antananarivo,17,7.0,6.0,113.0,1.8
2026062821,Dakar,75,104.1,22.1,105.0,1.0
2026062821,New_York,80,23.6,21.9,160.0,28.6
2026062821,Paris,27,4.5,3.2,117.0,7.8
2026062821,Tokyo,65,27.6,24.6,201.0,53.3
2026062822,Antananarivo,18,6.7,5.8,107.0,1.7
2026062822,Dakar,76,120.6,24.8,104.0,1.1
2026062822,New_York,79,25.0,22.6,166.0,36.6
2026062822,Paris,27,5.8,3.6,120.0,7.6
2026062822,Tokyo,65,29.4,26.5,181.0,56.7
2026062823,Antananarivo,19,5.8,4.8,97.0,1.4
2026062823,Dakar,77,133.2,27.1,103.0,1.1
2026062823,New_York,78,26.2,23.6,174.0,43.8
2026062823,Paris,26,5.6,3.8,120.0,6.4
2026062823,Tokyo,64,30.7,28.0,172.0,59.0
2026062900,Antananarivo,20,5.1,4.1,90.0,1.2
2026062900,Dakar,79,111.5,23.0,102.0,1.2
2026062900,New_York,77,27.2,24.6,183.0,48.5
2026062900,Paris,24,6.5,4.5,123.0,6.2
2026062900,Tokyo,64,30.9,28.2,165.0,59.2
2026062901,Antananarivo,20,4.7,3.7,89.0,1.1
2026062901,Dakar,80,122.9,24.9,100.0,1.2
2026062901,New_York,75,29.4,26.5,193.0,52.5
2026062901,Paris,23,7.6,4.7,119.0,6.2
2026062901,Tokyo,63,29.3,26.4,158.0,56.3
2026062902,Antananarivo,20,4.6,3.5,90.0,1.0
2026062902,Dakar,80,122.0,25.3,98.0,1.1
2026062902,New_York,74,33.8,30.5,207.0,58.0
2026062902,Paris,22,7.6,4.7,119.0,5.8
2026062902,Tokyo,62,27.1,24.2,153.0,51.4
2026062903,Antananarivo,22,3.6,2.6,93.0,0.9
2026062903,Dakar,81,111.3,24.3,96.0,1.1
2026062903,New_York,72,37.6,34.0,229.0,68.1
2026062903,Paris,22,7.4,4.7,117.0,5.8
2026062903,Tokyo,61,24.0,20.9,153.0,46.7
2026062904,Antananarivo,22,3.5,2.6,97.0,1.0
2026062904,Dakar,81,97.8,22.9,95.0,1.1
2026062904,New_York,70,42.4,38.5,253.0,79.7
2026062904,Paris,22,6.8,4.1,114.0,5.0
2026062904,Tokyo,61,18.7,16.6,159.0,42.7
2026062905,Antananarivo,22,3.5,2.6,102.0,1.1
2026062905,Dakar,81,81.7,21.1,94.0,1.1
2026062905,New_York,69,47.1,43.4,269.0,85.2
2026062905,Paris,21,6.9,4.1,112.0,5.2
2026062905,Tokyo,60,17.0,15.3,169.0,38.9
2026062906,Antananarivo,22,3.6,2.7,107.0,1.1
2026062906,Dakar,80,66.4,19.6,96.0,1.1
2026062906,New_York,67,50.9,48.0,269.0,80.9
2026062906,Paris,20,8.3,4.5,115.0,8.5
2026062906,Tokyo,57,16.8,15.1,179.0,35.9
2026062907,Antananarivo,23,4.4,3.5,112.0,1.0
2026062907,Dakar,79,54.1,18.8,103.0,1.1
2026062907,New_York,66,47.0,46.3,260.0,70.5
2026062907,Paris,18,10.2,5.3,135.0,15.6
2026062907,Tokyo,53,18.9,16.6,188.0,33.9
2026062908,Antananarivo,24,4.8,4.0,117.0,0.8
2026062908,Dakar,78,42.3,18.1,113.0,1.1
2026062908,New_York,65,43.5,40.0,249.0,49.2
2026062908,Paris,16,12.1,6.7,183.0,20.7
2026062908,Tokyo,49,17.6,15.3,196.0,32.7
2026062909,Antananarivo,24,4.0,3.3,118.0,0.6
2026062909,Dakar,76,33.1,17.9,119.0,1.0
2026062909,New_York,65,36.4,33.6,237.0,38.7
2026062909,Paris,17,12.7,6.8,179.0,18.3
2026062909,Tokyo,44,19.0,17.3,200.0,28.8
2026062910,Antananarivo,24,3.0,2.4,111.0,0.5
2026062910,Dakar,75,28.9,18.3,119.0,0.8
2026062910,New_York,64,30.9,29.8,222.0,24.1
2026062910,Paris,19,12.4,6.6,167.0,14.9
2026062910,Tokyo,43,20.3,18.6,194.0,29.2
2026062911,Antananarivo,24,2.8,2.2,99.0,0.4
2026062911,Dakar,74,27.0,18.9,115.0,0.6
2026062911,New_York,64,26.1,25.4,209.0,12.7
2026062911,Paris,22,11.8,6.5,159.0,11.2
2026062911,Tokyo,42,19.0,17.3,184.0,30.1
2026062912,Antananarivo,24,2.5,2.0,91.0,0.4
2026062912,Dakar,72,29.5,19.7,112.0,0.5
2026062912,New_York,67,22.7,22.2,198.0,7.7
2026062912,Paris,26,11.5,6.3,156.0,8.4
2026062912,Tokyo,40,20.3,18.6,177.0,32.0
2026062913,Antananarivo,25,2.5,1.9,89.0,0.3
2026062913,Dakar,71,27.1,19.4,109.0,0.5
2026062913,New_York,67,21.7,21.2,187.0,5.9
2026062913,Paris,31,11.6,6.3,163.0,8.3
2026062913,Tokyo,40,21.5,19.9,170.0,35.7
2026062914,Antananarivo,25,2.4,1.9,90.0,0.2
2026062914,Dakar,70,26.9,19.1,106.0,0.4
2026062914,New_York,68,21.4,20.8,177.0,5.1
2026062914,Paris,35,11.1,6.5,168.0,7.5
2026062914,Tokyo,41,19.1,17.7,168.0,40.5
2026062915,Antananarivo,25,3.6,2.6,94.0,0.4
2026062915,Dakar,69,26.7,18.7,105.0,0.4
2026062915,New_York,69,22.2,21.7,165.0,4.1
2026062915,Paris,37,10.5,6.3,165.0,7.2
2026062915,Tokyo,41,16.8,15.3,189.0,45.5
2026062916,Antananarivo,24,3.8,2.8,101.0,0.8
2026062916,Dakar,69,27.0,18.6,107.0,0.5
2026062916,New_York,70,22.4,21.8,154.0,4.1
2026062916,Paris,39,10.2,6.0,156.0,7.7
2026062916,Tokyo,40,16.3,15.0,255.0,50.3
2026062917,Antananarivo,22,4.5,3.4,111.0,1.4
2026062917,Dakar,68,27.9,19.0,111.0,0.7
2026062917,New_York,70,22.6,22.1,148.0,6.1
2026062917,Paris,38,10.3,5.7,150.0,8.1
2026062917,Tokyo,40,20.0,18.9,345.0,55.3
2026062918,Antananarivo,21,5.7,4.6,118.0,1.9
2026062918,Dakar,67,29.7,20.1,114.0,0.8
2026062918,New_York,68,23.3,22.8,150.0,11.8
2026062918,Paris,37,10.2,5.5,154.0,9.9
2026062918,Tokyo,40,21.8,20.4,415.0,61.1
2026062919,Antananarivo,19,6.9,5.8,121.0,2.3
2026062919,Dakar,67,32.6,21.8,114.0,0.9
2026062919,New_York,64,24.2,23.7,156.0,19.5
2026062919,Paris,36,9.3,5.0,155.0,11.6
2026062919,Tokyo,40,34.0,32.2,445.0,69.3
2026062920,Antananarivo,18,7.5,6.6,121.0,2.7
2026062920,Dakar,66,34.7,22.8,113.0,0.9
2026062920,New_York,63,26.4,25.6,163.0,27.8
2026062920,Paris,36,8.9,4.6,126.0,10.9
2026062920,Tokyo,42,41.1,39.2,455.0,78.3
2026062921,Antananarivo,16,7.9,7.1,118.0,2.8
2026062921,Dakar,65,36.3,23.5,112.0,0.9
2026062921,New_York,63,22.6,21.9,169.0,29.1
2026062921,Paris,34,8.8,4.5,125.0,10.4
2026062921,Tokyo,45,42.7,40.7,460.0,92.4
2026062922,Antananarivo,17,7.5,6.8,110.0,2.5
2026062922,Dakar,64,37.3,23.6,110.0,0.9
2026062922,New_York,63,20.0,19.2,175.0,30.8
2026062922,Paris,32,8.7,4.4,129.0,10.5
2026062922,Tokyo,47,39.1,37.6,465.0,90.3
2026062923,Antananarivo,18,6.3,5.7,99.0,2.0
2026062923,Dakar,63,38.2,23.7,108.0,0.8
2026062923,New_York,63,18.6,17.8,177.0,31.6
2026062923,Paris,29,8.7,4.5,132.0,10.9
2026062923,Tokyo,49,42.0,40.4,466.0,87.5
2026063000,Antananarivo,18,4.9,4.1,92.0,1.6
2026063000,Dakar,61,43.0,26.9,105.0,0.7
2026063000,New_York,63,18.2,17.3,173.0,30.6
2026063000,Paris,27,9.7,4.7,130.0,10.5
2026063000,Tokyo,51,51.0,49.4,462.0,86.5
2026063001,Antananarivo,19,4.2,3.4,90.0,1.4
2026063001,Dakar,60,44.8,27.2,102.0,0.7
2026063001,New_York,62,18.2,17.3,166.0,28.7
2026063001,Paris,26,10.3,5.0,131.0,10.7
2026063001,Tokyo,55,58.0,56.3,450.0,89.5
2026063002,Antananarivo,19,3.8,3.1,91.0,1.3
2026063002,Dakar,54,47.4,28.1,98.0,0.6
2026063002,New_York,62,17.9,16.9,161.0,27.4
2026063002,Paris,24,11.1,5.0,125.0,9.6
2026063002,Tokyo,60,58.1,56.8,433.0,94.2
2026063003,Antananarivo,22,3.8,2.9,95.0,1.0
2026063003,Dakar,48,49.8,28.9,95.0,0.6
2026063003,New_York,62,17.3,16.3,160.0,27.4
2026063003,Paris,24,11.1,4.9,125.0,8.1
2026063003,Tokyo,61,38.1,37.1,424.0,96.5
2026063004,Antananarivo,22,3.8,2.8,102.0,1.1
2026063004,Dakar,46,50.4,28.6,93.0,0.5
2026063004,New_York,61,16.6,15.5,160.0,28.0
2026063004,Paris,23,10.0,4.9,125.0,7.6
2026063004,Tokyo,62,32.1,31.4,432.0,94.8
2026063005,Antananarivo,21,3.9,2.9,111.0,1.3
2026063005,Dakar,47,53.1,29.2,92.0,0.4
2026063005,New_York,60,16.4,15.2,163.0,28.1
2026063005,Paris,23,10.0,4.9,129.0,8.1
2026063005,Tokyo,62,31.2,30.7,448.0,90.7
2026063006,Antananarivo,22,4.1,3.1,118.0,1.3
2026063006,Dakar,48,56.3,29.7,94.0,0.4
2026063006,New_York,57,16.4,15.1,171.0,27.5
2026063006,Paris,21,10.7,5.1,133.0,11.9
2026063006,Tokyo,63,35.5,35.2,451.0,84.7
2026063007,Antananarivo,22,5.1,4.0,121.0,1.2
2026063007,Dakar,50,59.1,29.1,100.0,0.5
2026063007,New_York,52,16.4,15.0,181.0,26.4
2026063007,Paris,18,12.1,5.5,140.0,19.3
2026063007,Tokyo,63,41.3,40.6,432.0,75.7
2026063008,Antananarivo,24,6.2,4.9,123.0,0.9
2026063008,Dakar,52,62.9,28.3,109.0,0.5
2026063008,New_York,46,20.1,18.6,186.0,23.4
2026063008,Paris,18,14.9,6.8,227.0,26.2
2026063008,Tokyo,64,28.4,27.6,400.0,64.8
2026063009,Antananarivo,25,6.0,4.6,120.0,0.7
2026063009,Dakar,54,67.3,27.8,115.0,0.6
2026063009,New_York,43,19.8,18.1,181.0,19.5
2026063009,Paris,18,16.2,7.9,247.0,27.3
2026063009,Tokyo,64,23.6,23.3,367.0,58.8
2026063010,Antananarivo,25,4.8,3.7,110.0,0.5
2026063010,Dakar,55,69.6,27.0,116.0,0.6
2026063010,New_York,50,18.0,16.5,170.0,14.0
2026063010,Paris,21,16.5,8.6,238.0,24.4
2026063010,Tokyo,65,17.8,17.3,328.0,57.2
2026063011,Antananarivo,25,3.5,2.6,97.0,0.4
2026063011,Dakar,57,73.6,27.1,115.0,0.5
2026063011,New_York,62,16.5,15.7,160.0,9.5
2026063011,Paris,26,16.1,8.7,220.0,17.6
2026063011,Tokyo,65,18.2,17.5,287.0,55.1
2026063012,Antananarivo,24,2.8,2.1,88.0,0.3
2026063012,Dakar,58,73.1,23.7,113.0,0.4
2026063012,New_York,65,17.9,17.2,154.0,6.7
2026063012,Paris,35,16.0,8.3,201.0,13.5
2026063012,Tokyo,65,19.5,18.3,269.0,54.3
2026063013,Antananarivo,24,2.2,1.7,86.0,0.2
2026063013,Dakar,59,77.3,24.3,110.0,0.4
2026063013,New_York,67,18.5,17.8,149.0,4.8
2026063013,Paris,41,14.7,7.9,196.0,10.3
2026063013,Tokyo,65,21.0,19.6,296.0,55.6
2026063014,Antananarivo,24,2.1,1.7,89.0,0.2
2026063014,Dakar,59,80.8,25.0,107.0,0.4
2026063014,New_York,67,18.2,17.5,145.0,4.0
2026063014,Paris,49,14.0,7.9,205.0,10.2
2026063014,Tokyo,65,22.8,21.3,344.0,58.3
2026063015,Antananarivo,23,4.3,3.0,95.0,0.4
2026063015,Dakar,60,82.9,25.4,106.0,0.5
2026063015,New_York,67,17.6,17.0,142.0,4.1
2026063015,Paris,53,14.2,8.5,213.0,11.2
2026063015,Tokyo,65,24.1,22.4,370.0,61.8
2026063016,Antananarivo,22,4.4,3.2,106.0,0.9
2026063016,Dakar,61,84.1,25.7,109.0,0.6
2026063016,New_York,66,18.9,18.3,141.0,5.3
2026063016,Paris,57,14.4,8.4,204.0,11.4
2026063016,Tokyo,65,25.3,23.2,342.0,65.9
2026063017,Antananarivo,20,4.7,3.5,121.0,1.5
2026063017,Dakar,62,85.2,26.0,114.0,0.8
2026063017,New_York,64,20.2,19.5,142.0,7.6
2026063017,Paris,57,14.2,7.9,191.0,10.6
2026063017,Tokyo,65,27.5,24.6,291.0,70.9
2026063018,Antananarivo,19,5.7,4.7,131.0,2.1
2026063018,Dakar,63,86.8,26.1,117.0,0.9
2026063018,New_York,61,20.0,19.4,147.0,12.1
2026063018,Paris,49,13.6,7.3,183.0,12.9
2026063018,Tokyo,65,31.3,27.4,265.0,76.7
2026063019,Antananarivo,18,7.2,6.3,135.0,2.5
2026063019,Dakar,64,88.2,26.4,117.0,1.1
2026063019,New_York,53,19.2,18.6,154.0,17.6
2026063019,Paris,40,12.4,6.3,171.0,13.7
2026063019,Tokyo,66,41.8,38.3,299.0,84.1
2026063020,Antananarivo,17,7.6,7.0,135.0,2.8
2026063020,Dakar,65,89.6,26.6,115.0,1.2
2026063020,New_York,44,16.6,16.2,158.0,24.3
2026063020,Paris,38,11.0,5.5,133.0,10.9
2026063020,Tokyo,66,50.6,47.4,359.0,92.3
2026063021,Antananarivo,16,7.4,6.8,131.0,2.9
2026063021,Dakar,66,90.3,26.8,113.0,1.3
2026063021,New_York,39,14.3,14.0,156.0,24.6
2026063021,Paris,35,10.1,5.2,133.0,11.6
2026063021,Tokyo,66,45.6,41.7,388.0,85.6
2026063022,Antananarivo,17,7.4,6.8,118.0,2.5
2026063022,Dakar,67,89.6,27.1,110.0,1.3
2026063022,New_York,34,12.7,12.4,151.0,24.9
2026063022,Paris,34,10.0,5.0,133.0,10.8
2026063022,Tokyo,66,52.5,48.7,353.0,83.1
2026063023,Antananarivo,18,6.1,5.3,101.0,1.9
2026063023,Dakar,67,88.2,27.4,107.0,1.2
2026063023,New_York,34,12.5,11.8,146.0,24.2
2026063023,Paris,32,10.5,5.4,137.0,13.3
2026063023,Tokyo,67,61.0,57.4,288.0,79.7
2026070100,Antananarivo,20,4.6,3.9,89.0,1.4
2026070100,Dakar,68,83.4,26.3,103.0,0.8
2026070100,New_York,33,13.3,12.0,140.0,21.4
2026070100,Paris,27,10.3,5.7,140.0,13.7
2026070100,Tokyo,67,61.0,57.6,241.0,76.8
2026070101,Antananarivo,20,4.0,3.3,86.0,1.2
2026070101,Dakar,69,83.1,26.1,99.0,0.7
2026070101,New_York,33,15.0,13.0,134.0,17.6
2026070101,Paris,25,9.0,5.4,131.0,10.1
2026070101,Tokyo,67,56.2,53.0,234.0,75.1
2026070102,Antananarivo,20,3.7,3.0,88.0,1.1
2026070102,Dakar,70,83.1,26.1,95.0,0.6
2026070102,New_York,32,15.1,13.0,129.0,14.7
2026070102,Paris,24,8.1,4.5,118.0,6.9
2026070102,Tokyo,67,56.7,54.2,246.0,73.9
2026070103,Antananarivo,21,3.1,2.4,92.0,0.9
2026070103,Dakar,70,83.8,26.4,93.0,0.6
2026070103,New_York,32,14.5,12.5,126.0,13.6
2026070103,Paris,24,8.6,4.6,113.0,6.0
2026070103,Tokyo,67,55.5,53.6,256.0,72.6
2026070104,Antananarivo,21,3.2,2.4,96.0,0.9
2026070104,Dakar,71,82.2,26.3,92.0,0.6
2026070104,New_York,32,14.1,12.1,125.0,13.5
2026070104,Paris,24,9.5,5.2,117.0,5.7
2026070104,Tokyo,68,54.6,53.0,259.0,70.4
2026070105,Antananarivo,21,3.4,2.5,102.0,1.0
2026070105,Dakar,71,82.9,27.0,92.0,0.7
2026070105,New_York,31,12.8,11.0,126.0,13.5
2026070105,Paris,23,10.4,5.5,119.0,7.0
2026070105,Tokyo,68,55.3,53.6,261.0,67.9
2026070106,Antananarivo,21,3.8,2.8,108.0,1.0
2026070106,Dakar,72,81.5,26.7,95.0,0.8
2026070106,New_York,31,12.5,10.7,129.0,13.7
2026070106,Paris,22,11.1,5.5,123.0,11.2
2026070106,Tokyo,69,54.7,52.3,263.0,66.9
2026070107,Antananarivo,22,4.9,3.6,116.0,0.9
2026070107,Dakar,72,79.6,26.5,103.0,0.9
2026070107,New_York,31,13.0,11.1,134.0,14.1
2026070107,Paris,20,11.6,6.2,130.0,16.7
2026070107,Tokyo,70,52.4,48.9,268.0,68.3
2026070108,Antananarivo,23,5.3,4.0,124.0,0.8
2026070108,Dakar,72,78.9,26.5,113.0,1.0
2026070108,New_York,30,10.4,8.9,140.0,14.9
2026070108,Paris,20,13.8,6.9,173.0,19.3
2026070108,Tokyo,70,48.1,45.6,274.0,71.0
2026070109,Antananarivo,24,5.8,4.3,127.0,0.7
2026070109,Dakar,73,78.2,26.5,120.0,1.1
2026070109,New_York,39,13.2,11.4,148.0,13.2
2026070109,Paris,24,13.4,6.1,163.0,14.8
2026070109,Tokyo,71,43.1,41.2,272.0,58.6
2026070110,Antananarivo,24,6.0,4.4,120.0,0.6
2026070110,Dakar,73,77.8,26.7,122.0,1.0
2026070110,New_York,61,16.9,14.7,158.0,10.7
2026070110,Paris,25,11.4,5.6,157.0,10.5
2026070110,Tokyo,71,42.5,40.9,246.0,58.8
2026070111,Antananarivo,25,5.4,3.9,108.0,0.4
2026070111,Dakar,73,76.8,26.9,121.0,0.8
2026070111,New_York,67,21.4,18.4,163.0,8.5
2026070111,Paris,27,9.2,5.1,144.0,7.6
2026070111,Tokyo,72,39.7,38.0,212.0,59.3
2026070112,Antananarivo,26,4.9,3.5,99.0,0.3
2026070112,Dakar,73,116.2,43.3,120.0,0.7
2026070112,New_York,69,26.0,21.6,161.0,6.8
2026070112,Paris,27,9.4,4.8,142.0,7.6
2026070112,Tokyo,73,40.6,38.0,211.0,62.2
2026070113,Antananarivo,26,4.6,3.3,94.0,0.2
2026070113,Dakar,74,115.5,43.1,118.0,0.7
2026070113,New_York,70,28.8,23.5,154.0,5.3
2026070113,Paris,28,8.7,4.6,141.0,6.2
2026070113,Tokyo,73,38.1,36.0,273.0,69.9
2026070114,Antananarivo,27,4.7,3.3,93.0,0.1
2026070114,Dakar,74,115.3,42.7,116.0,0.7
2026070114,New_York,70,28.5,23.1,149.0,4.4
2026070114,Paris,28,8.3,4.5,137.0,6.1
2026070114,Tokyo,74,39.0,36.2,368.0,79.8
2026070115,Antananarivo,27,5.8,4.1,96.0,0.3
2026070115,Dakar,75,115.9,42.5,115.0,0.7
2026070115,New_York,68,27.3,22.1,145.0,3.9
2026070115,Paris,29,8.4,4.7,139.0,6.3
2026070115,Tokyo,74,38.8,36.4,450.0,86.6
2026070116,Antananarivo,25,5.7,4.1,108.0,1.0
2026070116,Dakar,76,117.6,42.7,118.0,0.8
2026070116,New_York,66,27.0,21.6,144.0,4.0
2026070116,Paris,29,8.3,4.4,139.0,5.7
2026070116,Tokyo,75,37.3,35.0,515.0,87.7
2026070117,Antananarivo,23,6.0,4.5,125.0,1.9
2026070117,Dakar,76,118.3,42.6,123.0,1.0
2026070117,New_York,64,26.4,21.2,150.0,5.7
2026070117,Paris,29,7.8,3.9,141.0,6.0
2026070117,Tokyo,75,34.9,32.9,567.0,85.6
2026070118,Antananarivo,21,8.2,6.8,141.0,2.8
2026070118,Dakar,77,118.7,42.5,125.0,1.2
2026070118,New_York,62,26.9,22.4,171.0,8.9
2026070118,Paris,28,7.1,3.7,141.0,6.3
2026070118,Tokyo,76,33.9,32.0,577.0,82.1
2026070119,Antananarivo,19,9.5,8.2,156.0,3.4
2026070119,Dakar,77,118.3,41.9,123.0,1.4
2026070119,New_York,59,25.5,21.9,200.0,13.7
2026070119,Paris,27,7.0,3.5,142.0,7.7
2026070119,Tokyo,76,32.9,31.2,514.0,77.1
2026070120,Antananarivo,17,10.9,9.6,168.0,3.9
2026070120,Dakar,78,117.8,41.1,118.0,1.5
2026070120,New_York,35,28.3,25.7,226.0,34.0
2026070120,Paris,26,6.2,3.2,115.0,7.5
2026070120,Tokyo,75,31.0,29.2,409.0,70.7
2026070121,Antananarivo,15,12.3,11.3,170.0,4.4
2026070121,Dakar,78,116.9,40.3,114.0,1.6
2026070121,New_York,33,29.7,27.1,250.0,45.5
2026070121,Paris,25,6.3,3.3,115.0,7.7
2026070121,Tokyo,75,32.8,29.0,323.0,68.1
2026070122,Antananarivo,14,15.1,14.2,151.0,5.0
2026070122,Dakar,79,115.9,39.5,113.0,1.6
2026070122,New_York,34,32.4,29.9,272.0,61.2
2026070122,Paris,23,5.8,3.4,118.0,8.3
2026070122,Tokyo,74,32.7,29.3,279.0,66.2
2026070123,Antananarivo,12,17.0,16.1,121.0,5.6
2026070123,Dakar,79,114.3,38.6,112.0,1.5
2026070123,New_York,35,34.5,32.4,276.0,71.3
2026070123,Paris,23,6.4,3.4,120.0,10.1
2026070123,Tokyo,74,30.9,27.2,254.0,63.3
2026070200,Antananarivo,12,15.7,14.7,99.0,5.9
2026070200,Dakar,80,125.3,43.2,110.0,1.4
2026070200,New_York,37,34.9,32.6,248.0,71.1
2026070200,Paris,21,6.3,3.5,127.0,10.8
2026070200,Tokyo,73,26.0,22.6,241.0,58.6
2026070201,Antananarivo,12,14.6,13.7,95.0,5.6
2026070201,Dakar,80,124.3,42.5,105.0,1.3
2026070201,New_York,38,34.3,31.9,203.0,65.3
2026070201,Paris,20,6.4,3.6,128.0,10.9
2026070201,Tokyo,72,21.8,18.9,240.0,50.1
2026070202,Antananarivo,13,13.1,12.2,99.0,5.0
2026070202,Dakar,81,121.1,41.4,99.0,1.3
2026070202,New_York,40,32.8,30.3,171.0,58.3
2026070202,Paris,20,6.3,4.1,124.0,9.6
2026070202,Tokyo,71,18.7,16.4,250.0,39.9
2026070203,Antananarivo,13,13.6,12.6,106.0,4.8
2026070203,Dakar,82,117.6,40.3,95.0,1.2
2026070203,New_York,43,30.3,27.8,165.0,50.5
2026070203,Paris,20,6.3,4.1,118.0,8.2
2026070203,Tokyo,69,16.5,14.7,262.0,33.5
2026070204,Antananarivo,14,12.2,11.1,115.0,4.5
2026070204,Dakar,82,114.3,39.2,92.0,1.1
2026070204,New_York,46,27.1,24.9,172.0,41.5
2026070204,Paris,20,6.1,4.1,116.0,7.4
2026070204,Tokyo,68,14.9,13.6,274.0,33.8
2026070205,Antananarivo,15,11.0,10.1,127.0,4.2
2026070205,Dakar,83,112.5,38.5,91.0,1.1
2026070205,New_York,48,24.8,22.8,181.0,34.1
2026070205,Paris,20,6.4,3.9,115.0,7.7
2026070205,Tokyo,67,14.3,13.4,288.0,37.9
2026070206,Antananarivo,16,9.5,8.7,137.0,3.6
2026070206,Dakar,83,110.4,37.8,95.0,1.1
2026070206,New_York,50,23.7,21.9,190.0,30.3
2026070206,Paris,18,6.9,4.5,116.0,9.3
2026070206,Tokyo,65,15.7,15.0,300.0,42.3
2026070207,Antananarivo,18,8.9,8.0,144.0,2.7
2026070207,Dakar,84,109.2,37.4,106.0,1.2
2026070207,New_York,52,23.8,22.1,201.0,28.1
2026070207,Paris,17,7.2,4.4,122.0,14.7
2026070207,Tokyo,64,20.2,19.8,311.0,46.4
2026070208,Antananarivo,22,7.2,6.4,148.0,1.6
2026070208,Dakar,84,108.3,37.1,122.0,1.3
2026070208,New_York,53,30.3,26.3,205.0,21.1
2026070208,Paris,17,7.9,4.8,166.0,16.0
2026070208,Tokyo,63,17.3,16.9,320.0,50.9
2026070209,Antananarivo,26,6.7,5.8,147.0,0.8
2026070209,Dakar,85,107.6,37.0,136.0,1.3
2026070209,New_York,56,30.7,26.1,198.0,16.5
2026070209,Paris,19,8.0,4.7,160.0,13.5
2026070209,Tokyo,62,15.9,15.7,314.0,59.6
2026070210,Antananarivo,28,6.0,5.1,137.0,0.4
2026070210,Dakar,85,107.1,37.0,146.0,1.2
2026070210,New_York,63,32.6,27.1,185.0,10.1
2026070210,Paris,19,8.0,4.5,149.0,10.9
2026070210,Tokyo,61,15.3,15.2,281.0,55.9
2026070211,Antananarivo,30,5.0,4.1,122.0,0.3
2026070211,Dakar,86,106.9,37.3,154.0,1.0
2026070211,New_York,67,33.1,26.5,174.0,5.3
2026070211,Paris,22,7.0,4.2,139.0,8.8
2026070211,Tokyo,60,13.1,13.1,232.0,50.5
2026070212,Antananarivo,30,4.5,3.6,112.0,0.3
2026070212,Dakar,86,102.9,36.6,157.0,0.8
2026070212,New_York,68,32.1,24.8,166.0,3.5
2026070212,Paris,21,6.6,4.4,136.0,7.3
2026070212,Tokyo,58,11.6,11.6,193.0,45.1
2026070213,Antananarivo,31,4.4,3.5,108.0,0.1
2026070213,Dakar,86,103.8,37.1,150.0,0.8
2026070213,New_York,66,30.9,23.5,159.0,3.3
2026070213,Paris,20,6.3,4.4,134.0,6.7
2026070213,Tokyo,54,13.6,13.6,171.0,39.4
2026070214,Antananarivo,31,4.6,3.5,108.0,0.0
2026070214,Dakar,86,104.8,37.7,137.0,0.8
2026070214,New_York,65,28.5,21.6,157.0,3.4
2026070214,Paris,19,6.4,4.2,131.0,6.1
2026070214,Tokyo,50,14.2,14.2,158.0,33.7
2026070215,Antananarivo,29,6.1,4.2,117.0,0.4
2026070215,Dakar,85,104.8,37.8,128.0,0.8
2026070215,New_York,64,24.9,19.2,158.0,2.9
2026070215,Paris,19,6.4,4.2,131.0,5.9
2026070215,Tokyo,46,13.4,13.4,156.0,29.9
2026070216,Antananarivo,26,6.3,4.5,142.0,1.5
2026070216,Dakar,85,103.8,37.7,127.0,1.0
2026070216,New_York,64,21.9,17.1,162.0,2.6
2026070216,Paris,19,6.4,4.1,132.0,5.7
2026070216,Tokyo,42,11.3,11.2,171.0,29.0
2026070217,Antananarivo,23,7.6,5.9,177.0,3.1
2026070217,Dakar,85,102.2,37.3,129.0,1.2
2026070217,New_York,63,18.7,15.0,176.0,4.1
2026070217,Paris,20,7.0,4.3,133.0,6.2
2026070217,Tokyo,39,12.3,12.1,198.0,29.9
2026070218,Antananarivo,20,12.4,10.7,201.0,4.7
2026070218,Dakar,85,101.3,36.9,130.0,1.4
2026070218,New_York,61,16.5,13.5,212.0,8.6
2026070218,Paris,20,7.3,4.3,134.0,6.1
2026070218,Tokyo,37,15.1,14.8,217.0,31.9
2026070219,Antananarivo,17,17.1,15.4,205.0,6.4
2026070219,Dakar,85,102.2,37.1,126.0,1.6
2026070219,New_York,59,16.5,14.1,258.0,14.8
2026070219,Paris,21,7.3,4.5,135.0,7.4
2026070219,Tokyo,36,17.5,17.2,221.0,35.5
2026070220,Antananarivo,18,21.7,20.0,199.0,8.1
2026070220,Dakar,84,103.1,37.5,121.0,1.9
2026070220,New_York,57,25.0,22.2,279.0,27.3
2026070220,Paris,22,7.1,4.4,112.0,7.0
2026070220,Tokyo,35,19.8,19.4,219.0,40.0
2026070221,Antananarivo,19,26.4,24.9,198.0,9.5
2026070221,Dakar,84,103.8,37.7,116.0,2.0
2026070221,New_York,57,24.9,22.9,254.0,27.9
2026070221,Paris,22,7.7,4.3,109.0,7.3
2026070221,Tokyo,34,21.9,21.4,214.0,29.6
2026070222,Antananarivo,20,31.1,29.8,213.0,10.5
2026070222,Dakar,84,104.3,38.2,113.0,2.0
2026070222,New_York,56,21.5,19.5,204.0,28.4
2026070222,Paris,20,8.2,4.4,110.0,7.1
2026070222,Tokyo,33,21.8,21.3,207.0,30.5
2026070223,Antananarivo,21,33.1,31.9,233.0,11.2
2026070223,Dakar,84,104.5,38.4,110.0,2.0
2026070223,New_York,54,18.6,16.9,166.0,27.0
2026070223,Paris,20,8.8,4.8,119.0,9.8
2026070223,Tokyo,33,19.2,18.6,198.0,31.8
2026070300,Antananarivo,23,31.2,30.2,240.0,11.3
2026070300,Dakar,83,90.8,35.2,107.0,1.8
2026070300,New_York,52,15.3,14.1,154.0,21.5
2026070300,Paris,18,9.9,5.4,131.0,12.2
2026070300,Tokyo,32,15.8,15.0,191.0,32.4
2026070301,Antananarivo,24,29.0,27.9,223.0,10.4
2026070301,Dakar,83,88.9,34.6,103.0,1.7
2026070301,New_York,49,10.9,10.2,154.0,14.1
2026070301,Paris,16,10.4,5.7,135.0,12.4
2026070301,Tokyo,31,13.6,12.4,189.0,31.5
2026070302,Antananarivo,25,25.4,24.2,194.0,8.8
2026070302,Dakar,82,88.5,34.3,98.0,1.5
2026070302,New_York,45,9.6,9.0,154.0,9.1
2026070302,Paris,16,10.0,5.4,126.0,11.7
2026070302,Tokyo,31,12.8,11.3,190.0,30.1
2026070303,Antananarivo,26,20.1,18.9,171.0,7.0
2026070303,Dakar,82,87.8,34.0,94.0,1.4
2026070303,New_York,42,10.0,9.3,151.0,9.0
2026070303,Paris,15,10.2,5.4,126.0,10.1
2026070303,Tokyo,30,11.9,10.4,192.0,29.8
2026070304,Antananarivo,27,16.6,15.4,162.0,6.5
2026070304,Dakar,81,88.0,33.8,91.0,1.3
2026070304,New_York,39,10.3,9.5,150.0,11.3
2026070304,Paris,16,10.2,5.6,130.0,9.4
2026070304,Tokyo,30,11.1,9.7,195.0,32.1
2026070305,Antananarivo,27,14.7,13.4,159.0,5.8
2026070305,Dakar,81,88.0,33.4,90.0,1.3
2026070305,New_York,38,10.2,9.5,150.0,12.9
2026070305,Paris,14,10.9,6.0,136.0,11.3
2026070305,Tokyo,30,11.4,10.2,199.0,35.6
2026070306,Antananarivo,27,13.6,12.5,160.0,5.0
2026070306,Dakar,80,88.2,33.1,93.0,1.3
2026070306,New_York,37,10.2,9.5,154.0,12.5
2026070306,Paris,12,12.2,7.0,145.0,17.8
2026070306,Tokyo,29,14.3,13.2,201.0,38.2
2026070307,Antananarivo,27,15.1,14.1,165.0,4.0
2026070307,Dakar,80,88.0,32.5,103.0,1.4
2026070307,New_York,36,10.5,9.8,159.0,11.4
2026070307,Paris,13,13.5,7.9,160.0,25.2
2026070307,Tokyo,29,19.6,18.5,201.0,39.1
2026070308,Antananarivo,28,16.3,15.4,173.0,2.9
2026070308,Dakar,80,87.8,32.0,117.0,1.5
2026070308,New_York,39,2.6,2.5,162.0,9.5
2026070308,Paris,14,15.6,9.5,246.0,25.6
2026070308,Tokyo,29,23.3,22.1,198.0,39.2
2026070309,Antananarivo,29,13.6,12.7,178.0,2.0
2026070309,Dakar,79,87.3,31.3,127.0,1.5
2026070309,New_York,50,4.6,4.4,160.0,8.0
2026070309,Paris,16,14.2,9.0,289.0,25.4
2026070309,Tokyo,30,16.6,14.9,193.0,36.5
2026070310,Antananarivo,29,8.3,7.1,179.0,1.3
2026070310,Dakar,79,87.1,30.7,128.0,1.3
2026070310,New_York,62,6.0,5.8,155.0,6.0
2026070310,Paris,20,14.1,8.5,282.0,23.6
2026070310,Tokyo,30,17.9,15.9,182.0,33.3
2026070311,Antananarivo,29,6.3,5.2,177.0,0.7
2026070311,Dakar,79,87.5,30.4,125.0,1.0
2026070311,New_York,65,5.6,5.4,149.0,4.3
2026070311,Paris,25,15.2,8.4,272.0,19.2
2026070311,Tokyo,30,16.9,15.1,167.0,28.9
2026070312,Antananarivo,30,5.6,4.6,172.0,0.3
2026070312,Dakar,78,113.4,36.4,122.0,0.6
2026070312,New_York,64,5.6,5.1,141.0,3.4
2026070312,Paris,30,14.5,7.5,224.0,15.0
2026070312,Tokyo,30,16.0,14.5,156.0,26.0
2026070313,Antananarivo,30,5.4,4.4,157.0,0.0
2026070313,Dakar,78,124.8,40.0,121.0,0.6
2026070313,New_York,63,6.9,5.8,131.0,2.9
2026070313,Paris,40,12.5,7.9,199.0,10.0
2026070313,Tokyo,31,21.5,19.8,150.0,25.5
2026070314,Antananarivo,30,5.3,4.3,137.0,0.0
2026070314,Dakar,79,137.4,44.0,120.0,0.6
2026070314,New_York,61,8.6,7.0,127.0,2.6
2026070314,Paris,47,11.1,7.6,170.0,7.2
2026070314,Tokyo,32,20.2,17.8,148.0,26.4
2026070315,Antananarivo,30,2.7,2.2,131.0,0.4
2026070315,Dakar,79,149.9,48.3,120.0,0.6
2026070315,New_York,61,10.4,8.4,131.0,2.3
2026070315,Paris,48,10.1,6.8,159.0,5.6
2026070315,Tokyo,31,17.8,15.8,150.0,29.2
2026070316,Antananarivo,30,3.0,2.5,148.0,2.2
2026070316,Dakar,80,161.6,52.6,123.0,0.7
2026070316,New_York,61,11.8,9.7,140.0,2.3
2026070316,Paris,47,9.4,6.1,152.0,5.4
2026070316,Tokyo,31,19.5,16.8,158.0,34.1
2026070317,Antananarivo,29,5.5,4.9,177.0,4.8
2026070317,Dakar,81,171.8,56.5,126.0,0.9
2026070317,New_York,60,13.0,10.9,154.0,3.2
2026070317,Paris,45,9.9,5.8,149.0,6.0
2026070317,Tokyo,32,21.7,18.0,170.0,40.7
2026070318,Antananarivo,29,13.5,12.8,205.0,7.0
2026070318,Dakar,82,179.3,59.6,128.0,1.1
2026070318,New_York,53,14.7,12.3,180.0,5.6
2026070318,Paris,42,9.6,5.4,155.0,7.8
2026070318,Tokyo,32,24.7,20.6,186.0,48.5
2026070319,Antananarivo,30,21.4,20.7,231.0,8.5
2026070319,Dakar,84,184.4,61.9,125.0,1.3
2026070319,New_York,45,16.4,13.9,211.0,8.9
2026070319,Paris,38,8.7,5.1,155.0,9.0
2026070319,Tokyo,32,31.5,27.9,211.0,58.9
2026070320,Antananarivo,30,26.3,25.4,256.0,9.7
2026070320,Dakar,85,186.7,63.1,121.0,1.5
2026070320,New_York,31,22.3,20.4,227.0,23.6
2026070320,Paris,36,8.2,4.7,125.0,8.0
2026070320,Tokyo,33,39.0,36.2,240.0,70.3
2026070321,Antananarivo,30,27.2,26.2,269.0,10.6
2026070321,Dakar,86,184.9,63.1,117.0,1.6
2026070321,New_York,28,22.5,20.7,215.0,24.9
2026070321,Paris,34,8.0,4.5,124.0,9.3
2026070321,Tokyo,35,29.0,25.8,257.0,72.9
2026070322,Antananarivo,31,30.5,29.5,266.0,11.2
2026070322,Dakar,88,180.2,61.7,116.0,1.6
2026070322,New_York,25,23.2,21.7,188.0,26.6
2026070322,Paris,32,7.4,4.6,128.0,8.9
2026070322,Tokyo,35,28.2,25.3,252.0,71.2
2026070323,Antananarivo,31,33.9,32.8,252.0,11.5
2026070323,Dakar,89,170.4,58.7,115.0,1.4
2026070323,New_York,23,21.0,19.3,166.0,26.6
2026070323,Paris,28,7.0,4.9,133.0,9.8
2026070323,Tokyo,35,27.8,25.1,235.0,68.9
2026070400,Antananarivo,31,32.0,31.0,231.0,11.5
2026070400,Dakar,90,144.4,50.2,113.0,1.3
2026070400,New_York,23,19.6,18.0,158.0,23.3
2026070400,Paris,25,7.7,5.1,137.0,12.5
2026070400,Tokyo,36,27.8,25.3,222.0,66.5
2026070401,Antananarivo,31,30.5,29.3,197.0,11.0
2026070401,Dakar,91,129.5,45.2,107.0,1.3
2026070401,New_York,24,18.8,17.1,156.0,18.4
2026070401,Paris,24,7.8,5.5,143.0,14.3
2026070401,Tokyo,37,27.5,25.3,219.0,64.3
2026070402,Antananarivo,31,28.9,27.6,156.0,10.2
2026070402,Dakar,92,116.2,40.6,99.0,1.2
2026070402,New_York,24,18.7,17.0,155.0,15.0
2026070402,Paris,20,8.8,5.4,135.0,14.3
2026070402,Tokyo,38,26.0,24.0,221.0,62.2
2026070403,Antananarivo,31,23.9,22.6,125.0,8.5
2026070403,Dakar,92,104.3,36.8,94.0,1.2
2026070403,New_York,23,18.3,16.8,152.0,15.0
2026070403,Paris,19,9.7,5.7,138.0,13.5
2026070403,Tokyo,39,24.9,23.2,221.0,60.1
2026070404,Antananarivo,31,21.9,20.7,109.0,8.4
2026070404,Dakar,92,94.8,33.9,92.0,1.2
2026070404,New_York,23,18.1,16.6,150.0,16.6
2026070404,Paris,18,9.9,5.9,141.0,14.7
2026070404,Tokyo,40,23.5,21.9,217.0,57.9
2026070405,Antananarivo,32,20.2,18.9,104.0,8.1
2026070405,Dakar,92,87.5,31.7,92.0,1.3
2026070405,New_York,24,18.2,16.6,150.0,17.3
2026070405,Paris,15,9.9,6.1,145.0,14.0
2026070405,Tokyo,42,22.9,21.4,212.0,55.8
2026070406,Antananarivo,32,19.8,18.6,114.0,7.3
2026070406,Dakar,92,80.6,29.9,94.0,1.3
2026070406,New_York,25,18.3,16.8,153.0,16.2
2026070406,Paris,14,9.8,6.1,149.0,15.0
2026070406,Tokyo,44,23.2,20.8,211.0,54.2
2026070407,Antananarivo,33,18.9,17.6,154.0,5.5
2026070407,Dakar,92,73.1,28.3,101.0,1.3
2026070407,New_York,30,18.8,17.3,157.0,14.2
2026070407,Paris,16,11.6,6.5,158.0,17.6
2026070407,Tokyo,45,24.7,21.4,217.0,53.8
2026070408,Antananarivo,33,11.9,10.7,210.0,3.1
2026070408,Dakar,92,65.2,26.7,111.0,1.3
2026070408,New_York,36,19.5,17.5,158.0,14.2
2026070408,Paris,17,11.8,7.2,338.0,15.4
2026070408,Tokyo,46,25.7,22.1,227.0,53.9
2026070409,Antananarivo,33,10.1,9.0,246.0,1.3
2026070409,Dakar,92,58.3,25.1,118.0,1.2
2026070409,New_York,48,16.6,15.1,154.0,11.2
2026070409,Paris,23,11.4,8.2,314.0,14.0
2026070409,Tokyo,46,30.4,25.1,241.0,51.3
2026070410,Antananarivo,32,10.2,9.1,245.0,0.6
2026070410,Dakar,91,52.6,23.7,120.0,1.0
2026070410,New_York,62,12.9,12.0,147.0,7.1
2026070410,Paris,28,10.7,7.1,250.0,10.8
2026070410,Tokyo,48,28.9,24.2,260.0,48.3
2026070411,Antananarivo,33,8.7,7.8,226.0,0.4
2026070411,Dakar,91,46.8,22.2,118.0,0.7
2026070411,New_York,65,10.4,9.7,140.0,4.0
2026070411,Paris,31,10.1,6.3,212.0,7.6
2026070411,Tokyo,49,26.1,21.4,283.0,43.9
2026070412,Antananarivo,33,7.1,6.4,205.0,0.4
2026070412,Dakar,90,65.2,26.2,117.0,0.6
2026070412,New_York,65,8.8,8.1,133.0,2.7
2026070412,Paris,36,9.1,5.8,189.0,6.2
2026070412,Tokyo,50,23.6,19.3,304.0,39.2
2026070413,Antananarivo,33,6.1,5.5,186.0,0.1
2026070413,Dakar,89,57.9,24.2,116.0,0.6
2026070413,New_York,63,7.6,7.0,127.0,2.4
2026070413,Paris,40,9.3,5.3,164.0,4.9
2026070413,Tokyo,51,22.2,17.8,329.0,33.7
2026070414,Antananarivo,33,5.2,4.7,165.0,0.0
2026070414,Dakar,88,51.1,22.5,115.0,0.5
2026070414,New_York,62,6.8,6.2,125.0,2.4
2026070414,Paris,39,7.5,4.8,147.0,3.7
2026070414,Tokyo,50,21.0,16.5,353.0,27.9
2026070415,Antananarivo,33,1.4,1.3,155.0,0.4
2026070415,Dakar,87,44.7,20.9,114.0,0.5
2026070415,New_York,62,6.4,5.9,132.0,2.4
2026070415,Paris,37,6.1,4.1,137.0,3.2
2026070415,Tokyo,50,19.3,15.2,355.0,24.6
2026070416,Antananarivo,33,1.5,1.4,166.0,1.8
2026070416,Dakar,85,39.7,19.4,114.0,0.6
2026070416,New_York,63,6.7,6.2,143.0,2.8
2026070416,Paris,34,5.1,3.9,131.0,3.1
2026070416,Tokyo,50,19.6,15.8,311.0,25.6
2026070417,Antananarivo,33,3.7,3.6,188.0,3.8
2026070417,Dakar,83,35.5,18.1,114.0,0.7
2026070417,New_York,63,7.1,6.7,151.0,3.7
2026070417,Paris,31,4.8,3.6,128.0,3.3
2026070417,Tokyo,50,20.1,16.6,244.0,29.1
2026070418,Antananarivo,33,10.8,10.7,195.0,5.2
2026070418,Dakar,81,33.8,17.3,113.0,0.8
2026070418,New_York,60,7.6,7.2,152.0,4.8
2026070418,Paris,30,5.2,3.5,131.0,3.6
2026070418,Tokyo,50,20.2,17.3,208.0,32.5
2026070419,Antananarivo,33,15.3,15.1,174.0,5.5
2026070419,Dakar,78,34.2,17.2,110.0,0.9
2026070419,New_York,50,7.1,6.9,149.0,6.6
2026070419,Paris,27,4.5,2.9,130.0,4.1
2026070419,Tokyo,49,19.8,17.3,236.0,35.2
2026070420,Antananarivo,32,15.1,14.7,139.0,5.2
2026070420,Dakar,76,34.3,17.5,107.0,1.0
2026070420,New_York,48,18.5,17.3,147.0,14.1
2026070420,Paris,24,4.5,2.8,109.0,5.4
2026070420,Tokyo,47,19.6,17.5,293.0,37.7
2026070421,Antananarivo,31,13.9,13.4,111.0,4.8
2026070421,Dakar,73,35.0,18.2,104.0,1.1
2026070421,New_York,38,27.4,26.6,147.0,22.9
2026070421,Paris,23,4.8,3.0,107.0,6.8
2026070421,Tokyo,44,21.7,19.0,330.0,39.8
2026070422,Antananarivo,30,14.3,13.7,98.0,4.5
2026070422,Dakar,71,36.2,19.0,102.0,1.1
2026070422,New_York,30,34.0,33.3,147.0,34.9
2026070422,Paris,23,4.8,3.3,108.0,7.6
2026070422,Tokyo,43,24.2,21.8,322.0,42.0
2026070423,Antananarivo,29,13.6,13.0,91.0,4.1
2026070423,Dakar,68,37.5,20.0,101.0,1.1
2026070423,New_York,28,23.3,22.5,147.0,42.0
2026070423,Paris,21,5.3,3.2,110.0,7.9
2026070423,Tokyo,43,24.0,21.7,293.0,44.9
2026070500,Antananarivo,27,10.6,9.9,88.0,3.7
2026070500,Dakar,66,45.5,23.2,99.0,0.9
2026070500,New_York,29,21.4,20.6,144.0,39.5
2026070500,Paris,19,5.7,3.4,112.0,8.3
2026070500,Tokyo,42,24.4,22.4,264.0,46.3
2026070501,Antananarivo,25,8.7,8.0,86.0,3.3
2026070501,Dakar,64,46.2,23.9,97.0,0.8
2026070501,New_York,29,21.5,21.0,140.0,32.2
2026070501,Paris,18,6.3,3.6,116.0,9.7
2026070501,Tokyo,41,20.7,18.6,239.0,44.6
2026070502,Antananarivo,24,7.2,6.5,88.0,2.8
2026070502,Dakar,63,47.0,24.6,95.0,0.8
2026070502,New_York,29,19.7,19.2,140.0,26.5
2026070502,Paris,17,7.1,4.0,109.0,9.6
2026070502,Tokyo,40,16.6,14.8,213.0,41.3
2026070503,Antananarivo,22,5.8,5.0,92.0,2.1
2026070503,Dakar,62,48.4,25.3,94.0,0.7
2026070503,New_York,29,18.5,18.0,145.0,24.9
2026070503,Paris,16,6.2,4.3,110.0,8.7
2026070503,Tokyo,39,13.6,12.0,194.0,38.9
2026070504,Antananarivo,20,4.5,3.7,101.0,1.8
2026070504,Dakar,61,50.8,26.0,93.0,0.7
2026070504,New_York,30,17.9,17.4,154.0,24.9
2026070504,Paris,16,6.3,4.0,110.0,8.2
2026070504,Tokyo,38,11.6,10.0,188.0,38.8
2026070505,Antananarivo,19,4.1,3.3,113.0,1.4
2026070505,Dakar,60,52.7,26.6,93.0,0.7
2026070505,New_York,30,17.2,16.9,162.0,25.1
2026070505,Paris,16,6.6,4.1,111.0,7.9
2026070505,Tokyo,37,11.4,9.7,189.0,39.5
2026070506,Antananarivo,19,3.8,3.1,123.0,1.1
2026070506,Dakar,58,53.3,26.5,94.0,0.7
2026070506,New_York,30,17.1,16.7,170.0,25.8
2026070506,Paris,15,7.5,4.7,112.0,7.4
2026070506,Tokyo,37,14.2,12.7,189.0,39.5
2026070507,Antananarivo,20,4.4,3.7,130.0,0.9
2026070507,Dakar,55,54.1,26.4,99.0,0.7
2026070507,New_York,30,17.5,17.1,177.0,26.7
2026070507,Paris,14,8.0,5.0,113.0,7.4
2026070507,Tokyo,36,18.3,16.6,185.0,38.0
2026070508,Antananarivo,21,4.6,3.9,134.0,0.8
2026070508,Dakar,54,54.0,25.9,105.0,0.7
2026070508,New_York,30,14.6,14.1,181.0,18.2
2026070508,Paris,13,8.0,4.9,166.0,7.8
2026070508,Tokyo,35,19.1,17.0,179.0,35.7
2026070509,Antananarivo,22,4.2,3.5,135.0,0.7
2026070509,Dakar,53,54.0,25.3,109.0,0.7
2026070509,New_York,34,15.4,14.8,179.0,16.7
2026070509,Paris,13,8.3,4.6,160.0,6.4
2026070509,Tokyo,35,16.8,13.4,172.0,27.0
2026070510,Antananarivo,22,4.1,3.4,130.0,0.5
2026070510,Dakar,53,53.4,24.6,109.0,0.6
2026070510,New_York,43,14.3,13.7,173.0,14.6
2026070510,Paris,14,8.6,4.9,149.0,5.0
2026070510,Tokyo,34,19.5,15.8,160.0,24.5
2026070511,Antananarivo,23,3.6,3.0,121.0,0.4
2026070511,Dakar,53,52.0,23.7,108.0,0.5
2026070511,New_York,55,15.5,15.1,167.0,12.6
2026070511,Paris,17,7.5,4.4,141.0,4.3
2026070511,Tokyo,33,20.3,16.0,147.0,21.1
2026070512,Antananarivo,23,3.4,2.8,115.0,0.3
2026070512,Dakar,53,48.8,21.9,106.0,0.4
2026070512,New_York,61,15.9,15.4,160.0,10.8
2026070512,Paris,20,7.9,4.6,142.0,3.6
2026070512,Tokyo,34,21.7,16.9,145.0,18.5
2026070513,Antananarivo,22,3.2,2.6,114.0,0.3
2026070513,Dakar,52,50.6,22.2,105.0,0.4
2026070513,New_York,64,17.2,16.5,153.0,9.1
2026070513,Paris,25,7.1,4.4,130.0,3.1
2026070513,Tokyo,37,22.9,17.7,163.0,17.2
2026070514,Antananarivo,22,3.3,2.6,116.0,0.3
2026070514,Dakar,51,52.5,22.6,104.0,0.3
2026070514,New_York,66,19.4,18.7,148.0,8.1
2026070514,Paris,27,6.0,3.9,126.0,2.7
2026070514,Tokyo,40,23.3,18.3,191.0,16.7
2026070515,Antananarivo,20,6.9,5.2,117.0,0.5
2026070515,Dakar,51,54.6,23.1,103.0,0.3
2026070515,New_York,67,23.6,22.6,145.0,7.7
2026070515,Paris,28,5.7,3.8,125.0,2.6
2026070515,Tokyo,40,22.7,17.5,212.0,17.6
2026070516,Antananarivo,20,8.7,6.4,116.0,0.9
2026070516,Dakar,52,56.3,23.6,104.0,0.4
2026070516,New_York,68,23.8,22.9,144.0,8.1
2026070516,Paris,28,5.4,3.7,124.0,3.0
2026070516,Tokyo,38,23.3,18.2,215.0,20.3
2026070517,Antananarivo,18,8.6,6.6,115.0,1.5
2026070517,Dakar,53,58.0,24.2,105.0,0.5
2026070517,New_York,67,24.2,23.2,146.0,10.2
2026070517,Paris,28,5.3,3.6,124.0,3.2
2026070517,Tokyo,33,24.6,19.7,210.0,24.4
2026070518,Antananarivo,17,9.2,7.4,114.0,2.0
2026070518,Dakar,55,59.0,24.6,106.0,0.6
2026070518,New_York,65,23.7,22.8,152.0,15.3
2026070518,Paris,28,5.4,3.6,127.0,3.6
2026070518,Tokyo,33,25.2,20.4,208.0,29.0
2026070519,Antananarivo,17,8.6,7.2,115.0,2.2
2026070519,Dakar,57,60.5,25.0,106.0,0.7
2026070519,New_York,60,23.6,22.9,161.0,22.1
2026070519,Paris,26,5.0,3.4,126.0,4.1
2026070519,Tokyo,34,27.8,23.2,216.0,34.4
2026070520,Antananarivo,16,8.7,7.5,117.0,2.2
2026070520,Dakar,60,63.1,25.6,105.0,0.8
2026070520,New_York,51,24.6,22.9,166.0,22.4
2026070520,Paris,25,4.7,3.1,107.0,5.2
2026070520,Tokyo,34,30.4,25.8,228.0,40.3
2026070521,Antananarivo,16,8.1,7.1,117.0,2.1
2026070521,Dakar,60,66.8,26.3,104.0,0.9
2026070521,New_York,44,26.7,24.7,166.0,24.3
2026070521,Paris,24,5.0,2.9,103.0,6.6
2026070521,Tokyo,35,25.4,21.8,232.0,39.3
2026070522,Antananarivo,16,7.1,6.3,114.0,1.9
2026070522,Dakar,61,67.8,26.4,103.0,0.9
2026070522,New_York,39,27.0,24.4,163.0,26.8
2026070522,Paris,22,5.3,3.0,108.0,7.6
2026070522,Tokyo,35,26.3,22.6,223.0,39.9
2026070523,Antananarivo,17,5.6,4.9,109.0,1.7
2026070523,Dakar,61,69.6,26.7,101.0,0.8
2026070523,New_York,39,26.7,24.0,158.0,27.5
2026070523,Paris,21,4.9,3.4,110.0,7.8
2026070523,Tokyo,35,27.2,23.4,206.0,40.7
2026070600,Antananarivo,17,4.3,3.8,105.0,1.5
2026070600,Dakar,62,60.8,23.6,99.0,0.7
2026070600,New_York,39,27.0,24.2,151.0,24.8
2026070600,Paris,20,5.5,3.6,117.0,8.3
2026070600,Tokyo,35,27.6,23.7,189.0,41.2
2026070601,Antananarivo,17,3.6,3.2,101.0,1.4
2026070601,Dakar,62,59.8,23.6,97.0,0.7
2026070601,New_York,39,26.5,23.9,142.0,20.3
2026070601,Paris,17,5.9,3.7,124.0,10.0
2026070601,Tokyo,35,27.1,22.9,168.0,40.9
2026070602,Antananarivo,17,3.0,2.7,98.0,1.3
2026070602,Dakar,62,60.8,23.9,95.0,0.6
2026070602,New_York,39,24.6,22.3,135.0,16.5
2026070602,Paris,15,6.1,4.0,114.0,10.0
2026070602,Tokyo,36,25.3,21.0,148.0,40.2
2026070603,Antananarivo,17,2.7,2.3,96.0,1.3
2026070603,Dakar,63,61.9,24.0,94.0,0.6
2026070603,New_York,40,22.5,20.6,131.0,14.4
2026070603,Paris,15,6.3,4.3,119.0,10.5
2026070603,Tokyo,36,23.1,18.6,147.0,39.7
2026070604,Antananarivo,17,2.5,2.2,97.0,1.3
2026070604,Dakar,63,64.0,24.4,93.0,0.6
2026070604,New_York,40,20.3,18.7,129.0,13.0
2026070604,Paris,13,7.0,4.3,119.0,9.4
2026070604,Tokyo,37,21.0,16.5,187.0,40.1
2026070605,Antananarivo,18,2.4,2.1,100.0,1.3
2026070605,Dakar,63,67.5,24.7,93.0,0.6
2026070605,New_York,40,18.0,16.9,130.0,12.4
2026070605,Paris,12,7.7,4.4,122.0,10.4
2026070605,Tokyo,37,19.6,15.6,246.0,40.6
2026070606,Antananarivo,18,2.2,2.0,104.0,1.3
2026070606,Dakar,63,71.9,25.1,95.0,0.6
2026070606,New_York,40,15.8,15.0,135.0,12.9
2026070606,Paris,9,8.5,4.8,130.0,15.4
2026070606,Tokyo,38,21.1,16.8,283.0,39.9
2026070607,Antananarivo,20,2.9,2.7,111.0,1.1
2026070607,Dakar,64,75.0,25.4,101.0,0.6
2026070607,New_York,40,14.8,14.0,142.0,14.1
2026070607,Paris,10,9.6,5.2,133.0,18.7
2026070607,Tokyo,38,24.0,19.6,275.0,36.9
2026070608,Antananarivo,22,2.9,2.8,120.0,0.9
2026070608,Dakar,64,77.3,25.7,110.0,0.7
2026070608,New_York,40,12.4,11.6,146.0,14.9
2026070608,Paris,13,11.0,6.8,273.0,25.8
2026070608,Tokyo,39,25.0,20.0,243.0,32.7
2026070609,Antananarivo,24,2.9,2.6,125.0,0.7
2026070609,Dakar,64,78.5,25.8,115.0,0.7
2026070609,New_York,39,13.7,12.6,144.0,16.0
2026070609,Paris,14,12.1,7.6,256.0,25.3
2026070609,Tokyo,39,27.6,22.6,213.0,39.8
2026070610,Antananarivo,25,3.1,2.7,124.0,0.5
2026070610,Dakar,65,78.7,25.8,114.0,0.6
2026070610,New_York,39,12.9,11.8,140.0,17.4
2026070610,Paris,17,11.4,6.8,232.0,22.1
2026070610,Tokyo,40,29.8,25.1,185.0,37.8
2026070611,Antananarivo,27,3.2,2.7,119.0,0.4
2026070611,Dakar,65,79.9,26.0,111.0,0.5
2026070611,New_York,39,12.3,11.0,136.0,18.0
2026070611,Paris,20,8.6,6.1,217.0,15.4
2026070611,Tokyo,41,28.6,23.3,158.0,35.2
2026070612,Antananarivo,28,3.3,2.8,115.0,0.3
2026070612,Dakar,66,117.3,34.0,108.0,0.4
2026070612,New_York,39,12.2,10.8,135.0,16.9
2026070612,Paris,25,8.4,5.4,194.0,10.9
2026070612,Tokyo,42,28.7,22.8,154.0,33.5
2026070613,Antananarivo,27,3.6,2.9,113.0,0.3
2026070613,Dakar,67,117.3,34.0,107.0,0.4
2026070613,New_York,38,11.7,10.4,134.0,14.8
2026070613,Paris,31,7.6,5.3,168.0,8.2
2026070613,Tokyo,43,31.1,24.2,189.0,32.8
2026070614,Antananarivo,26,3.7,3.1,111.0,0.3
2026070614,Dakar,68,116.2,33.9,106.0,0.4
2026070614,New_York,38,8.3,7.5,134.0,13.2
2026070614,Paris,33,7.1,4.1,146.0,6.2
2026070614,Tokyo,44,30.4,23.2,247.0,33.1
2026070615,Antananarivo,25,6.6,5.6,110.0,0.4
2026070615,Dakar,69,113.2,33.4,106.0,0.4
2026070615,New_York,37,6.5,6.0,133.0,12.2
2026070615,Paris,32,6.4,3.9,138.0,5.7
2026070615,Tokyo,45,30.0,22.9,295.0,36.3
2026070616,Antananarivo,24,6.1,5.2,111.0,0.6
2026070616,Dakar,70,108.7,32.6,108.0,0.4
2026070616,New_York,35,6.3,5.8,132.0,11.6
2026070616,Paris,31,6.1,3.4,129.0,5.1
2026070616,Tokyo,46,30.9,23.9,321.0,44.6
2026070617,Antananarivo,23,5.1,4.5,112.0,1.0
2026070617,Dakar,71,109.4,32.4,110.0,0.5
2026070617,New_York,34,6.3,6.0,135.0,11.8
2026070617,Paris,29,5.4,3.3,126.0,5.7
2026070617,Tokyo,47,32.7,26.0,338.0,55.8
2026070618,Antananarivo,22,3.9,3.6,112.0,1.2
2026070618,Dakar,72,110.1,31.9,112.0,0.6
2026070618,New_York,33,7.1,6.8,147.0,13.5
2026070618,Paris,28,5.1,3.3,127.0,6.8
2026070618,Tokyo,48,39.7,33.4,356.0,64.8
2026070619,Antananarivo,22,3.0,2.9,109.0,1.2
2026070619,Dakar,73,115.9,32.6,111.0,0.8
2026070619,New_York,31,7.1,6.8,164.0,16.2
2026070619,Paris,28,5.0,3.0,129.0,7.7
2026070619,Tokyo,50,42.6,37.4,383.0,69.7
2026070620,Antananarivo,22,2.2,2.1,103.0,1.1
2026070620,Dakar,74,122.0,33.5,110.0,1.0
2026070620,New_York,30,6.3,6.3,174.0,16.2
2026070620,Paris,27,4.4,2.7,107.0,7.2
2026070620,Tokyo,52,41.1,36.4,409.0,72.5
2026070621,Antananarivo,22,1.5,1.5,98.0,1.0
2026070621,Dakar,75,127.6,34.7,108.0,1.2
2026070621,New_York,29,6.2,6.2,173.0,17.0
2026070621,Paris,25,4.7,3.3,110.0,11.1
2026070621,Tokyo,54,36.0,32.8,419.0,73.2
2026070622,Antananarivo,23,1.2,1.2,93.0,0.9
2026070622,Dakar,76,123.4,33.5,107.0,1.2
2026070622,New_York,27,6.1,6.0,166.0,18.0
2026070622,Paris,26,5.1,3.3,121.0,12.9
2026070622,Tokyo,56,37.8,35.2,402.0,70.9
2026070623,Antananarivo,24,0.9,0.9,88.0,0.8
2026070623,Dakar,76,120.6,33.2,106.0,1.2
2026070623,New_York,25,6.2,6.0,160.0,18.2
2026070623,Paris,18,6.9,3.9,141.0,17.5
2026070623,Tokyo,58,38.5,36.0,367.0,67.8
2026070700,Antananarivo,25,0.5,0.5,84.0,0.7
2026070700,Dakar,77,116.2,32.6,104.0,0.9
2026070700,New_York,25,6.3,6.0,157.0,17.0
2026070700,Paris,16,7.6,4.5,153.0,19.3
2026070700,Tokyo,60,38.8,36.1,329.0,65.4
2026070701,Antananarivo,26,0.5,0.5,82.0,0.6
2026070701,Dakar,78,113.2,31.8,100.0,0.7
2026070701,New_York,25,6.3,6.1,155.0,15.1
2026070701,Paris,14,7.8,5.1,155.0,20.9
2026070701,Tokyo,60,40.0,37.1,286.0,65.1
2026070702,Antananarivo,26,0.4,0.4,80.0,0.5
2026070702,Dakar,79,110.8,31.5,96.0,0.5
2026070702,New_York,25,6.1,5.8,154.0,13.5
2026070702,Paris,12,8.1,6.3,155.0,22.1
2026070702,Tokyo,61,39.9,37.3,239.0,65.5
2026070703,Antananarivo,25,0.4,0.4,80.0,0.6
2026070703,Dakar,80,109.7,31.7,93.0,0.4
2026070703,New_York,25,5.6,5.4,155.0,12.4
2026070703,Paris,12,8.8,6.2,163.0,23.8
2026070703,Tokyo,61,35.9,33.2,204.0,64.0
2026070704,Antananarivo,25,0.5,0.4,81.0,0.6
2026070704,Dakar,81,111.1,32.1,92.0,0.4
2026070704,New_York,25,5.0,4.8,157.0,11.7
2026070704,Paris,12,9.3,6.0,167.0,23.7
2026070704,Tokyo,62,32.2,29.6,189.0,59.4
2026070705,Antananarivo,25,0.7,0.6,83.0,0.6
2026070705,Dakar,82,111.3,32.1,91.0,0.4
2026070705,New_York,24,4.4,4.3,161.0,11.5
2026070705,Paris,12,9.3,5.9,166.0,22.2
2026070705,Tokyo,62,29.7,26.9,186.0,52.9
2026070706,Antananarivo,25,1.3,1.0,85.0,0.6
2026070706,Dakar,82,108.3,31.5,94.0,0.5
2026070706,New_York,24,4.3,4.1,168.0,12.5
2026070706,Paris,13,9.1,5.9,163.0,25.4
2026070706,Tokyo,63,28.6,25.3,181.0,46.1
2026070707,Antananarivo,25,2.7,2.2,89.0,0.6
2026070707,Dakar,83,105.7,31.0,102.0,0.7
2026070707,New_York,22,4.4,4.2,177.0,14.1
2026070707,Paris,16,10.2,6.8,178.0,32.0
2026070707,Tokyo,63,29.5,25.6,168.0,38.4
2026070708,Antananarivo,25,3.7,2.9,93.0,0.6
2026070708,Dakar,83,104.5,30.6,112.0,0.9
2026070708,New_York,23,5.4,5.3,183.0,14.9
2026070708,Paris,18,12.7,9.1,374.0,36.3
2026070708,Tokyo,63,26.2,21.8,154.0,30.4
2026070709,Antananarivo,25,4.2,3.3,95.0,0.5
2026070709,Dakar,84,105.5,30.7,120.0,1.0
2026070709,New_York,25,6.4,6.3,186.0,13.7
2026070709,Paris,18,12.8,8.7,362.0,36.8
2026070709,Tokyo,63,23.1,19.2,145.0,30.9
2026070710,Antananarivo,25,3.8,3.0,92.0,0.4
2026070710,Dakar,84,105.5,30.7,122.0,0.9
2026070710,New_York,27,6.0,5.9,186.0,12.1
2026070710,Paris,18,9.8,6.3,238.0,19.8
2026070710,Tokyo,63,22.1,17.9,144.0,30.0
2026070711,Antananarivo,25,3.0,2.3,87.0,0.3
2026070711,Dakar,85,103.8,30.4,121.0,0.7
2026070711,New_York,29,5.7,5.6,185.0,10.6
2026070711,Paris,25,8.3,6.0,209.0,14.9
2026070711,Tokyo,63,22.8,18.3,148.0,28.8
2026070712,Antananarivo,25,2.3,1.8,83.0,0.2
2026070712,Dakar,85,118.5,34.8,119.0,0.6
2026070712,New_York,30,5.8,5.6,182.0,9.5
2026070712,Paris,29,7.7,4.8,172.0,8.4
2026070712,Tokyo,63,32.6,25.4,151.0,28.9
2026070713,Antananarivo,25,2.0,1.6,82.0,0.2
2026070713,Dakar,85,119.7,35.3,117.0,0.6
2026070713,New_York,32,5.5,5.4,178.0,8.7
2026070713,Paris,31,6.9,4.4,144.0,7.0
2026070713,Tokyo,63,27.6,22.1,149.0,30.8
2026070714,Antananarivo,24,1.8,1.5,83.0,0.3
2026070714,Dakar,85,122.0,36.0,115.0,0.6
2026070714,New_York,33,5.6,5.6,173.0,8.2
2026070714,Paris,33,6.7,4.1,137.0,6.3
2026070714,Tokyo,63,30.3,24.6,146.0,34.0
2026070715,Antananarivo,23,5.5,3.9,85.0,0.5
2026070715,Dakar,85,127.1,36.9,114.0,0.6
2026070715,New_York,33,6.1,6.1,165.0,8.0
2026070715,Paris,33,6.3,4.0,131.0,5.9
2026070715,Tokyo,63,28.2,22.7,153.0,38.2
2026070716,Antananarivo,22,4.8,3.5,87.0,0.7
2026070716,Dakar,86,130.4,37.6,114.0,0.7
2026070716,New_York,32,5.3,5.2,156.0,8.1
2026070716,Paris,32,6.1,4.0,129.0,6.2
2026070716,Tokyo,63,28.8,23.5,176.0,44.2
2026070717,Antananarivo,22,4.3,3.1,91.0,0.9
2026070717,Dakar,86,134.6,38.8,115.0,0.9
2026070717,New_York,31,5.3,5.2,156.0,9.2
2026070717,Paris,33,5.9,4.1,123.0,6.3
2026070717,Tokyo,63,28.5,23.1,209.0,51.3
2026070718,Antananarivo,21,3.8,2.9,94.0,1.1
2026070718,Dakar,86,136.4,39.6,115.0,1.1
2026070718,New_York,29,6.1,6.0,174.0,11.9
2026070718,Paris,32,5.9,4.2,125.0,7.2
2026070718,Tokyo,63,31.1,25.4,248.0,57.3
2026070719,Antananarivo,21,3.5,2.9,97.0,1.1
2026070719,Dakar,87,135.5,39.5,114.0,1.3
2026070719,New_York,26,6.4,6.2,201.0,15.6
2026070719,Paris,31,5.9,4.1,125.0,8.0
2026070719,Tokyo,62,34.8,29.2,298.0,61.4
2026070720,Antananarivo,22,3.4,2.9,101.0,1.1
2026070720,Dakar,87,135.5,39.5,113.0,1.6
2026070720,New_York,24,6.3,6.2,217.0,15.5
2026070720,Paris,30,5.7,3.9,113.0,7.6
2026070720,Tokyo,62,38.0,32.1,354.0,64.3
2026070721,Antananarivo,22,3.7,3.0,103.0,1.1
2026070721,Dakar,87,135.5,39.6,111.0,1.7
2026070721,New_York,22,7.0,6.9,210.0,16.9
2026070721,Paris,28,5.5,3.8,112.0,8.6
2026070721,Tokyo,62,31.7,27.5,394.0,66.2
2026070722,Antananarivo,22,4.3,3.4,105.0,1.1
2026070722,Dakar,87,134.6,39.5,110.0,1.7
2026070722,New_York,20,7.3,7.2,193.0,18.7
2026070722,Paris,27,5.6,3.7,114.0,9.5
2026070722,Tokyo,62,31.1,27.6,407.0,65.3
2026070723,Antananarivo,22,4.6,3.6,106.0,1.1
2026070723,Dakar,88,133.2,39.2,108.0,1.5
2026070723,New_York,19,7.8,7.7,178.0,19.7
2026070723,Paris,26,6.2,3.9,119.0,11.6
2026070723,Tokyo,62,32.1,29.3,403.0,64.1
2026070800,Antananarivo,22,4.2,3.2,104.0,1.1
2026070800,Dakar,88,132.2,40.3,106.0,0.9
2026070800,New_York,18,8.2,8.1,171.0,18.9
2026070800,Paris,22,6.9,4.1,128.0,13.7
2026070800,Tokyo,61,32.8,30.4,391.0,62.8
2026070801,Antananarivo,22,4.0,3.0,98.0,1.1
2026070801,Dakar,88,131.3,40.5,102.0,0.8
2026070801,New_York,18,8.8,8.7,167.0,17.2
2026070801,Paris,19,7.4,4.4,132.0,15.7
2026070801,Tokyo,61,33.4,31.0,369.0,61.9
2026070802,Antananarivo,22,3.6,2.7,89.0,1.0
2026070802,Dakar,88,130.9,40.7,97.0,0.8
2026070802,New_York,18,9.3,9.2,164.0,16.0
2026070802,Paris,18,7.3,4.3,125.0,13.8
2026070802,Tokyo,61,33.5,31.4,339.0,61.0
2026070803,Antananarivo,22,2.9,2.2,83.0,0.8
2026070803,Dakar,89,130.4,41.2,94.0,0.7
2026070803,New_York,18,9.8,9.7,162.0,15.9
2026070803,Paris,16,7.8,4.4,124.0,12.4
2026070803,Tokyo,61,32.6,30.7,311.0,59.1
2026070804,Antananarivo,21,2.6,2.1,83.0,1.1
2026070804,Dakar,89,130.4,42.0,92.0,0.7
2026070804,New_York,17,10.2,10.1,160.0,16.2
2026070804,Paris,16,7.9,4.7,123.0,11.9
2026070804,Tokyo,61,31.7,29.8,292.0,55.4
2026070805,Antananarivo,19,2.2,1.8,86.0,1.4
2026070805,Dakar,89,130.9,42.6,92.0,0.7
2026070805,New_York,16,10.5,10.3,162.0,16.3
2026070805,Paris,16,8.0,4.9,128.0,12.6
2026070805,Tokyo,61,31.3,29.6,276.0,50.6
2026070806,Antananarivo,19,2.1,1.9,89.0,1.6
2026070806,Dakar,90,130.4,42.8,95.0,0.8
2026070806,New_York,16,11.0,10.9,169.0,15.9
2026070806,Paris,14,8.7,5.4,135.0,18.6
2026070806,Tokyo,61,34.2,32.4,257.0,46.4
2026070807,Antananarivo,20,2.9,2.8,92.0,1.4
2026070807,Dakar,90,129.0,42.7,105.0,0.9
2026070807,New_York,17,11.9,11.7,179.0,15.2
2026070807,Paris,14,10.2,6.2,161.0,27.9
2026070807,Tokyo,61,31.1,27.9,232.0,43.0
2026070808,Antananarivo,22,2.0,1.9,96.0,1.0
2026070808,Dakar,90,126.2,42.1,118.0,1.1
2026070808,New_York,20,6.4,6.3,185.0,13.0
2026070808,Paris,17,11.9,7.6,284.0,33.2
2026070808,Tokyo,61,22.8,18.8,205.0,40.1
2026070809,Antananarivo,24,1.5,1.3,97.0,0.7
2026070809,Dakar,91,122.9,41.6,127.0,1.2
2026070809,New_York,26,7.6,7.4,184.0,11.5
2026070809,Paris,16,12.6,7.4,297.0,32.5
2026070809,Tokyo,61,24.2,20.0,183.0,41.1
2026070810,Antananarivo,24,1.8,1.6,94.0,0.5
2026070810,Dakar,91,119.2,40.9,128.0,1.1
2026070810,New_York,34,7.4,7.3,179.0,9.5
2026070810,Paris,20,13.2,7.5,279.0,28.2
2026070810,Tokyo,61,25.3,21.0,168.0,40.3
2026070811,Antananarivo,25,3.4,2.5,89.0,0.4
2026070811,Dakar,91,115.7,40.0,126.0,0.9
2026070811,New_York,41,7.9,7.8,175.0,7.6
2026070811,Paris,26,13.4,7.7,269.0,23.0
2026070811,Tokyo,61,27.1,22.2,158.0,39.3
2026070812,Antananarivo,25,5.0,3.4,85.0,0.3
2026070812,Dakar,92,164.8,56.3,123.0,0.6
2026070812,New_York,49,7.8,7.7,173.0,5.9
2026070812,Paris,37,12.0,7.8,229.0,14.7
2026070812,Tokyo,61,29.5,23.9,152.0,39.0
2026070813,Antananarivo,26,5.2,3.5,84.0,0.2
2026070813,Dakar,92,163.9,56.2,121.0,0.6
2026070813,New_York,57,7.7,7.6,171.0,4.4
2026070813,Paris,49,12.4,8.3,199.0,10.4
2026070813,Tokyo,61,32.2,25.8,148.0,39.9
2026070814,Antananarivo,26,4.9,3.3,86.0,0.2
2026070814,Dakar,93,161.1,55.6,118.0,0.6
2026070814,New_York,61,8.4,8.1,170.0,3.6
2026070814,Paris,60,12.6,8.0,176.0,8.2
2026070814,Tokyo,61,34.9,27.7,148.0,41.6
2026070815,Antananarivo,25,3.9,2.7,89.0,0.4
2026070815,Dakar,94,156.9,54.4,116.0,0.6
2026070815,New_York,62,9.4,9.2,171.0,2.8
2026070815,Paris,61,12.6,7.8,165.0,6.3
2026070815,Tokyo,61,36.1,28.6,158.0,44.0
2026070816,Antananarivo,24,4.6,3.2,96.0,0.7
2026070816,Dakar,94,150.9,52.7,116.0,0.7
2026070816,New_York,63,10.4,10.2,173.0,2.8
2026070816,Paris,59,12.6,7.7,162.0,5.9
2026070816,Tokyo,62,34.0,27.0,181.0,46.9
2026070817,Antananarivo,23,5.3,3.8,106.0,1.2
2026070817,Dakar,95,144.4,51.2,118.0,0.9
2026070817,New_York,63,11.4,11.3,177.0,6.6
2026070817,Paris,55,12.3,7.6,162.0,6.2
2026070817,Tokyo,62,32.5,25.8,213.0,50.3
2026070818,Antananarivo,21,6.5,4.9,114.0,1.7
2026070818,Dakar,95,137.4,49.6,118.0,1.0
2026070818,New_York,60,14.9,14.7,186.0,17.0
2026070818,Paris,48,12.9,7.6,171.0,8.1
2026070818,Tokyo,62,31.8,25.9,250.0,54.7
2026070819,Antananarivo,19,8.4,6.7,117.0,2.2
2026070819,Dakar,95,130.4,48.0,117.0,1.1
2026070819,New_York,46,18.7,18.4,197.0,31.3
2026070819,Paris,41,12.2,7.5,176.0,9.6
2026070819,Tokyo,62,34.8,29.9,296.0,61.4
2026070820,Antananarivo,18,9.0,7.7,117.0,2.7
2026070820,Dakar,95,122.9,46.1,115.0,1.2
2026070820,New_York,38,24.4,23.7,203.0,45.6
2026070820,Paris,37,10.3,6.7,148.0,8.8
2026070820,Tokyo,62,34.8,30.6,347.0,68.9
2026070821,Antananarivo,16,9.7,8.4,120.0,3.0
2026070821,Dakar,94,116.4,44.5,113.0,1.3
2026070821,New_York,33,25.0,24.0,199.0,47.7
2026070821,Paris,35,9.8,6.6,151.0,8.6
2026070821,Tokyo,62,26.9,23.5,390.0,64.7
2026070822,Antananarivo,17,10.3,8.9,129.0,2.9
2026070822,Dakar,94,110.6,43.0,111.0,1.3
2026070822,New_York,26,22.8,21.5,189.0,50.4
2026070822,Paris,34,9.7,6.4,155.0,9.6
2026070822,Tokyo,62,24.3,21.7,423.0,62.6
2026070823,Antananarivo,18,9.7,8.3,140.0,2.5
2026070823,Dakar,94,105.7,41.7,108.0,1.2
2026070823,New_York,24,20.1,18.8,182.0,50.5
2026070823,Paris,32,10.5,7.0,162.0,10.9
2026070823,Tokyo,61,23.5,21.4,448.0,59.7
2026070900,Antananarivo,19,8.2,6.7,145.0,2.2
2026070900,Dakar,93,99.9,40.2,105.0,1.1
2026070900,New_York,24,17.6,16.6,182.0,45.8
2026070900,Paris,30,10.6,7.4,162.0,10.8
2026070900,Tokyo,61,22.4,20.5,452.0,57.0
2026070901,Antananarivo,19,7.4,5.7,135.0,2.0
2026070901,Dakar,93,93.6,38.2,101.0,1.0
2026070901,New_York,24,15.8,15.1,185.0,38.5
2026070901,Paris,30,9.9,7.2,161.0,10.6
2026070901,Tokyo,61,21.3,19.6,419.0,55.3
2026070902,Antananarivo,19,6.7,5.3,119.0,1.9
2026070902,Dakar,92,87.8,36.3,96.0,1.0
2026070902,New_York,25,14.5,14.1,187.0,32.6
2026070902,Paris,28,11.7,6.9,154.0,9.1
2026070902,Tokyo,61,19.4,17.6,365.0,53.8
2026070903,Antananarivo,18,6.3,5.2,110.0,1.9
2026070903,Dakar,91,82.9,34.8,93.0,0.9
2026070903,New_York,25,13.6,13.4,184.0,29.8
2026070903,Paris,26,11.2,6.4,153.0,8.7
2026070903,Tokyo,60,18.2,16.4,329.0,51.8
2026070904,Antananarivo,17,6.2,5.2,115.0,2.1
2026070904,Dakar,91,79.9,33.6,91.0,0.9
2026070904,New_York,26,13.0,12.9,180.0,28.3
2026070904,Paris,23,10.8,6.2,153.0,6.7
2026070904,Tokyo,58,18.2,16.3,334.0,48.8
2026070905,Antananarivo,16,6.2,5.2,129.0,2.4
2026070905,Dakar,90,74.5,31.8,90.0,0.8
2026070905,New_York,26,12.7,12.6,177.0,27.0
2026070905,Paris,21,9.9,6.0,154.0,7.5
2026070905,Tokyo,56,19.0,17.0,357.0,45.3
2026070906,Antananarivo,16,6.4,5.4,145.0,2.4
2026070906,Dakar,89,70.3,30.2,92.0,0.8
2026070906,New_York,26,12.9,12.8,178.0,25.6
2026070906,Paris,20,9.7,6.3,158.0,12.3
2026070906,Tokyo,54,22.3,20.3,368.0,42.0
2026070907,Antananarivo,19,7.8,6.9,170.0,2.0
2026070907,Dakar,88,66.4,28.7,100.0,0.8
2026070907,New_York,26,13.5,13.4,181.0,24.4
2026070907,Paris,18,10.6,6.8,183.0,20.7
2026070907,Tokyo,52,24.4,21.9,352.0,39.0
2026070908,Antananarivo,22,7.9,7.0,198.0,1.3
2026070908,Dakar,87,62.6,27.4,110.0,0.7
2026070908,New_York,26,10.9,10.7,184.0,25.8
2026070908,Paris,15,12.7,8.4,269.0,29.3
2026070908,Tokyo,51,24.9,20.8,325.0,36.3
2026070909,Antananarivo,26,7.7,6.8,208.0,0.8
2026070909,Dakar,86,59.8,26.1,117.0,0.7
2026070909,New_York,28,12.1,11.7,186.0,22.2
2026070909,Paris,16,14.1,8.7,283.0,28.1
2026070909,Tokyo,51,27.4,22.3,305.0,34.2
2026070910,Antananarivo,27,6.6,5.5,184.0,0.5
2026070910,Dakar,85,57.9,25.1,117.0,0.6
2026070910,New_York,40,12.7,12.4,187.0,17.1
2026070910,Paris,23,11.7,6.9,245.0,17.1
2026070910,Tokyo,51,31.4,25.1,300.0,33.7
2026070911,Antananarivo,28,5.7,4.5,142.0,0.4
2026070911,Dakar,84,57.7,24.6,113.0,0.5
2026070911,New_York,55,11.9,11.7,187.0,13.0
2026070911,Paris,28,9.5,6.5,198.0,10.3
2026070911,Tokyo,52,32.8,26.4,303.0,32.9
2026070912,Antananarivo,28,5.0,3.8,112.0,0.3
2026070912,Dakar,83,130.9,49.2,110.0,0.4
2026070912,New_York,61,11.7,11.6,183.0,10.5
2026070912,Paris,33,7.9,5.7,173.0,6.1
2026070912,Tokyo,53,31.1,25.6,303.0,32.7
2026070913,Antananarivo,28,4.6,3.4,110.0,0.2
2026070913,Dakar,82,135.5,50.2,109.0,0.4
2026070913,New_York,63,9.3,9.3,176.0,8.8
2026070913,Paris,36,7.4,5.4,172.0,4.8
2026070913,Tokyo,53,30.5,25.7,301.0,33.2
2026070914,Antananarivo,29,4.5,3.3,120.0,0.1
2026070914,Dakar,82,136.9,50.4,109.0,0.4
2026070914,New_York,63,11.6,11.4,172.0,8.5
2026070914,Paris,37,7.0,5.1,168.0,4.6
2026070914,Tokyo,53,29.4,24.9,296.0,34.2
2026070915,Antananarivo,28,3.6,2.9,129.0,0.4
2026070915,Dakar,81,134.6,49.8,110.0,0.4
2026070915,New_York,62,13.0,12.4,169.0,9.6
2026070915,Paris,39,7.1,5.1,167.0,4.8
2026070915,Tokyo,52,28.6,24.0,285.0,35.5
2026070916,Antananarivo,26,4.0,3.2,130.0,1.6
2026070916,Dakar,81,133.6,49.5,112.0,0.5
2026070916,New_York,57,13.8,12.7,168.0,12.1
2026070916,Paris,39,7.2,5.2,166.0,5.2
2026070916,Tokyo,52,28.2,23.0,258.0,36.9
2026070917,Antananarivo,23,5.6,4.7,129.0,3.2
2026070917,Dakar,81,133.2,49.7,115.0,0.6
2026070917,New_York,49,13.0,12.3,173.0,15.5
2026070917,Paris,38,7.3,5.1,165.0,5.9
2026070917,Tokyo,51,27.9,22.4,224.0,38.6
2026070918,Antananarivo,20,10.2,9.2,130.0,4.4
2026070918,Dakar,80,131.3,49.2,117.0,0.7
2026070918,New_York,41,13.4,12.9,189.0,20.3
2026070918,Paris,36,7.3,5.2,165.0,7.1
2026070918,Tokyo,50,24.1,19.7,204.0,40.5
2026070919,Antananarivo,18,11.2,10.0,135.0,4.7
2026070919,Dakar,80,128.5,48.8,116.0,0.7
2026070919,New_York,36,13.3,12.9,211.0,26.1
2026070919,Paris,35,7.4,5.2,168.0,8.7
2026070919,Tokyo,49,21.8,18.0,210.0,43.0
2026070920,Antananarivo,16,11.6,10.4,142.0,4.6
2026070920,Dakar,80,128.5,48.9,113.0,0.7
2026070920,New_York,28,20.1,18.9,226.0,33.8
2026070920,Paris,34,7.2,4.9,144.0,8.2
2026070920,Tokyo,47,23.0,19.7,231.0,45.8
2026070921,Antananarivo,15,13.5,12.2,151.0,4.6
2026070921,Dakar,80,129.5,49.6,110.0,0.7
2026070921,New_York,28,19.5,18.5,229.0,38.0
2026070921,Paris,33,7.1,4.9,148.0,10.0
2026070921,Tokyo,46,22.4,19.0,249.0,45.2
2026070922,Antananarivo,14,17.0,16.1,167.0,4.9
2026070922,Dakar,81,132.7,51.0,108.0,0.7
2026070922,New_York,28,19.2,18.1,226.0,43.6
2026070922,Paris,32,7.1,5.2,152.0,9.6
2026070922,Tokyo,45,22.8,19.6,261.0,43.5
2026070923,Antananarivo,13,17.8,16.9,185.0,5.3
2026070923,Dakar,81,134.6,51.5,107.0,0.6
2026070923,New_York,27,19.6,18.6,223.0,46.9
2026070923,Paris,33,8.1,5.4,159.0,11.2
2026070923,Tokyo,45,21.3,18.7,271.0,41.2
2026071000,Antananarivo,14,15.0,14.0,190.0,5.5
2026071000,Dakar,81,174.6,67.1,105.0,0.5
2026071000,New_York,27,19.6,18.6,223.0,46.1
2026071000,Paris,34,8.2,5.8,162.0,10.8
2026071000,Tokyo,44,20.8,18.5,272.0,39.2
2026071001,Antananarivo,14,13.9,12.9,169.0,5.5
2026071001,Dakar,83,191.9,72.2,101.0,0.5
2026071001,New_York,27,19.8,18.9,223.0,43.0
2026071001,Paris,33,8.0,5.8,160.0,10.6
2026071001,Tokyo,44,19.9,17.8,253.0,37.8
2026071002,Antananarivo,15,13.4,12.3,136.0,5.4
2026071002,Dakar,84,165.3,62.4,97.0,0.4
2026071002,New_York,28,20.2,19.4,223.0,39.4
2026071002,Paris,32,9.2,5.7,156.0,8.7
2026071002,Tokyo,43,19.0,16.8,225.0,36.8
2026071003,Antananarivo,16,15.8,14.8,114.0,5.6
2026071003,Dakar,86,157.4,58.2,94.0,0.4
2026071003,New_York,28,21.5,21.1,224.0,35.7
2026071003,Paris,29,9.4,6.0,153.0,7.4
2026071003,Tokyo,43,18.2,15.9,212.0,36.0
2026071004,Antananarivo,16,14.0,13.0,113.0,5.4
2026071004,Dakar,87,146.2,52.3,92.0,0.4
2026071004,New_York,29,23.8,23.7,226.0,31.5
2026071004,Paris,29,9.1,6.1,155.0,6.9
2026071004,Tokyo,43,18.0,15.6,231.0,35.8
2026071005,Antananarivo,17,12.0,11.0,123.0,5.1
2026071005,Dakar,88,135.5,46.8,92.0,0.4
2026071005,New_York,30,23.0,22.8,225.0,27.2
2026071005,Paris,27,9.3,6.3,159.0,8.1
2026071005,Tokyo,43,18.6,16.1,264.0,35.8
2026071006,Antananarivo,18,11.1,10.4,138.0,4.6
2026071006,Dakar,89,134.1,44.1,94.0,0.4
2026071006,New_York,31,18.0,17.8,221.0,22.6
2026071006,Paris,23,10.7,6.7,164.0,12.0
2026071006,Tokyo,43,21.9,19.6,284.0,35.5
2026071007,Antananarivo,18,10.8,10.0,163.0,3.7
2026071007,Dakar,90,140.2,43.7,100.0,0.5
2026071007,New_York,31,13.4,13.1,214.0,17.8
2026071007,Paris,18,11.3,7.4,198.0,20.9
2026071007,Tokyo,43,25.2,22.2,279.0,34.4
2026071008,Antananarivo,20,10.8,10.1,192.0,2.6
2026071008,Dakar,91,132.2,39.5,109.0,0.6
2026071008,New_York,33,6.5,6.5,208.0,14.7
2026071008,Paris,17,12.6,8.5,264.0,28.1
2026071008,Tokyo,43,24.7,21.4,261.0,32.8
2026071009,Antananarivo,24,10.8,10.0,204.0,1.7
2026071009,Dakar,92,128.1,36.9,115.0,0.6
2026071009,New_York,39,8.0,7.9,204.0,12.8
2026071009,Paris,18,12.7,8.7,276.0,24.7
2026071009,Tokyo,43,17.2,15.9,240.0,27.5
2026071010,Antananarivo,26,8.9,7.9,182.0,1.1
2026071010,Dakar,94,125.3,35.2,115.0,0.6
2026071010,New_York,53,9.3,9.2,200.0,10.1
2026071010,Paris,24,12.9,8.1,274.0,17.6
2026071010,Tokyo,42,18.8,17.7,217.0,26.8
2026071011,Antananarivo,27,6.4,5.3,142.0,0.6
2026071011,Dakar,95,130.9,34.9,112.0,0.5
2026071011,New_York,61,10.5,10.2,194.0,7.8
2026071011,Paris,36,13.4,8.5,238.0,11.6
2026071011,Tokyo,41,20.3,19.2,192.0,25.8
2026071012,Antananarivo,28,4.5,3.6,111.0,0.3
2026071012,Dakar,96,168.1,43.3,110.0,0.4
2026071012,New_York,62,11.8,11.1,181.0,6.3
2026071012,Paris,49,13.7,8.1,216.0,6.3
2026071012,Tokyo,40,22.1,20.9,173.0,24.5
2026071013,Antananarivo,28,3.9,3.1,94.0,0.0
2026071013,Dakar,96,163.4,41.3,109.0,0.4
2026071013,New_York,62,12.4,11.5,166.0,5.2
2026071013,Paris,50,13.0,7.5,194.0,5.1
2026071013,Tokyo,39,23.7,22.5,163.0,22.3
2026071014,Antananarivo,28,3.8,3.0,86.0,0.0
2026071014,Dakar,97,161.6,39.9,108.0,0.4
2026071014,New_York,61,13.2,12.0,158.0,4.8
2026071014,Paris,51,11.8,7.2,185.0,4.6
2026071014,Tokyo,39,24.2,23.1,159.0,19.8
2026071015,Antananarivo,26,1.7,1.4,95.0,0.3
2026071015,Dakar,97,161.6,38.9,108.0,0.4
2026071015,New_York,61,13.4,12.3,161.0,4.8
2026071015,Paris,53,11.4,7.0,184.0,4.7
2026071015,Tokyo,39,23.7,22.6,157.0,18.6
2026071016,Antananarivo,24,1.8,1.4,138.0,2.1
2026071016,Dakar,98,156.0,37.6,109.0,0.5
2026071016,New_York,59,13.4,12.4,172.0,5.5
2026071016,Paris,54,11.2,6.8,183.0,5.0
2026071016,Tokyo,39,23.1,21.9,157.0,19.3
2026071017,Antananarivo,22,2.8,2.4,198.0,4.4
2026071017,Dakar,98,151.8,36.4,111.0,0.7
2026071017,New_York,53,13.5,12.6,188.0,7.8
2026071017,Paris,52,11.0,6.3,179.0,5.8
2026071017,Tokyo,39,22.4,21.3,160.0,21.3
2026071018,Antananarivo,19,10.0,9.5,233.0,5.8
2026071018,Dakar,98,145.3,34.8,112.0,0.8
2026071018,New_York,45,13.9,13.4,213.0,12.8
2026071018,Paris,49,10.5,5.9,177.0,7.2
2026071018,Tokyo,39,21.9,20.9,163.0,24.0
2026071019,Antananarivo,18,12.7,11.9,220.0,5.2
2026071019,Dakar,99,148.1,34.9,111.0,0.9
2026071019,New_York,37,14.2,13.6,243.0,19.4
2026071019,Paris,46,9.2,5.2,174.0,9.0
2026071019,Tokyo,39,22.4,21.3,166.0,27.9
2026071020,Antananarivo,19,8.6,7.5,183.0,3.6
2026071020,Dakar,99,147.6,34.8,109.0,1.0
2026071020,New_York,30,19.6,19.3,269.0,37.8
2026071020,Paris,45,8.3,5.0,157.0,9.2
2026071020,Tokyo,39,22.2,21.2,170.0,32.5
2026071021,Antananarivo,18,7.7,6.5,152.0,2.4
2026071021,Dakar,99,145.3,34.5,107.0,1.0
2026071021,New_York,30,21.0,20.6,286.0,33.6
2026071021,Paris,43,7.4,4.9,156.0,10.1
2026071021,Tokyo,39,28.6,26.7,174.0,35.2
2026071022,Antananarivo,18,6.7,5.9,141.0,2.0
2026071022,Dakar,100,141.6,33.9,106.0,1.0
2026071022,New_York,30,20.0,19.6,299.0,27.9
2026071022,Paris,39,7.5,5.1,159.0,9.3
2026071022,Tokyo,40,27.9,26.0,178.0,35.1
2026071023,Antananarivo,17,5.4,4.8,137.0,2.0
2026071023,Dakar,100,137.4,33.1,104.0,0.9
2026071023,New_York,31,17.8,17.2,311.0,24.6
2026071023,Paris,37,8.4,5.2,162.0,10.6
2026071023,Tokyo,41,27.0,25.1,181.0,35.0
2026071100,Antananarivo,17,4.4,4.0,133.0,2.0
2026071100,Dakar,100,144.4,34.5,102.0,0.8
2026071100,New_York,30,18.2,17.5,325.0,24.9
2026071100,Paris,37,8.5,5.4,168.0,10.6
2026071100,Tokyo,42,24.1,22.5,185.0,34.6
2026071101,Antananarivo,17,4.4,4.1,124.0,2.0
2026071101,Dakar,99,140.6,33.5,98.0,0.7
2026071101,New_York,30,20.8,20.2,338.0,27.5
2026071101,Paris,37,9.2,6.0,172.0,10.4
2026071101,Tokyo,42,20.7,19.3,186.0,33.9
2026071102,Antananarivo,17,3.5,3.2,114.0,2.0
2026071102,Dakar,98,139.7,33.4,94.0,0.6
2026071102,New_York,30,22.9,22.2,346.0,32.2
2026071102,Paris,31,10.0,6.8,165.0,10.6
2026071102,Tokyo,43,18.1,16.8,186.0,33.0
2026071103,Antananarivo,16,5.5,4.9,111.0,2.6
2026071103,Dakar,98,135.5,32.5,91.0,0.5
2026071103,New_York,31,24.7,24.0,351.0,41.5
2026071103,Paris,32,9.8,6.5,164.0,8.7
2026071103,Tokyo,43,16.2,15.0,194.0,31.7
2026071104,Antananarivo,15,5.6,5.1,122.0,2.9
2026071104,Dakar,98,135.0,32.5,90.0,0.5
2026071104,New_York,31,27.2,26.5,352.0,52.8
2026071104,Paris,31,9.6,6.7,165.0,7.9
2026071104,Tokyo,42,15.3,14.0,219.0,30.0
2026071105,Antananarivo,14,5.3,4.8,139.0,3.3
2026071105,Dakar,97,129.9,31.5,91.0,0.5
2026071105,New_York,31,28.9,28.2,336.0,58.2
2026071105,Paris,28,9.6,6.6,170.0,7.9
2026071105,Tokyo,42,14.5,13.3,253.0,27.9
2026071106,Antananarivo,14,5.7,5.2,153.0,3.4
2026071106,Dakar,97,126.2,31.1,93.0,0.5
2026071106,New_York,32,28.0,27.4,289.0,52.9
2026071106,Paris,26,9.7,6.7,170.0,7.9
2026071106,Tokyo,42,16.0,14.7,272.0,25.9
2026071107,Antananarivo,16,7.7,7.3,159.0,3.0
2026071107,Dakar,97,123.9,30.9,97.0,0.6
2026071107,New_York,32,24.9,24.5,225.0,41.7
2026071107,Paris,24,10.5,6.8,185.0,9.8
2026071107,Tokyo,41,18.2,16.5,266.0,24.0
2026071108,Antananarivo,18,6.6,6.1,161.0,2.3
2026071108,Dakar,97,124.3,31.0,102.0,0.7
2026071108,New_York,33,9.2,9.1,179.0,26.5
2026071108,Paris,24,11.0,7.3,225.0,11.9
2026071108,Tokyo,40,20.8,18.8,246.0,22.2
2026071109,Antananarivo,21,4.9,4.4,161.0,1.6
2026071109,Dakar,97,130.9,32.0,105.0,0.7
2026071109,New_York,34,7.8,7.6,168.0,23.0
2026071109,Paris,24,10.8,6.8,240.0,9.9
2026071109,Tokyo,40,20.8,18.7,227.0,21.7
2026071110,Antananarivo,22,4.2,3.6,158.0,1.1
2026071110,Dakar,97,131.8,32.2,105.0,0.7
2026071110,New_York,34,8.6,8.4,174.0,18.1
2026071110,Paris,28,10.6,7.0,217.0,9.2
2026071110,Tokyo,40,23.2,21.3,215.0,20.1
2026071111,Antananarivo,24,4.3,3.6,153.0,0.6
2026071111,Dakar,97,132.2,32.1,103.0,0.6
2026071111,New_York,38,8.7,8.5,179.0,13.8
2026071111,Paris,34,10.4,7.0,209.0,7.6
2026071111,Tokyo,41,23.2,21.4,204.0,17.8
2026071112,Antananarivo,24,4.3,3.4,147.0,0.3
2026071112,Dakar,97,173.2,42.4,102.0,0.4
2026071112,New_York,47,8.8,8.6,175.0,10.9
2026071112,Paris,43,10.2,7.2,191.0,5.3
2026071112,Tokyo,41,22.0,20.3,194.0,16.0
2026071113,Antananarivo,24,4.1,3.1,137.0,0.2
2026071113,Dakar,97,164.4,41.3,102.0,0.4
2026071113,New_York,57,9.1,8.9,169.0,8.6
2026071113,Paris,50,10.2,6.6,181.0,4.2
2026071113,Tokyo,41,20.7,19.0,184.0,14.8
2026071114,Antananarivo,24,3.9,3.0,128.0,0.2
2026071114,Dakar,97,156.5,40.2,102.0,0.4
2026071114,New_York,61,9.6,9.5,165.0,6.9
2026071114,Paris,48,9.7,6.1,175.0,3.8
2026071114,Tokyo,40,18.6,17.1,174.0,13.9
2026071115,Antananarivo,21,11.9,10.1,132.0,1.5
2026071115,Dakar,97,150.4,39.1,103.0,0.5
2026071115,New_York,63,10.2,10.1,165.0,5.0
2026071115,Paris,48,9.4,6.0,172.0,3.5
2026071115,Tokyo,40,16.9,15.4,168.0,14.1
2026071116,Antananarivo,20,10.4,9.1,165.0,2.1
2026071116,Dakar,97,143.9,38.1,104.0,0.6
2026071116,New_York,65,10.2,10.1,168.0,3.8
2026071116,Paris,49,9.1,6.0,167.0,3.7
2026071116,Tokyo,39,15.3,13.9,166.0,15.8
2026071117,Antananarivo,18,10.9,9.8,212.0,2.9
2026071117,Dakar,97,138.3,37.1,105.0,0.7
2026071117,New_York,64,10.2,10.0,173.0,5.7
2026071117,Paris,49,8.9,5.9,163.0,4.0
2026071117,Tokyo,38,13.6,12.3,168.0,18.5
2026071118,Antananarivo,16,10.8,9.9,242.0,3.6
2026071118,Dakar,96,133.2,36.3,106.0,0.8
2026071118,New_York,61,11.4,10.9,181.0,12.0
2026071118,Paris,51,9.0,5.7,163.0,4.5
2026071118,Tokyo,38,14.1,11.9,170.0,21.1
2026071119,Antananarivo,14,11.3,10.5,236.0,4.2
2026071119,Dakar,96,128.1,35.4,106.0,0.9
2026071119,New_York,49,14.7,13.4,192.0,21.4
2026071119,Paris,48,8.9,5.6,161.0,4.9
2026071119,Tokyo,37,14.1,11.7,172.0,23.4
2026071120,Antananarivo,13,11.1,10.5,214.0,4.7
2026071120,Dakar,96,123.4,34.3,105.0,1.1
2026071120,New_York,32,21.7,19.3,200.0,31.2
2026071120,Paris,43,8.9,5.3,143.0,6.6
2026071120,Tokyo,36,14.1,11.8,174.0,25.7
2026071121,Antananarivo,12,12.9,12.3,204.0,4.9
2026071121,Dakar,96,121.5,33.5,104.0,1.2
2026071121,New_York,32,23.5,20.9,204.0,37.4
2026071121,Paris,40,8.7,5.1,144.0,7.2
2026071121,Tokyo,35,13.8,11.7,179.0,29.5
2026071122,Antananarivo,12,12.9,12.4,219.0,4.7
2026071122,Dakar,95,117.1,32.4,103.0,1.2
2026071122,New_York,32,24.0,21.5,206.0,46.0
2026071122,Paris,38,9.0,5.2,151.0,9.4
2026071122,Tokyo,34,13.6,11.6,186.0,29.0
2026071123,Antananarivo,13,10.7,10.3,246.0,4.3
2026071123,Dakar,95,113.2,31.5,102.0,1.2
2026071123,New_York,32,24.8,22.2,210.0,52.7
2026071123,Paris,38,9.5,5.6,151.0,9.8
2026071123,Tokyo,33,13.1,11.2,196.0,28.2
2026071200,Antananarivo,13,9.5,9.1,271.0,4.1
2026071200,Dakar,94,110.1,31.1,100.0,1.0
2026071200,New_York,32,26.6,23.8,216.0,55.9
2026071200,Paris,38,9.8,6.0,153.0,9.2
2026071200,Tokyo,32,13.0,11.3,206.0,28.0
2026071201,Antananarivo,14,10.2,9.8,296.0,4.2
2026071201,Dakar,94,107.8,30.4,98.0,0.9
2026071201,New_York,33,29.2,26.2,224.0,57.2
2026071201,Paris,37,9.8,6.5,157.0,9.5
2026071201,Tokyo,31,13.2,11.6,217.0,28.7
2026071202,Antananarivo,14,10.0,9.7,319.0,4.5
2026071202,Dakar,93,104.1,29.5,96.0,0.9
2026071202,New_York,33,30.6,27.6,232.0,57.0
2026071202,Paris,36,10.2,6.7,150.0,9.5
2026071202,Tokyo,30,13.2,11.6,229.0,29.9
2026071203,Antananarivo,15,9.7,9.4,325.0,4.6
2026071203,Dakar,93,99.7,28.6,94.0,0.8
2026071203,New_York,34,29.7,27.0,241.0,55.3
2026071203,Paris,34,10.3,7.1,149.0,8.5
2026071203,Tokyo,30,13.4,11.5,244.0,30.7
2026071204,Antananarivo,15,10.2,9.9,300.0,5.3
2026071204,Dakar,92,96.2,27.9,93.0,0.7
2026071204,New_York,34,27.3,24.8,250.0,52.1
2026071204,Paris,31,10.3,7.2,148.0,7.9
2026071204,Tokyo,29,13.9,11.7,268.0,30.6
2026071205,Antananarivo,16,11.5,11.3,258.0,6.1
2026071205,Dakar,91,94.5,27.4,93.0,0.7
2026071205,New_York,34,24.6,22.3,254.0,47.6
2026071205,Paris,29,10.3,7.3,150.0,7.6
2026071205,Tokyo,29,14.8,12.8,294.0,30.0
2026071206,Antananarivo,16,13.0,12.8,229.0,6.2
2026071206,Dakar,91,92.2,26.9,95.0,0.6
2026071206,New_York,34,22.6,20.5,248.0,41.3
2026071206,Paris,26,10.3,6.8,153.0,7.7
2026071206,Tokyo,29,17.6,15.3,313.0,29.8
2026071207,Antananarivo,17,16.4,16.2,231.0,4.8
2026071207,Dakar,90,92.2,27.0,100.0,0.6
2026071207,New_York,33,21.4,19.5,237.0,33.6
2026071207,Paris,24,10.3,6.9,170.0,9.1
2026071207,Tokyo,29,21.2,18.4,316.0,30.3
2026071208,Antananarivo,18,17.8,17.6,246.0,2.7
2026071208,Dakar,90,91.3,26.7,106.0,0.6
2026071208,New_York,33,20.4,18.3,225.0,24.1
2026071208,Paris,23,9.3,6.0,218.0,9.1
2026071208,Tokyo,29,24.9,21.2,310.0,31.2
2026071209,Antananarivo,22,11.3,10.9,248.0,1.0
2026071209,Dakar,89,90.8,26.6,110.0,0.6
2026071209,New_York,33,21.4,18.6,215.0,20.0
2026071209,Paris,25,8.6,5.6,220.0,7.7
2026071209,Tokyo,30,25.7,22.5,306.0,37.1
2026071210,Antananarivo,26,8.4,7.7,221.0,0.4
2026071210,Dakar,88,90.3,26.5,111.0,0.5
2026071210,New_York,35,21.0,18.1,205.0,14.3
2026071210,Paris,29,8.4,5.2,194.0,6.3
2026071210,Tokyo,30,29.9,26.1,307.0,38.9
2026071211,Antananarivo,28,7.3,6.7,181.0,0.3
2026071211,Dakar,88,90.3,26.4,109.0,0.5
2026071211,New_York,47,20.0,17.5,194.0,9.7
2026071211,Paris,34,8.4,5.3,177.0,5.2
2026071211,Tokyo,30,30.3,26.6,309.0,41.4
2026071212,Antananarivo,30,6.3,5.7,151.0,0.3
2026071212,Dakar,87,100.6,29.0,108.0,0.4
2026071212,New_York,58,18.4,16.8,181.0,7.4
2026071212,Paris,43,8.2,5.2,162.0,3.7
2026071212,Tokyo,31,29.6,27.0,311.0,42.8
2026071213,Antananarivo,31,6.0,5.4,140.0,0.2
2026071213,Dakar,86,102.7,29.3,108.0,0.4
2026071213,New_York,62,17.9,16.9,168.0,6.2
2026071213,Paris,43,7.7,4.7,147.0,3.2
2026071213,Tokyo,31,27.8,25.9,314.0,42.0
2026071214,Antananarivo,32,6.0,5.4,138.0,0.2
2026071214,Dakar,85,105.0,29.6,107.0,0.4
2026071214,New_York,64,18.9,17.9,157.0,5.5
2026071214,Paris,43,7.3,4.5,140.0,2.8
2026071214,Tokyo,32,26.3,24.5,317.0,40.1
2026071215,Antananarivo,28,10.5,9.2,137.0,0.7
2026071215,Dakar,84,106.6,29.8,107.0,0.4
2026071215,New_York,65,19.6,18.5,149.0,4.7
2026071215,Paris,44,6.8,4.2,140.0,2.7
2026071215,Tokyo,32,25.6,23.3,312.0,39.3
2026071216,Antananarivo,26,10.8,9.5,133.0,1.2
2026071216,Dakar,83,107.6,29.9,107.0,0.4
2026071216,New_York,65,19.7,18.5,143.0,4.4
2026071216,Paris,45,6.7,4.2,139.0,3.1
2026071216,Tokyo,33,26.0,23.3,292.0,41.0
2026071217,Antananarivo,23,11.5,10.2,129.0,1.9
2026071217,Dakar,83,108.5,30.0,108.0,0.5
2026071217,New_York,64,18.9,17.7,140.0,6.3
2026071217,Paris,45,6.8,4.1,140.0,3.3
2026071217,Tokyo,34,27.6,24.0,264.0,43.7
2026071218,Antananarivo,20,12.8,11.7,129.0,2.5
2026071218,Dakar,82,108.5,30.0,108.0,0.6
2026071218,New_York,61,19.2,17.4,140.0,12.1
2026071218,Paris,44,6.8,4.0,141.0,3.7
2026071218,Tokyo,35,28.0,23.9,242.0,45.6
2026071219,Antananarivo,20,15.4,14.3,137.0,3.0
2026071219,Dakar,82,108.3,29.7,107.0,0.7
2026071219,New_York,43,19.2,17.2,142.0,20.0
2026071219,Paris,42,6.8,4.0,138.0,4.3
2026071219,Tokyo,36,26.4,22.6,231.0,45.8
2026071220,Antananarivo,21,16.1,15.1,148.0,3.4
2026071220,Dakar,81,108.3,29.3,106.0,0.8
2026071220,New_York,42,26.5,22.9,145.0,26.3
2026071220,Paris,41,6.9,4.0,127.0,5.2
2026071220,Tokyo,37,24.4,21.1,225.0,45.1
2026071221,Antananarivo,21,14.2,13.5,153.0,3.6
2026071221,Dakar,81,108.3,29.1,104.0,0.9
2026071221,New_York,42,24.7,20.9,150.0,30.3
2026071221,Paris,40,6.9,4.2,127.0,5.7
2026071221,Tokyo,38,33.1,28.8,223.0,56.8
2026071222,Antananarivo,21,13.2,12.5,144.0,3.6
2026071222,Dakar,81,108.7,29.1,103.0,0.9
2026071222,New_York,42,23.5,19.6,155.0,35.7
2026071222,Paris,38,7.2,4.3,132.0,6.9
2026071222,Tokyo,39,32.0,27.9,225.0,53.8
2026071223,Antananarivo,21,13.2,12.5,128.0,3.4
2026071223,Dakar,81,110.4,29.4,101.0,0.8
2026071223,New_York,42,23.1,19.2,160.0,38.9
2026071223,Paris,36,7.9,4.3,133.0,7.3
2026071223,Tokyo,41,32.1,27.9,230.0,49.7
2026071300,Antananarivo,21,12.2,11.5,117.0,3.4
2026071300,Dakar,81,105.5,29.3,100.0,0.7
2026071300,New_York,41,22.9,19.0,162.0,37.7
2026071300,Paris,33,8.1,4.4,138.0,6.4
2026071300,Tokyo,43,28.9,25.2,233.0,46.6
2026071301,Antananarivo,22,13.1,12.4,116.0,3.8
2026071301,Dakar,81,110.4,30.5,98.0,0.7
2026071301,New_York,40,23.1,19.1,164.0,34.4
2026071301,Paris,32,8.1,4.6,134.0,6.3
2026071301,Tokyo,46,27.2,23.7,229.0,45.0
2026071302,Antananarivo,22,14.7,13.9,121.0,4.4
2026071302,Dakar,81,115.3,31.8,96.0,0.8
2026071302,New_York,40,22.2,18.7,165.0,32.3
2026071302,Paris,30,8.0,4.5,133.0,5.7
2026071302,Tokyo,48,26.5,23.2,222.0,44.4
2026071303,Antananarivo,22,17.8,17.2,128.0,5.4
2026071303,Dakar,81,120.6,33.4,94.0,0.8
2026071303,New_York,39,22.6,19.2,166.0,33.5
2026071303,Paris,30,7.9,4.5,132.0,4.9
2026071303,Tokyo,50,25.8,22.7,224.0,46.2
2026071304,Antananarivo,23,15.0,14.4,139.0,4.9
2026071304,Dakar,81,127.1,35.2,92.0,0.8
2026071304,New_York,38,22.6,19.4,167.0,35.9
2026071304,Paris,29,7.8,4.7,132.0,4.8
2026071304,Tokyo,52,26.2,23.1,233.0,52.1
2026071305,Antananarivo,23,10.6,10.0,153.0,4.2
2026071305,Dakar,82,131.8,36.6,91.0,0.8
2026071305,New_York,38,22.3,19.3,169.0,36.5
2026071305,Paris,28,8.5,5.2,131.0,4.6
2026071305,Tokyo,54,29.2,26.3,250.0,60.3
2026071306,Antananarivo,23,9.7,9.2,167.0,3.4
2026071306,Dakar,82,134.6,37.6,92.0,0.8
2026071306,New_York,38,22.3,19.4,176.0,33.7
2026071306,Paris,25,8.5,5.6,132.0,7.5
2026071306,Tokyo,56,30.9,28.6,288.0,66.7
2026071307,Antananarivo,23,10.0,9.5,183.0,2.6
2026071307,Dakar,83,134.6,37.8,99.0,0.8
2026071307,New_York,37,22.0,19.4,185.0,29.2
2026071307,Paris,21,10.0,6.0,148.0,10.0
2026071307,Tokyo,58,36.2,34.5,372.0,70.3
2026071308,Antananarivo,22,9.7,9.4,198.0,1.7
2026071308,Dakar,84,131.3,37.0,109.0,0.9
2026071308,New_York,37,26.6,22.9,189.0,28.0
2026071308,Paris,21,10.1,6.4,177.0,14.8
2026071308,Tokyo,60,38.9,37.3,477.0,72.2
2026071309,Antananarivo,25,8.7,8.3,202.0,1.0
2026071309,Dakar,84,126.2,35.7,116.0,0.9
2026071309,New_York,38,27.6,23.5,183.0,24.0
2026071309,Paris,23,10.0,6.0,183.0,13.9
2026071309,Tokyo,61,39.3,36.6,534.0,70.1
2026071310,Antananarivo,28,6.5,6.0,183.0,0.6
2026071310,Dakar,85,120.1,34.0,117.0,0.8
2026071310,New_York,38,27.6,23.3,171.0,18.4
2026071310,Paris,25,9.1,5.7,179.0,11.9
2026071310,Tokyo,61,45.3,42.4,497.0,73.2
2026071311,Antananarivo,29,5.6,4.9,152.0,0.4
2026071311,Dakar,86,116.2,32.5,115.0,0.6
2026071311,New_York,39,25.8,21.7,161.0,13.5
2026071311,Paris,28,8.9,5.6,184.0,10.2
2026071311,Tokyo,62,44.7,42.4,413.0,77.6
2026071312,Antananarivo,30,5.4,4.6,130.0,0.3
2026071312,Dakar,86,125.7,33.8,113.0,0.5
2026071312,New_York,47,23.5,20.0,155.0,9.9
2026071312,Paris,36,8.1,4.9,167.0,7.9
2026071312,Tokyo,62,43.3,41.3,349.0,82.1
2026071313,Antananarivo,31,5.4,4.5,126.0,0.2
2026071313,Dakar,86,125.3,34.0,113.0,0.5
2026071313,New_York,59,21.6,18.3,151.0,6.9
2026071313,Paris,43,7.1,4.8,154.0,6.4
2026071313,Tokyo,63,43.9,41.7,322.0,86.0
2026071314,Antananarivo,32,5.4,4.5,132.0,0.2
2026071314,Dakar,87,129.0,35.2,114.0,0.5
2026071314,New_York,62,21.1,17.6,147.0,5.1
2026071314,Paris,44,7.5,4.6,147.0,4.9
2026071314,Tokyo,63,45.6,43.5,315.0,90.1
2026071315,Antananarivo,31,9.4,7.4,138.0,0.4
2026071315,Dakar,87,134.6,36.8,115.0,0.6
2026071315,New_York,62,22.2,18.4,142.0,4.6
2026071315,Paris,42,8.3,4.7,143.0,4.5
2026071315,Tokyo,64,49.0,47.1,352.0,95.1
2026071316,Antananarivo,29,9.6,7.5,144.0,1.0
2026071316,Dakar,88,138.8,38.1,117.0,0.7
2026071316,New_York,61,21.7,18.0,138.0,5.3
2026071316,Paris,41,8.5,4.8,139.0,4.8
2026071316,Tokyo,65,50.3,48.5,457.0,102.4
2026071317,Antananarivo,26,10.2,8.2,152.0,1.9
2026071317,Dakar,88,143.9,39.2,120.0,0.9
2026071317,New_York,57,19.6,16.4,139.0,7.4
2026071317,Paris,43,8.6,4.8,138.0,5.6
2026071317,Tokyo,65,50.3,48.9,606.0,110.5
2026071318,Antananarivo,23,10.7,9.1,157.0,2.5
2026071318,Dakar,89,146.7,39.7,121.0,1.0
2026071318,New_York,48,17.9,15.0,148.0,11.7
2026071318,Paris,43,8.8,4.8,144.0,5.5
2026071318,Tokyo,66,55.5,54.4,747.0,116.6
2026071319,Antananarivo,20,9.8,8.5,160.0,2.6
2026071319,Dakar,89,145.8,39.0,119.0,1.1
2026071319,New_York,39,17.9,15.1,161.0,17.5
2026071319,Paris,43,9.0,5.0,141.0,7.3
2026071319,Tokyo,67,54.1,53.1,888.0,119.6
2026071320,Antananarivo,20,9.8,8.7,162.0,2.4
2026071320,Dakar,90,137.8,36.4,115.0,1.2
2026071320,New_York,39,24.7,21.3,171.0,27.2
2026071320,Paris,41,9.1,5.0,133.0,7.8
2026071320,Tokyo,68,54.5,53.6,1020.0,120.5
2026071321,Antananarivo,19,8.0,7.2,158.0,2.2
2026071321,Dakar,90,124.8,32.8,112.0,1.2
2026071321,New_York,39,23.6,20.5,174.0,28.0
2026071321,Paris,39,9.9,5.3,134.0,8.4
2026071321,Tokyo,69,28.5,28.2,1072.0,87.3
2026071322,Antananarivo,18,6.6,5.9,144.0,1.9
2026071322,Dakar,91,112.9,29.2,111.0,1.2
2026071322,New_York,39,21.9,19.2,174.0,28.9
2026071322,Paris,38,10.7,5.9,146.0,10.3
2026071322,Tokyo,69,30.0,29.7,981.0,86.6
2026071323,Antananarivo,19,5.5,4.9,124.0,1.5
2026071323,Dakar,91,101.7,25.7,110.0,1.2
2026071323,New_York,39,20.0,17.6,173.0,28.3
2026071323,Paris,35,11.3,6.3,144.0,9.8
2026071323,Tokyo,69,30.0,29.7,810.0,85.5
2026071400,Antananarivo,20,4.1,3.5,110.0,1.2
2026071400,Dakar,91,85.0,21.8,108.0,1.0
2026071400,New_York,39,18.3,16.2,174.0,24.8
2026071400,Paris,35,11.5,6.6,147.0,9.5
2026071400,Tokyo,70,29.2,28.9,666.0,83.6
2026071401,Antananarivo,21,3.6,3.0,109.0,1.1
2026071401,Dakar,90,85.7,20.3,104.0,0.9
2026071401,New_York,38,17.2,15.3,174.0,19.9
2026071401,Paris,37,12.0,7.8,155.0,9.4
2026071401,Tokyo,70,26.3,25.9,592.0,80.8
2026071402,Antananarivo,21,3.5,2.9,115.0,1.1
2026071402,Dakar,90,87.8,19.8,99.0,0.9
2026071402,New_York,38,16.4,14.5,173.0,16.4
2026071402,Paris,32,12.1,7.0,154.0,8.2
2026071402,Tokyo,70,24.6,24.1,547.0,77.2
2026071403,Antananarivo,20,3.7,3.1,118.0,1.2
2026071403,Dakar,89,93.1,20.6,95.0,0.8
2026071403,New_York,38,15.9,13.9,168.0,15.7
2026071403,Paris,29,13.1,7.4,152.0,6.6
2026071403,Tokyo,70,22.5,21.9,515.0,72.3
2026071404,Antananarivo,21,3.5,2.8,115.0,1.2
2026071404,Dakar,89,97.6,22.0,93.0,0.8
2026071404,New_York,37,15.7,13.6,161.0,16.3
2026071404,Paris,28,14.4,8.2,155.0,6.6
2026071404,Tokyo,70,20.7,20.2,503.0,64.9
2026071405,Antananarivo,21,4.5,3.6,110.0,1.2
2026071405,Dakar,89,101.7,23.5,93.0,0.8
2026071405,New_York,37,15.4,13.3,158.0,17.0
2026071405,Paris,28,16.6,8.5,164.0,7.8
2026071405,Tokyo,70,21.0,20.5,504.0,56.3
2026071406,Antananarivo,22,3.5,2.9,109.0,1.2
2026071406,Dakar,88,110.1,25.1,97.0,0.9
2026071406,New_York,36,15.3,13.1,163.0,17.6
2026071406,Paris,28,16.0,8.8,163.0,11.8
2026071406,Tokyo,69,23.4,22.9,488.0,49.9
2026071407,Antananarivo,23,4.3,3.7,115.0,1.0
2026071407,Dakar,88,107.6,25.0,109.0,1.0
2026071407,New_York,36,15.4,13.2,172.0,18.3
2026071407,Paris,24,17.0,9.4,160.0,18.9
2026071407,Tokyo,69,27.8,27.2,432.0,47.7
2026071408,Antananarivo,24,4.7,4.0,125.0,0.8
2026071408,Dakar,87,106.4,25.4,126.0,1.2
2026071408,New_York,35,13.6,11.8,180.0,17.9
2026071408,Paris,22,17.2,10.4,231.0,24.1
2026071408,Tokyo,69,30.7,30.2,358.0,47.7
2026071409,Antananarivo,26,5.1,4.2,132.0,0.6
2026071409,Dakar,87,106.4,26.0,138.0,1.2
2026071409,New_York,34,15.7,13.7,189.0,15.4
2026071409,Paris,23,18.0,10.4,230.0,26.1
2026071409,Tokyo,69,25.0,24.7,303.0,55.3
2026071410,Antananarivo,27,5.4,4.4,133.0,0.5
2026071410,Dakar,86,105.7,26.4,140.0,1.1
2026071410,New_York,49,18.3,16.1,197.0,12.0
2026071410,Paris,26,18.0,10.0,226.0,21.1
2026071410,Tokyo,68,29.2,28.9,288.0,51.6
2026071411,Antananarivo,28,5.7,4.6,131.0,0.4
2026071411,Dakar,86,104.3,26.7,137.0,0.9
2026071411,New_York,63,21.1,18.6,198.0,9.0
2026071411,Paris,32,17.9,10.0,220.0,17.2
2026071411,Tokyo,68,31.0,30.5,293.0,46.4
2026071412,Antananarivo,28,6.1,4.9,131.0,0.3
2026071412,Dakar,86,102.0,28.3,133.0,0.6
2026071412,New_York,65,21.4,19.7,187.0,6.9
2026071412,Paris,43,16.0,9.4,217.0,13.0
2026071412,Tokyo,68,31.3,30.6,293.0,41.2
2026071413,Antananarivo,29,6.3,5.0,136.0,0.2
2026071413,Dakar,86,102.9,28.6,130.0,0.6
2026071413,New_York,66,22.8,21.0,169.0,5.2
2026071413,Paris,54,16.2,9.1,213.0,11.1
2026071413,Tokyo,67,30.0,29.3,275.0,36.1
2026071414,Antananarivo,28,5.8,4.7,143.0,0.2
2026071414,Dakar,85,104.5,28.9,126.0,0.6
2026071414,New_York,67,22.8,21.0,156.0,4.1
2026071414,Paris,61,16.6,8.9,205.0,9.2
2026071414,Tokyo,67,29.9,28.9,251.0,31.0
2026071415,Antananarivo,29,5.4,4.4,149.0,0.5
2026071415,Dakar,85,105.2,29.1,124.0,0.7
2026071415,New_York,67,22.9,21.0,154.0,3.6
2026071415,Paris,61,16.3,8.6,203.0,8.7
2026071415,Tokyo,66,29.2,27.9,236.0,28.0
2026071416,Antananarivo,27,5.4,4.5,149.0,1.4
2026071416,Dakar,84,108.5,29.7,125.0,0.9
2026071416,New_York,66,22.9,21.1,157.0,3.6
2026071416,Paris,61,15.8,8.0,201.0,8.7
2026071416,Tokyo,66,28.6,27.1,238.0,28.4
2026071417,Antananarivo,24,6.8,5.7,147.0,2.7
2026071417,Dakar,84,112.5,30.4,128.0,1.3
2026071417,New_York,65,22.6,20.9,161.0,4.6
2026071417,Paris,61,15.7,7.9,195.0,9.5
2026071417,Tokyo,65,28.1,26.3,248.0,30.8
2026071418,Antananarivo,21,10.0,8.9,152.0,3.6
2026071418,Dakar,83,110.4,29.9,130.0,1.6
2026071418,New_York,63,22.2,20.6,164.0,7.2
2026071418,Paris,61,15.9,7.9,194.0,11.4
2026071418,Tokyo,64,27.1,25.1,254.0,33.2
2026071419,Antananarivo,19,10.5,9.3,174.0,3.8
2026071419,Dakar,83,107.3,29.1,131.0,1.9
2026071419,New_York,62,23.1,21.9,167.0,10.7
2026071419,Paris,50,16.0,7.9,197.0,14.1
2026071419,Tokyo,63,26.7,24.5,250.0,34.9
2026071420,Antananarivo,17,11.0,9.7,203.0,3.6
2026071420,Dakar,82,106.6,28.7,130.0,2.2
2026071420,New_York,61,60.3,55.3,170.0,14.4
2026071420,Paris,49,14.3,8.0,161.0,12.7
2026071420,Tokyo,62,26.5,24.2,242.0,36.6
2026071421,Antananarivo,16,11.6,10.3,222.0,3.5
2026071421,Dakar,82,109.9,29.2,129.0,2.6
2026071421,New_York,57,60.1,55.8,173.0,15.7
2026071421,Paris,47,14.9,8.2,157.0,11.0
2026071421,Tokyo,61,34.1,28.4,234.0,37.9
2026071422,Antananarivo,15,11.9,10.7,219.0,3.6
2026071422,Dakar,81,114.6,30.0,125.0,3.0
2026071422,New_York,51,58.3,54.4,175.0,17.4
2026071422,Paris,48,15.8,8.3,160.0,10.5
2026071422,Tokyo,61,33.5,27.9,228.0,37.1
2026071423,Antananarivo,15,11.9,10.8,206.0,3.7
2026071423,Dakar,81,120.1,31.3,120.0,3.5
2026071423,New_York,47,55.4,51.7,177.0,18.0
2026071423,Paris,49,16.5,8.6,165.0,10.0
2026071423,Tokyo,61,32.8,27.2,222.0,36.0
2026071500,Antananarivo,15,11.6,10.4,198.0,3.8
2026071500,Dakar,82,126.2,41.7,118.0,2.8
2026071500,New_York,53,51.2,48.1,179.0,16.4
2026071500,Paris,48,15.1,8.7,169.0,9.8
2026071500,Tokyo,61,30.9,25.7,217.0,35.2
2026071501,Antananarivo,14,11.8,10.7,203.0,3.9
2026071501,Dakar,82,119.0,40.5,125.0,2.9
2026071501,New_York,58,45.4,43.2,179.0,13.7
2026071501,Paris,47,15.8,8.8,172.0,9.2
2026071501,Tokyo,61,29.3,24.4,210.0,34.8
2026071502,Antananarivo,14,12.3,11.1,213.0,4.0
2026071502,Dakar,83,112.9,39.7,135.0,2.9
2026071502,New_York,61,38.9,37.6,179.0,11.7
2026071502,Paris,45,15.6,9.0,164.0,7.5
2026071502,Tokyo,61,28.6,23.9,204.0,34.7
2026071503,Antananarivo,13,18.5,17.3,219.0,6.8
2026071503,Dakar,83,108.7,39.2,139.0,3.0
2026071503,New_York,61,33.4,32.6,175.0,11.2
2026071503,Paris,42,15.9,9.3,165.0,6.9
2026071503,Tokyo,61,28.2,23.9,204.0,35.5
2026071504,Antananarivo,14,18.6,17.4,215.0,7.1
2026071504,Dakar,84,104.8,38.9,127.0,3.0
2026071504,New_York,62,29.2,28.5,170.0,11.4
2026071504,Paris,38,15.7,9.4,170.0,6.2
2026071504,Tokyo,61,26.0,22.6,216.0,38.4
2026071505,Antananarivo,15,19.1,17.9,208.0,7.5
2026071505,Dakar,84,102.4,38.6,109.0,3.0
2026071505,New_York,62,26.4,25.8,168.0,12.2
2026071505,Paris,35,15.6,9.7,169.0,6.9
2026071505,Tokyo,61,28.4,24.7,234.0,42.2
2026071506,Antananarivo,16,20.5,19.2,209.0,7.2
2026071506,Dakar,84,100.1,38.2,102.0,3.0
2026071506,New_York,63,24.7,24.1,172.0,14.3
2026071506,Paris,32,15.2,9.4,170.0,9.6
2026071506,Tokyo,61,33.6,28.0,251.0,44.2
2026071507,Antananarivo,18,21.4,19.8,230.0,5.7
2026071507,Dakar,83,97.3,37.4,119.0,2.9
2026071507,New_York,63,23.1,22.5,179.0,16.9
2026071507,Paris,29,13.9,9.3,176.0,17.6
2026071507,Tokyo,61,36.4,30.4,264.0,43.2
2026071508,Antananarivo,22,21.7,20.6,259.0,3.6
2026071508,Dakar,83,95.9,36.9,147.0,2.8
2026071508,New_York,64,23.2,22.7,183.0,17.3
2026071508,Paris,26,13.9,9.0,230.0,23.4
2026071508,Tokyo,62,40.9,33.8,275.0,40.5
2026071509,Antananarivo,28,18.0,16.8,271.0,1.9
2026071509,Dakar,83,96.9,37.4,171.0,2.6
2026071509,New_York,64,21.8,21.3,181.0,13.8
2026071509,Paris,27,14.2,8.7,225.0,20.7
2026071509,Tokyo,62,38.3,31.4,280.0,30.2
2026071510,Antananarivo,30,11.8,10.2,251.0,1.1
2026071510,Dakar,83,98.3,38.3,184.0,2.2
2026071510,New_York,64,20.4,19.9,175.0,8.9
2026071510,Paris,28,13.5,8.4,211.0,14.4
2026071510,Tokyo,62,39.8,32.6,277.0,26.5
2026071511,Antananarivo,30,8.9,7.8,214.0,0.6
2026071511,Dakar,83,101.0,39.8,193.0,1.7
2026071511,New_York,64,21.7,21.0,167.0,5.1
2026071511,Paris,32,13.3,8.0,200.0,9.7
2026071511,Tokyo,62,40.3,32.9,267.0,21.4
2026071512,Antananarivo,31,7.0,6.1,180.0,0.4
2026071512,Dakar,83,101.7,45.6,194.0,1.8
2026071512,New_York,64,22.9,22.0,157.0,3.6
2026071512,Paris,42,12.4,7.3,189.0,6.9
2026071512,Tokyo,63,39.3,32.5,252.0,17.4
2026071513,Antananarivo,32,6.7,5.8,151.0,0.2
2026071513,Dakar,83,91.3,43.1,184.0,1.8
2026071513,New_York,64,22.1,21.1,145.0,3.1
2026071513,Paris,51,12.4,7.3,183.0,5.9
2026071513,Tokyo,64,38.1,31.3,226.0,15.0
2026071514,Antananarivo,33,6.6,5.7,126.0,0.1
2026071514,Dakar,83,79.6,40.2,166.0,1.8
2026071514,New_York,64,20.3,19.4,136.0,3.0
2026071514,Paris,52,11.9,7.1,182.0,5.7
2026071514,Tokyo,64,37.0,30.2,196.0,13.6
2026071515,Antananarivo,32,9.8,8.5,122.0,0.5
2026071515,Dakar,82,65.7,35.5,153.0,1.8
2026071515,New_York,64,19.0,18.3,131.0,2.6
2026071515,Paris,55,11.1,6.7,176.0,5.8
2026071515,Tokyo,63,35.3,28.6,180.0,14.0
2026071516,Antananarivo,30,9.6,8.4,151.0,1.6
2026071516,Dakar,82,48.4,28.2,150.0,1.8
2026071516,New_York,64,17.1,16.5,129.0,2.5
2026071516,Paris,55,11.7,7.1,179.0,6.1
2026071516,Tokyo,62,33.6,27.4,193.0,17.5
2026071517,Antananarivo,26,10.4,9.4,201.0,3.3
2026071517,Dakar,81,35.0,21.8,152.0,1.8
2026071517,New_York,64,15.0,14.6,129.0,3.3
2026071517,Paris,56,11.5,7.3,178.0,7.0
2026071517,Tokyo,62,32.1,26.4,221.0,22.8
2026071518,Antananarivo,24,14.1,13.2,256.0,4.9
2026071518,Dakar,79,27.3,17.2,151.0,1.9
2026071518,New_York,64,14.1,13.7,134.0,5.9
2026071518,Paris,54,11.3,7.3,180.0,8.4
2026071518,Tokyo,62,29.8,25.1,240.0,27.0
2026071519,Antananarivo,24,17.5,16.8,318.0,6.4
2026071519,Dakar,78,23.3,14.7,145.0,2.1
2026071519,New_York,64,16.2,15.8,142.0,9.4
2026071519,Paris,50,10.7,7.3,183.0,10.3
2026071519,Tokyo,62,27.5,23.9,240.0,29.0
2026071520,Antananarivo,25,20.5,19.9,385.0,8.0
2026071520,Dakar,76,18.9,12.0,137.0,2.3
2026071520,New_York,64,37.7,36.6,147.0,16.1
2026071520,Paris,47,10.2,7.3,165.0,11.4
2026071520,Tokyo,62,24.7,22.3,230.0,29.9
2026071521,Antananarivo,25,26.1,25.5,427.0,9.3
2026071521,Dakar,75,14.8,9.7,130.0,2.5
2026071521,New_York,63,39.6,38.5,145.0,19.4
2026071521,Paris,43,9.8,6.9,163.0,11.9
2026071521,Tokyo,62,21.7,19.7,220.0,28.0
2026071522,Antananarivo,27,28.6,27.9,432.0,10.3
2026071522,Dakar,73,12.7,7.7,125.0,2.5
2026071522,New_York,62,40.9,39.7,140.0,23.7
2026071522,Paris,38,9.7,6.9,167.0,12.3
2026071522,Tokyo,62,21.7,19.4,210.0,27.3
2026071523,Antananarivo,28,29.9,29.2,412.0,11.1
2026071523,Dakar,72,11.1,6.3,120.0,2.5
2026071523,New_York,62,41.1,40.0,139.0,26.1
2026071523,Paris,35,10.0,7.2,171.0,11.8
2026071523,Tokyo,62,22.8,19.6,198.0,26.3
2026071600,Antananarivo,30,32.5,31.7,379.0,11.6
2026071600,Dakar,70,10.5,6.1,116.0,2.1
2026071600,New_York,61,40.6,39.6,144.0,24.4
2026071600,Paris,32,10.9,7.5,171.0,13.0
2026071600,Tokyo,61,22.8,19.1,193.0,25.5
2026071601,Antananarivo,31,34.3,33.6,322.0,11.7
2026071601,Dakar,68,10.5,6.0,113.0,2.1
2026071601,New_York,61,39.8,38.8,153.0,20.7
2026071601,Paris,31,11.2,7.6,180.0,14.1
2026071601,Tokyo,61,23.1,18.9,196.0,24.7
2026071602,Antananarivo,33,34.6,33.9,252.0,11.5
2026071602,Dakar,66,10.5,5.9,111.0,2.0
2026071602,New_York,61,38.9,37.8,160.0,18.1
2026071602,Paris,29,11.3,7.6,168.0,11.2
2026071602,Tokyo,61,23.3,18.7,205.0,24.2
2026071603,Antananarivo,35,51.3,50.3,210.0,16.2
2026071603,Dakar,64,10.3,5.7,110.0,2.0
2026071603,New_York,61,38.0,36.9,161.0,17.6
2026071603,Paris,29,11.0,7.5,164.0,8.7
2026071603,Tokyo,61,22.6,17.9,218.0,25.0
2026071604,Antananarivo,38,51.7,50.6,218.0,17.4
2026071604,Dakar,63,9.8,5.4,108.0,2.0
2026071604,New_York,61,37.3,36.2,161.0,18.3
2026071604,Paris,28,10.7,7.7,164.0,8.8
2026071604,Tokyo,61,22.9,18.0,239.0,28.4
2026071605,Antananarivo,41,53.0,51.9,253.0,18.7
2026071605,Dakar,61,8.7,4.8,107.0,2.1
2026071605,New_York,61,37.1,36.2,164.0,20.0
2026071605,Paris,26,11.4,7.8,163.0,9.5
2026071605,Tokyo,60,23.8,19.1,265.0,33.2
2026071606,Antananarivo,47,55.8,54.8,290.0,18.1
2026071606,Dakar,58,7.4,4.0,107.0,2.2
2026071606,New_York,62,37.6,36.7,177.0,24.4
2026071606,Paris,24,11.6,8.3,169.0,14.5
2026071606,Tokyo,60,27.9,22.4,281.0,37.0
2026071607,Antananarivo,53,65.2,64.3,332.0,13.5
2026071607,Dakar,51,6.5,3.5,109.0,2.3
2026071607,New_York,62,38.5,37.6,194.0,29.8
2026071607,Paris,22,11.9,9.1,176.0,21.9
2026071607,Tokyo,60,34.9,28.1,280.0,38.8
2026071608,Antananarivo,60,48.2,47.1,375.0,6.9
2026071608,Dakar,43,6.2,3.4,112.0,2.3
2026071608,New_York,63,45.2,44.2,204.0,28.3
2026071608,Paris,19,13.6,9.7,259.0,29.1
2026071608,Tokyo,60,33.9,29.0,269.0,39.5
2026071609,Antananarivo,61,24.9,23.7,384.0,1.9
2026071609,Dakar,38,6.3,3.7,114.0,2.3
2026071609,New_York,63,43.8,42.7,203.0,22.4
2026071609,Paris,19,14.6,9.9,277.0,31.3
2026071609,Tokyo,59,50.3,43.0,262.0,33.8
2026071610,Antananarivo,61,16.6,15.7,329.0,0.3
2026071610,Dakar,34,6.4,3.9,113.0,2.1
2026071610,New_York,64,42.6,41.6,195.0,14.2
2026071610,Paris,25,14.6,9.0,273.0,24.5
2026071610,Tokyo,60,49.8,44.1,261.0,34.2
2026071611,Antananarivo,61,9.6,9.0,240.0,0.2
2026071611,Dakar,31,6.6,4.2,110.0,1.7
2026071611,New_York,65,42.1,41.2,185.0,7.9
2026071611,Paris,32,12.8,8.9,253.0,15.1
2026071611,Tokyo,61,51.7,46.9,263.0,34.7
2026071612,Antananarivo,61,8.1,7.5,170.0,0.4
2026071612,Dakar,30,7.0,4.6,108.0,1.3
2026071612,New_York,67,42.4,41.4,173.0,5.3
2026071612,Paris,48,12.3,8.2,224.0,10.0
2026071612,Tokyo,61,54.6,50.1,271.0,34.9
2026071613,Antananarivo,61,7.2,6.7,136.0,0.2
2026071613,Dakar,29,7.0,4.7,108.0,1.2
2026071613,New_York,68,42.7,41.7,158.0,4.6
2026071613,Paris,57,11.3,8.3,211.0,9.4
2026071613,Tokyo,62,57.7,52.9,291.0,33.9
2026071614,Antananarivo,62,6.6,6.1,121.0,0.1
2026071614,Dakar,28,7.7,5.0,108.0,1.0
2026071614,New_York,68,41.7,40.7,147.0,4.4
2026071614,Paris,62,11.8,8.3,211.0,7.6
2026071614,Tokyo,63,55.2,50.3,317.0,32.6
2026071615,Antananarivo,62,4.0,3.8,126.0,0.5
2026071615,Dakar,26,8.6,5.2,109.0,0.9
2026071615,New_York,68,40.4,39.6,141.0,4.1
2026071615,Paris,62,11.1,8.8,214.0,9.4
2026071615,Tokyo,63,47.6,43.1,332.0,33.5
2026071616,Antananarivo,61,3.0,2.9,161.0,1.5
2026071616,Dakar,25,9.1,5.3,110.0,1.0
2026071616,New_York,68,39.9,39.0,138.0,4.2
2026071616,Paris,62,10.7,8.1,235.0,10.8
2026071616,Tokyo,64,49.2,44.0,326.0,38.4
2026071617,Antananarivo,61,3.9,3.8,215.0,3.0
2026071617,Dakar,24,9.7,5.6,111.0,1.1
2026071617,New_York,69,38.9,38.0,139.0,5.4
2026071617,Paris,62,11.0,7.8,228.0,11.2
2026071617,Tokyo,64,44.2,39.5,310.0,45.6
2026071618,Antananarivo,61,7.8,7.7,257.0,4.5
2026071618,Dakar,22,10.0,5.7,112.0,1.3
2026071618,New_York,70,37.8,36.8,144.0,8.4
2026071618,Paris,62,9.8,7.4,216.0,20.8
2026071618,Tokyo,65,41.6,37.0,301.0,52.3
2026071619,Antananarivo,61,10.0,9.8,276.0,5.9
2026071619,Dakar,22,10.5,6.1,112.0,1.5
2026071619,New_York,71,38.3,37.1,151.0,12.4
2026071619,Paris,57,10.1,6.9,249.0,20.6
2026071619,Tokyo,65,40.3,36.7,311.0,58.3
2026071620,Antananarivo,61,12.8,12.7,282.0,7.3
2026071620,Dakar,21,10.0,5.7,112.0,1.6
2026071620,New_York,71,101.5,98.3,161.0,18.1
2026071620,Paris,55,8.8,6.9,197.0,20.3
2026071620,Tokyo,65,44.1,41.3,327.0,63.8
2026071621,Antananarivo,60,20.1,19.8,274.0,8.2
2026071621,Dakar,20,10.4,6.0,112.0,1.7
2026071621,New_York,73,96.6,93.8,174.0,22.1
2026071621,Paris,47,8.8,6.8,196.0,22.2
2026071621,Tokyo,66,41.7,35.4,330.0,68.8
2026071622,Antananarivo,60,28.0,27.7,244.0,8.6
2026071622,Dakar,20,9.4,5.4,111.0,1.7
2026071622,New_York,75,91.3,88.7,189.0,27.4
2026071622,Paris,40,9.1,6.9,205.0,23.8
2026071622,Tokyo,66,41.3,35.3,306.0,70.2
2026071623,Antananarivo,60,28.8,28.3,199.0,8.6
2026071623,Dakar,20,9.2,5.3,109.0,1.7
2026071623,New_York,77,85.9,83.4,198.0,30.1
2026071623,Paris,36,10.7,7.1,214.0,27.6
2026071623,Tokyo,67,41.0,36.1,268.0,72.1
2026071700,Antananarivo,60,24.7,24.0,165.0,8.2
2026071700,Dakar,20,9.4,5.5,107.0,1.5
2026071700,New_York,78,82.0,79.6,198.0,27.7
2026071700,Paris,31,11.3,8.0,228.0,30.9
2026071700,Tokyo,68,36.8,32.5,237.0,73.1
2026071701,Antananarivo,59,20.7,19.9,148.0,7.0
2026071701,Dakar,20,10.1,5.9,105.0,1.5
2026071701,New_York,80,79.6,77.3,193.0,22.6
2026071701,Paris,26,11.8,8.6,238.0,32.7
2026071701,Tokyo,68,33.9,30.3,218.0,72.8
2026071702,Antananarivo,57,17.9,17.1,140.0,5.4
2026071702,Dakar,20,10.0,5.8,102.0,1.4
2026071702,New_York,81,78.5,75.9,189.0,18.8
2026071702,Paris,25,12.6,10.0,217.0,24.9
2026071702,Tokyo,68,31.0,27.8,205.0,71.6
2026071703,Antananarivo,54,15.7,14.9,144.0,4.4
2026071703,Dakar,20,10.2,5.9,101.0,1.4
2026071703,New_York,82,77.8,75.4,186.0,17.7
2026071703,Paris,26,12.1,7.6,202.0,17.5
2026071703,Tokyo,69,28.3,25.5,200.0,69.0
2026071704,Antananarivo,48,13.5,12.7,166.0,4.2
2026071704,Dakar,20,10.6,6.1,99.0,1.3
2026071704,New_York,83,77.1,74.7,183.0,17.7
2026071704,Paris,26,10.9,7.3,182.0,13.3
2026071704,Tokyo,69,25.7,23.3,208.0,63.9
2026071705,Antananarivo,42,12.7,12.0,199.0,3.9
2026071705,Dakar,20,10.9,6.2,98.0,1.3
2026071705,New_York,85,76.1,73.8,183.0,18.5
2026071705,Paris,23,11.1,7.7,172.0,11.7
2026071705,Tokyo,69,24.4,21.8,224.0,57.5
2026071706,Antananarivo,38,12.7,12.3,222.0,3.4
2026071706,Dakar,20,10.9,6.2,103.0,1.3
2026071706,New_York,86,75.0,72.9,191.0,20.9
2026071706,Paris,21,12.9,8.7,178.0,14.4
2026071706,Tokyo,69,25.6,22.9,233.0,52.4
2026071707,Antananarivo,34,15.7,15.3,224.0,2.7
2026071707,Dakar,20,11.3,6.0,122.0,1.5
2026071707,New_York,87,73.6,71.5,203.0,24.0
2026071707,Paris,18,16.4,10.0,185.0,25.7
2026071707,Tokyo,69,26.7,23.9,219.0,49.6
2026071708,Antananarivo,30,16.5,16.3,216.0,1.8
2026071708,Dakar,21,13.9,6.1,147.0,1.7
2026071708,New_York,88,75.9,74.0,208.0,20.0
2026071708,Paris,18,17.6,11.1,301.0,31.1
2026071708,Tokyo,69,25.0,22.0,199.0,48.3
2026071709,Antananarivo,30,11.0,10.6,204.0,1.1
2026071709,Dakar,22,13.8,5.9,161.0,1.8
2026071709,New_York,89,65.2,63.6,201.0,16.0
2026071709,Paris,22,18.7,12.3,283.0,26.4
2026071709,Tokyo,69,40.6,35.6,210.0,45.4
2026071710,Antananarivo,32,7.7,7.0,187.0,0.7
2026071710,Dakar,23,11.3,5.3,152.0,1.6
2026071710,New_York,90,51.6,50.3,186.0,10.4
2026071710,Paris,26,17.5,14.0,275.0,25.4
2026071710,Tokyo,69,40.6,36.1,290.0,47.0
2026071711,Antananarivo,32,6.4,5.7,166.0,0.4
2026071711,Dakar,25,8.6,4.6,131.0,1.2
2026071711,New_York,90,39.7,38.5,173.0,6.1
2026071711,Paris,30,16.9,11.9,269.0,19.8
2026071711,Tokyo,68,36.2,32.0,402.0,48.9
2026071712,Antananarivo,32,5.1,4.5,150.0,0.3
2026071712,Dakar,26,22.5,11.8,116.0,0.9
2026071712,New_York,90,31.7,30.6,162.0,4.1
2026071712,Paris,37,15.6,10.8,263.0,19.7
2026071712,Tokyo,68,36.8,31.8,467.0,49.0
2026071713,Antananarivo,32,4.5,4.0,135.0,0.0
2026071713,Dakar,26,19.3,10.0,113.0,0.8
2026071713,New_York,90,27.3,26.4,152.0,3.3
2026071713,Paris,46,14.7,10.4,252.0,16.6
2026071713,Tokyo,67,37.5,31.4,437.0,45.1
2026071714,Antananarivo,33,4.4,3.9,125.0,0.0
2026071714,Dakar,25,15.9,8.2,116.0,0.7
2026071714,New_York,89,24.0,23.2,144.0,3.0
2026071714,Paris,53,13.7,9.4,236.0,11.0
2026071714,Tokyo,67,31.8,26.4,360.0,39.3
2026071715,Antananarivo,32,6.1,5.4,144.0,0.4
2026071715,Dakar,25,13.6,7.1,119.0,0.7
2026071715,New_York,89,21.4,20.7,136.0,2.0
2026071715,Paris,56,12.8,8.3,216.0,10.0
2026071715,Tokyo,66,30.5,25.3,309.0,35.3
2026071716,Antananarivo,30,6.2,5.5,225.0,2.9
2026071716,Dakar,24,11.4,6.1,122.0,0.8
2026071716,New_York,88,19.0,18.4,129.0,1.5
2026071716,Paris,55,11.5,7.8,221.0,10.9
2026071716,Tokyo,65,29.1,24.2,317.0,35.1
2026071717,Antananarivo,27,9.3,8.6,334.0,6.2
2026071717,Dakar,23,9.8,5.4,126.0,0.9
2026071717,New_York,87,17.1,16.5,131.0,3.8
2026071717,Paris,54,10.9,8.0,195.0,8.7
2026071717,Tokyo,64,26.0,22.0,350.0,36.6
2026071718,Antananarivo,25,19.0,18.3,392.0,8.5
2026071718,Dakar,22,8.6,4.8,131.0,1.1
2026071718,New_York,87,15.7,15.1,148.0,10.4
2026071718,Paris,50,10.2,7.7,183.0,8.3
2026071718,Tokyo,64,27.0,23.4,377.0,37.5
2026071719,Antananarivo,26,28.0,27.2,348.0,8.8
2026071719,Dakar,21,8.1,4.6,138.0,1.3
2026071719,New_York,86,15.4,15.0,173.0,19.8
2026071719,Paris,48,12.6,8.0,179.0,11.6
2026071719,Tokyo,63,25.3,21.8,390.0,36.8
2026071720,Antananarivo,28,27.7,26.8,252.0,8.0
2026071720,Dakar,20,7.7,4.5,147.0,1.5
2026071720,New_York,85,22.6,22.2,192.0,33.8
2026071720,Paris,43,12.1,7.7,152.0,14.1
2026071720,Tokyo,63,24.2,21.0,396.0,35.6
2026071721,Antananarivo,29,22.7,21.6,175.0,7.0
2026071721,Dakar,19,7.7,4.4,150.0,1.6
2026071721,New_York,83,30.5,30.0,199.0,45.4
2026071721,Paris,34,15.1,7.8,190.0,14.9
2026071721,Tokyo,62,19.7,17.2,390.0,37.6
2026071722,Antananarivo,29,20.0,18.8,145.0,5.7
2026071722,Dakar,18,7.9,4.5,145.0,1.5
2026071722,New_York,81,36.1,35.5,201.0,60.9
2026071722,Paris,32,13.6,7.8,199.0,18.8
2026071722,Tokyo,62,19.4,16.5,362.0,35.8
2026071723,Antananarivo,28,15.9,14.8,135.0,4.1
2026071723,Dakar,19,8.1,4.6,136.0,1.3
2026071723,New_York,79,40.4,39.6,201.0,69.0
2026071723,Paris,28,14.8,8.4,214.0,23.2
2026071723,Tokyo,61,18.1,15.4,322.0,33.2
2026071800,Antananarivo,27,11.6,10.6,130.0,2.9
2026071800,Dakar,19,9.4,5.3,127.0,1.0
2026071800,New_York,77,41.8,40.9,201.0,63.0
2026071800,Paris,24,15.9,9.3,235.0,26.6
2026071800,Tokyo,60,16.8,13.8,291.0,31.1
2026071801,Antananarivo,26,9.2,8.4,126.0,2.5
2026071801,Dakar,19,10.1,5.7,118.0,0.9
2026071801,New_York,76,43.4,42.3,199.0,49.6
2026071801,Paris,22,14.9,9.7,204.0,22.8
2026071801,Tokyo,59,15.7,12.7,278.0,30.0
2026071802,Antananarivo,25,8.3,7.7,128.0,2.5
2026071802,Dakar,20,10.5,6.0,110.0,0.6
2026071802,New_York,75,46.2,44.8,199.0,38.0
2026071802,Paris,23,15.4,9.1,169.0,16.0
2026071802,Tokyo,56,14.1,11.2,274.0,29.4
2026071803,Antananarivo,24,6.0,5.3,135.0,1.6
2026071803,Dakar,20,11.1,6.3,104.0,0.5
2026071803,New_York,74,50.5,48.8,201.0,31.3
2026071803,Paris,22,15.1,9.4,171.0,14.9
2026071803,Tokyo,53,12.3,9.6,278.0,28.7
2026071804,Antananarivo,24,5.9,5.2,149.0,1.7
2026071804,Dakar,20,11.2,6.4,103.0,0.5
2026071804,New_York,73,55.5,53.3,204.0,26.4
2026071804,Paris,22,14.6,9.3,170.0,12.3
2026071804,Tokyo,50,10.9,8.4,295.0,27.9
2026071805,Antananarivo,23,5.8,5.2,167.0,1.8
2026071805,Dakar,20,11.1,6.3,104.0,0.5
2026071805,New_York,72,61.0,58.7,206.0,23.3
2026071805,Paris,21,14.6,9.8,173.0,12.4
2026071805,Tokyo,48,10.4,8.1,321.0,27.0
2026071806,Antananarivo,22,5.8,5.3,183.0,1.8
2026071806,Dakar,20,10.3,5.9,106.0,0.5
2026071806,New_York,72,67.1,64.5,205.0,22.6
2026071806,Paris,20,15.0,10.0,177.0,12.6
2026071806,Tokyo,45,11.9,9.6,340.0,25.6
2026071807,Antananarivo,22,7.0,6.7,194.0,1.6
2026071807,Dakar,20,9.9,5.6,109.0,0.6
2026071807,New_York,71,72.4,69.6,203.0,23.7
2026071807,Paris,19,16.4,11.2,185.0,15.9
2026071807,Tokyo,43,13.2,10.6,350.0,23.4
2026071808,Antananarivo,23,7.5,7.2,202.0,1.4
2026071808,Dakar,21,10.1,5.6,113.0,0.7
2026071808,New_York,71,77.5,75.0,198.0,19.7
2026071808,Paris,19,17.3,12.4,288.0,15.6
2026071808,Tokyo,41,14.8,12.3,354.0,20.7
2026071809,Antananarivo,24,7.7,7.3,208.0,1.1
2026071809,Dakar,21,10.5,5.7,116.0,0.8
2026071809,New_York,71,78.7,75.4,188.0,18.7
2026071809,Paris,21,18.1,12.6,309.0,15.5
2026071809,Tokyo,40,17.6,15.2,341.0,22.5
2026071810,Antananarivo,27,8.6,8.2,211.0,0.8
2026071810,Dakar,21,10.4,5.7,117.0,0.7
2026071810,New_York,72,78.2,74.5,176.0,17.3
2026071810,Paris,24,18.1,12.3,319.0,12.7
2026071810,Tokyo,38,17.0,14.5,292.0,20.7
2026071811,Antananarivo,30,9.0,8.7,211.0,0.5
2026071811,Dakar,22,10.1,5.6,116.0,0.5
2026071811,New_York,73,80.1,75.7,167.0,16.5
2026071811,Paris,30,18.5,12.0,307.0,12.2
2026071811,Tokyo,36,17.5,14.2,227.0,18.2
2026071812,Antananarivo,33,8.7,8.4,207.0,0.3
2026071812,Dakar,22,9.8,5.6,116.0,0.4
2026071812,New_York,74,83.1,78.9,165.0,17.2
2026071812,Paris,37,19.2,11.2,278.0,12.0
2026071812,Tokyo,35,18.1,14.5,190.0,16.5
2026071813,Antananarivo,34,8.0,7.8,190.0,0.1
2026071813,Dakar,21,10.2,5.8,116.0,0.4
2026071813,New_York,76,80.1,77.1,167.0,18.5
2026071813,Paris,49,19.6,11.7,256.0,8.5
2026071813,Tokyo,33,19.1,15.2,213.0,15.9
2026071814,Antananarivo,35,7.7,7.5,170.0,0.1
2026071814,Dakar,21,10.5,5.9,116.0,0.4
2026071814,New_York,77,76.1,73.6,169.0,19.1
2026071814,Paris,59,17.2,11.7,231.0,6.0
2026071814,Tokyo,32,19.6,15.5,264.0,16.0
2026071815,Antananarivo,34,7.4,7.3,172.0,0.5
2026071815,Dakar,20,10.7,6.0,117.0,0.4
2026071815,New_York,79,72.9,70.5,168.0,18.1
2026071815,Paris,58,17.0,11.3,205.0,5.1
2026071815,Tokyo,31,18.7,15.0,298.0,16.9
2026071816,Antananarivo,32,7.8,7.6,220.0,1.7
2026071816,Dakar,20,11.2,6.2,119.0,0.5
2026071816,New_York,81,71.2,69.2,167.0,16.4
2026071816,Paris,56,16.4,10.6,188.0,4.9
2026071816,Tokyo,30,19.0,15.6,288.0,18.9
2026071817,Antananarivo,28,10.0,9.8,290.0,3.4
2026071817,Dakar,19,11.6,6.3,121.0,0.5
2026071817,New_York,82,68.9,66.4,171.0,15.3
2026071817,Paris,54,16.1,10.5,184.0,5.3
2026071817,Tokyo,29,16.9,14.0,260.0,21.7
2026071818,Antananarivo,26,16.3,15.9,339.0,5.1
2026071818,Dakar,18,13.5,6.9,122.0,0.6
2026071818,New_York,84,59.8,57.9,186.0,15.4
2026071818,Paris,53,15.0,10.3,187.0,6.1
2026071818,Tokyo,29,15.6,13.0,245.0,24.2
2026071819,Antananarivo,24,20.5,20.0,352.0,6.7
2026071819,Dakar,18,17.7,7.9,120.0,0.7
2026071819,New_York,85,39.0,37.8,207.0,16.0
2026071819,Paris,49,12.7,7.7,186.0,6.9
2026071819,Tokyo,28,14.7,12.7,262.0,26.2
2026071820,Antananarivo,22,25.0,24.5,343.0,8.2
2026071820,Dakar,18,17.4,8.0,117.0,0.7
2026071820,New_York,86,35.2,34.0,216.0,18.0
2026071820,Paris,43,11.7,7.9,164.0,9.9
2026071820,Tokyo,27,15.3,13.6,291.0,27.8
2026071821,Antananarivo,21,31.3,30.7,319.0,9.2
2026071821,Dakar,17,16.9,8.2,115.0,0.8
2026071821,New_York,86,29.6,28.9,204.0,18.4
2026071821,Paris,38,13.4,9.9,170.0,8.8
2026071821,Tokyo,27,15.5,13.4,304.0,31.4
2026071822,Antananarivo,22,38.0,37.4,269.0,9.5
2026071822,Dakar,17,16.9,8.7,115.0,0.8
2026071822,New_York,86,27.0,26.5,181.0,18.8
2026071822,Paris,35,15.3,9.7,169.0,13.1
2026071822,Tokyo,26,15.5,13.7,283.0,29.0
2026071823,Antananarivo,23,32.5,31.9,204.0,9.4
2026071823,Dakar,16,18.0,9.4,115.0,0.8
2026071823,New_York,86,25.0,24.6,163.0,18.3
2026071823,Paris,32,18.1,10.9,162.0,10.2
2026071823,Tokyo,26,14.5,12.7,246.0,25.7
2026071900,Antananarivo,25,30.9,30.3,155.0,9.0
2026071900,Dakar,17,15.9,8.4,114.0,0.6
2026071900,New_York,86,24.2,23.7,150.0,15.9
2026071900,Paris,30,15.5,9.9,149.0,7.9
2026071900,Tokyo,26,12.8,11.0,214.0,23.1
2026071901,Antananarivo,26,29.1,28.3,139.0,8.4
2026071901,Dakar,17,16.2,8.6,110.0,0.6
2026071901,New_York,85,20.6,20.3,142.0,12.6
2026071901,Paris,28,11.5,6.7,145.0,8.5
2026071901,Tokyo,26,11.3,9.5,195.0,22.0
2026071902,Antananarivo,28,26.6,25.8,141.0,7.7
2026071902,Dakar,17,16.7,8.8,104.0,0.5
2026071902,New_York,84,14.0,13.9,151.0,9.8
2026071902,Paris,26,12.3,5.7,140.0,8.9
2026071902,Tokyo,25,9.7,8.1,182.0,21.6
2026071903,Antananarivo,29,28.1,27.2,144.0,8.5
2026071903,Dakar,17,16.9,9.1,99.0,0.5
2026071903,New_York,83,8.3,8.3,190.0,8.1
2026071903,Paris,25,10.2,5.0,137.0,6.8
2026071903,Tokyo,25,8.4,6.9,173.0,20.9
2026071904,Antananarivo,31,25.6,24.7,142.0,8.2
2026071904,Dakar,17,17.9,9.5,97.0,0.5
2026071904,New_York,82,6.4,6.4,245.0,7.0
2026071904,Paris,25,11.2,4.9,136.0,5.9
2026071904,Tokyo,25,7.4,6.1,170.0,19.4
2026071905,Antananarivo,33,23.3,22.3,143.0,7.8
2026071905,Dakar,17,18.9,10.0,96.0,0.5
2026071905,New_York,80,6.9,6.9,293.0,6.2
2026071905,Paris,24,10.7,4.8,137.0,5.3
2026071905,Tokyo,25,7.2,6.1,172.0,17.6
2026071906,Antananarivo,34,22.2,21.1,151.0,6.9
2026071906,Dakar,17,20.4,10.8,97.0,0.5
2026071906,New_York,79,7.2,7.1,333.0,5.8
2026071906,Paris,24,10.7,4.7,135.0,5.3
2026071906,Tokyo,24,9.2,8.1,174.0,15.9
2026071907,Antananarivo,36,23.4,22.2,172.0,5.1
2026071907,Dakar,17,22.7,11.8,102.0,0.5
2026071907,New_York,77,7.9,7.9,364.0,5.8
2026071907,Paris,22,11.4,4.9,140.0,6.1
2026071907,Tokyo,24,10.4,9.3,173.0,14.3
2026071908,Antananarivo,37,17.2,15.9,201.0,2.8
2026071908,Dakar,17,25.1,12.9,108.0,0.6
2026071908,New_York,75,17.9,17.8,363.0,6.4
2026071908,Paris,23,12.7,5.1,178.0,6.7
2026071908,Tokyo,24,10.0,8.9,172.0,12.9
2026071909,Antananarivo,38,14.8,13.4,226.0,1.1
2026071909,Dakar,18,27.0,13.9,113.0,0.6
2026071909,New_York,73,20.0,19.7,302.0,5.5
2026071909,Paris,25,12.1,5.0,179.0,5.4
2026071909,Tokyo,24,9.8,8.6,171.0,11.6
2026071910,Antananarivo,38,15.9,14.4,245.0,0.5
2026071910,Dakar,18,28.4,14.7,114.0,0.5
2026071910,New_York,71,19.4,19.2,207.0,4.3
2026071910,Paris,26,11.1,4.6,161.0,4.1
2026071910,Tokyo,23,10.7,9.3,170.0,11.3
2026071911,Antananarivo,39,15.9,14.7,260.0,0.4
2026071911,Dakar,20,30.0,15.5,113.0,0.5
2026071911,New_York,69,16.8,16.6,138.0,3.3
2026071911,Paris,27,9.6,4.2,158.0,3.3
2026071911,Tokyo,23,10.8,9.9,170.0,10.8
2026071912,Antananarivo,39,16.0,14.9,267.0,0.4
2026071912,Dakar,19,37.8,18.8,112.0,0.4
2026071912,New_York,67,13.8,13.7,120.0,2.7
2026071912,Paris,30,8.4,4.4,160.0,3.1
2026071912,Tokyo,23,11.4,10.7,168.0,10.6
2026071913,Antananarivo,40,16.1,15.0,257.0,0.2
2026071913,Dakar,19,39.6,19.8,113.0,0.4
2026071913,New_York,65,11.4,11.2,128.0,2.3
2026071913,Paris,33,7.5,5.6,161.0,3.0
2026071913,Tokyo,22,12.4,11.6,164.0,10.6
2026071914,Antananarivo,41,15.9,14.9,238.0,0.2
2026071914,Dakar,21,41.8,20.9,114.0,0.4
2026071914,New_York,63,9.4,9.3,138.0,2.1
2026071914,Paris,34,7.5,5.3,153.0,2.8
2026071914,Tokyo,23,13.0,12.1,158.0,10.9
2026071915,Antananarivo,42,14.1,13.1,229.0,0.6
2026071915,Dakar,22,43.5,21.7,114.0,0.4
2026071915,New_York,61,7.9,7.7,144.0,1.6
2026071915,Paris,35,6.4,4.6,150.0,2.7
2026071915,Tokyo,22,12.5,11.5,154.0,11.9
2026071916,Antananarivo,43,13.9,13.0,234.0,1.6
2026071916,Dakar,23,44.9,22.4,113.0,0.4
2026071916,New_York,53,6.9,6.7,152.0,1.3
2026071916,Paris,35,7.0,4.3,151.0,3.4
2026071916,Tokyo,21,14.1,11.8,151.0,13.8
2026071917,Antananarivo,44,15.9,15.1,248.0,3.1
2026071917,Dakar,24,45.8,22.8,112.0,0.4
2026071917,New_York,42,6.1,5.9,163.0,2.7
2026071917,Paris,34,7.4,3.9,151.0,4.0
2026071917,Tokyo,21,13.1,10.9,148.0,16.4
2026071918,Antananarivo,44,21.0,20.2,275.0,4.6
2026071918,Dakar,26,46.4,23.4,111.0,0.5
2026071918,New_York,36,5.8,5.6,179.0,6.8
2026071918,Paris,33,8.1,4.2,155.0,4.6
2026071918,Tokyo,21,13.3,11.1,150.0,20.0
2026071919,Antananarivo,45,25.4,24.6,330.0,6.0
2026071919,Dakar,27,47.0,24.0,109.0,0.6
2026071919,New_York,32,6.6,6.4,197.0,12.5
2026071919,Paris,32,8.0,3.9,162.0,5.6
2026071919,Tokyo,21,14.6,12.4,159.0,25.5
2026071920,Antananarivo,46,30.3,29.5,398.0,7.3
2026071920,Dakar,29,47.4,24.8,107.0,0.7
2026071920,New_York,29,23.0,22.0,214.0,23.6
2026071920,Paris,32,8.1,3.8,135.0,6.2
2026071920,Tokyo,21,15.7,13.9,171.0,31.9
2026071921,Antananarivo,47,35.5,34.6,439.0,8.3
2026071921,Dakar,30,47.4,25.3,105.0,0.8
2026071921,New_York,28,24.7,23.8,230.0,28.5
2026071921,Paris,30,8.4,4.1,137.0,7.0
2026071921,Tokyo,21,22.5,19.7,184.0,39.4
2026071922,Antananarivo,47,40.5,39.5,433.0,8.8
2026071922,Dakar,31,46.9,25.7,104.0,0.8
2026071922,New_York,28,25.6,24.7,245.0,35.1
2026071922,Paris,28,9.8,4.3,134.0,9.1
2026071922,Tokyo,21,22.6,20.3,196.0,39.5
2026071923,Antananarivo,48,42.5,41.3,399.0,9.0
2026071923,Dakar,33,46.0,25.8,103.0,0.8
2026071923,New_York,27,24.6,23.6,246.0,38.2
2026071923,Paris,28,10.4,4.2,129.0,7.7
2026071923,Tokyo,22,23.5,21.5,207.0,39.6
2026072000,Antananarivo,49,40.3,39.0,358.0,8.9
2026072000,Dakar,34,51.0,29.3,102.0,0.7
2026072000,New_York,27,22.9,21.8,223.0,34.1
2026072000,Paris,27,11.0,4.0,127.0,5.7
2026072000,Tokyo,22,23.8,22.1,217.0,39.5
2026072001,Antananarivo,51,37.5,36.0,307.0,8.3
2026072001,Dakar,36,49.0,27.9,100.0,0.7
2026072001,New_York,27,21.6,20.5,187.0,26.6
2026072001,Paris,26,10.4,3.9,127.0,6.0
2026072001,Tokyo,23,23.5,22.1,222.0,39.2
2026072002,Antananarivo,52,35.5,33.9,248.0,7.3
2026072002,Dakar,37,48.4,27.8,98.0,0.6
2026072002,New_York,27,20.8,19.7,161.0,21.4
2026072002,Paris,25,12.5,4.1,125.0,5.3
2026072002,Tokyo,24,22.6,21.2,224.0,38.7
2026072003,Antananarivo,53,40.3,38.6,206.0,8.4
2026072003,Dakar,39,48.8,28.1,96.0,0.6
2026072003,New_York,28,20.0,18.9,154.0,21.7
2026072003,Paris,24,12.2,4.2,121.0,5.4
2026072003,Tokyo,26,20.9,19.5,231.0,37.6
2026072004,Antananarivo,55,39.3,37.7,190.0,9.3
2026072004,Dakar,41,50.3,28.6,94.0,0.6
2026072004,New_York,29,19.2,18.1,156.0,24.3
2026072004,Paris,23,10.2,4.3,124.0,5.5
2026072004,Tokyo,27,20.0,18.6,249.0,35.3
2026072005,Antananarivo,57,39.8,38.2,192.0,10.4
2026072005,Dakar,44,52.7,29.3,93.0,0.6
2026072005,New_York,30,18.9,17.9,160.0,26.0
2026072005,Paris,20,11.5,4.8,127.0,6.4
2026072005,Tokyo,28,20.0,18.6,272.0,32.4
2026072006,Antananarivo,60,43.3,41.6,204.0,10.3
2026072006,Dakar,48,55.9,29.9,96.0,0.7
2026072006,New_York,30,19.1,18.0,166.0,25.8
2026072006,Paris,19,13.8,5.4,131.0,9.3
2026072006,Tokyo,29,23.2,21.9,285.0,30.2
2026072007,Antananarivo,61,53.6,51.9,234.0,7.8
2026072007,Dakar,51,59.0,30.4,108.0,0.8
2026072007,New_York,31,19.2,18.2,173.0,24.7
2026072007,Paris,18,15.3,5.6,136.0,14.5
2026072007,Tokyo,30,26.5,24.4,280.0,29.5
2026072008,Antananarivo,62,47.1,45.5,276.0,4.2
2026072008,Dakar,54,61.9,30.7,124.0,1.0
2026072008,New_York,32,9.8,9.8,175.0,20.8
2026072008,Paris,18,17.1,6.4,185.0,15.2
2026072008,Tokyo,31,28.8,25.5,264.0,29.6
2026072009,Antananarivo,63,27.1,25.5,303.0,1.4
2026072009,Dakar,57,64.3,31.2,137.0,1.1
2026072009,New_York,32,10.9,10.4,165.0,17.1
2026072009,Paris,20,17.4,5.6,179.0,13.9
2026072009,Tokyo,32,21.2,19.7,249.0,29.9
2026072010,Antananarivo,63,21.9,20.5,300.0,0.5
2026072010,Dakar,60,66.6,31.8,145.0,1.0
2026072010,New_York,31,11.3,10.8,149.0,11.9
2026072010,Paris,22,14.9,4.7,154.0,8.5
2026072010,Tokyo,33,22.1,20.8,235.0,29.5
2026072011,Antananarivo,63,19.1,17.9,281.0,0.5
2026072011,Dakar,61,68.2,32.4,150.0,0.9
2026072011,New_York,37,10.6,10.2,136.0,7.9
2026072011,Paris,24,12.3,4.2,145.0,6.2
2026072011,Tokyo,34,22.3,20.9,221.0,28.9
2026072012,Antananarivo,63,18.3,17.2,268.0,0.6
2026072012,Dakar,61,59.5,27.9,150.0,0.8
2026072012,New_York,46,11.1,10.7,131.0,6.1
2026072012,Paris,28,12.2,4.4,143.0,5.5
2026072012,Tokyo,35,21.9,20.4,214.0,28.2
2026072013,Antananarivo,63,18.0,17.0,262.0,0.4
2026072013,Dakar,61,60.1,28.1,142.0,0.8
2026072013,New_York,57,12.0,11.6,131.0,5.5
2026072013,Paris,30,10.7,4.2,143.0,5.3
2026072013,Tokyo,36,21.5,19.9,219.0,26.8
2026072014,Antananarivo,64,18.0,16.9,260.0,0.2
2026072014,Dakar,62,59.4,27.8,130.0,0.8
2026072014,New_York,61,13.1,12.8,130.0,5.2
2026072014,Paris,32,10.1,4.3,147.0,5.4
2026072014,Tokyo,37,21.1,19.5,230.0,25.4
2026072015,Antananarivo,64,9.8,9.4,278.0,0.8
2026072015,Dakar,62,58.2,27.4,121.0,0.8
2026072015,New_York,63,13.9,13.6,128.0,4.6
2026072015,Paris,33,10.0,4.7,147.0,6.3
2026072015,Tokyo,37,19.8,18.3,237.0,25.2
2026072016,Antananarivo,63,10.2,9.7,340.0,2.5
2026072016,Dakar,62,55.6,26.4,119.0,0.9
2026072016,New_York,65,14.1,13.9,126.0,4.4
2026072016,Paris,32,10.0,4.7,147.0,6.5
2026072016,Tokyo,38,18.3,16.9,232.0,27.1
2026072017,Antananarivo,63,13.7,13.1,420.0,4.9
2026072017,Dakar,62,53.3,25.5,121.0,1.0
2026072017,New_York,65,14.0,13.8,126.0,5.9
2026072017,Paris,35,10.5,4.6,145.0,6.1
2026072017,Tokyo,38,17.7,16.2,221.0,30.4
2026072018,Antananarivo,63,20.9,20.4,459.0,7.2
2026072018,Dakar,62,50.6,24.5,122.0,1.2
2026072018,New_York,63,14.8,14.1,130.0,10.8
2026072018,Paris,35,10.3,4.8,144.0,6.9
2026072018,Tokyo,39,17.6,16.1,217.0,34.3
2026072019,Antananarivo,63,27.4,26.8,416.0,9.2
2026072019,Dakar,62,50.3,24.1,122.0,1.5
2026072019,New_York,57,17.9,16.2,136.0,17.4
2026072019,Paris,34,9.9,4.5,140.0,8.3
2026072019,Tokyo,39,18.7,16.9,225.0,39.2
2026072020,Antananarivo,63,34.2,33.5,331.0,11.0
2026072020,Dakar,62,50.6,23.9,121.0,1.8
2026072020,New_York,47,19.3,17.5,142.0,21.2
2026072020,Paris,34,11.0,4.6,126.0,7.7
2026072020,Tokyo,40,21.8,18.7,239.0,44.6
2026072021,Antananarivo,64,40.0,39.3,261.0,12.4
2026072021,Dakar,62,50.5,23.9,121.0,2.2
2026072021,New_York,45,20.4,18.0,147.0,20.3
2026072021,Paris,32,10.9,4.6,126.0,8.8
2026072021,Tokyo,40,22.4,19.1,248.0,51.3
2026072022,Antananarivo,64,44.9,44.4,228.0,13.2
2026072022,Dakar,62,50.4,24.0,121.0,2.8
2026072022,New_York,42,19.5,17.1,151.0,18.9
2026072022,Paris,32,10.3,4.4,126.0,8.2
2026072022,Tokyo,40,24.2,20.8,248.0,51.7
2026072023,Antananarivo,64,47.4,46.6,210.0,13.4
2026072023,Dakar,62,50.1,24.4,122.0,3.5
2026072023,New_York,40,17.5,15.2,156.0,17.3
2026072023,Paris,30,9.9,4.2,134.0,11.1
2026072023,Tokyo,40,24.3,20.6,243.0,52.2
2026072100,Antananarivo,64,45.2,44.4,197.0,13.2
2026072100,Dakar,62,39.5,20.9,122.0,3.8
2026072100,New_York,40,16.4,14.1,162.0,15.1
2026072100,Paris,28,10.8,4.6,136.0,11.8
2026072100,Tokyo,40,24.3,20.5,236.0,52.5
2026072101,Antananarivo,64,42.3,41.3,186.0,12.1
2026072101,Dakar,62,35.7,19.8,121.0,3.8
2026072101,New_York,40,16.8,14.3,169.0,12.7
2026072101,Paris,28,10.7,4.9,129.0,10.9
2026072101,Tokyo,40,23.7,19.9,223.0,52.9
2026072102,Antananarivo,64,38.6,37.6,180.0,10.5
2026072102,Dakar,62,30.2,17.5,119.0,3.9
2026072102,New_York,40,17.7,15.0,172.0,11.0
2026072102,Paris,26,11.4,5.0,122.0,8.3
2026072102,Tokyo,40,22.4,18.9,209.0,53.1
2026072103,Antananarivo,65,34.1,33.1,179.0,9.3
2026072103,Dakar,61,25.4,15.1,117.0,3.8
2026072103,New_York,39,19.2,16.0,167.0,10.5
2026072103,Paris,25,11.0,5.1,123.0,7.0
2026072103,Tokyo,39,21.4,18.6,210.0,52.3
2026072104,Antananarivo,64,32.8,31.8,182.0,9.8
2026072104,Dakar,61,22.2,13.6,113.0,3.6
2026072104,New_York,37,19.4,16.4,159.0,10.8
2026072104,Paris,23,10.6,4.9,124.0,6.5
2026072104,Tokyo,39,21.2,18.8,242.0,49.5
2026072105,Antananarivo,64,32.1,31.1,189.0,10.4
2026072105,Dakar,61,20.8,12.8,110.0,3.3
2026072105,New_York,36,20.1,17.0,154.0,11.0
2026072105,Paris,22,11.6,4.9,126.0,7.5
2026072105,Tokyo,39,22.5,20.3,290.0,45.6
2026072106,Antananarivo,64,34.1,32.9,201.0,9.9
2026072106,Dakar,60,21.1,12.9,114.0,3.1
2026072106,New_York,36,19.9,17.0,157.0,11.2
2026072106,Paris,20,11.5,5.0,133.0,10.8
2026072106,Tokyo,39,27.4,25.2,322.0,42.7
2026072107,Antananarivo,64,43.3,42.3,226.0,7.5
2026072107,Dakar,57,21.6,13.1,133.0,3.1
2026072107,New_York,37,20.5,17.4,163.0,11.5
2026072107,Paris,18,13.6,5.9,136.0,17.7
2026072107,Tokyo,40,31.8,27.5,319.0,42.2
2026072108,Antananarivo,63,27.4,27.0,255.0,4.0
2026072108,Dakar,54,21.6,13.2,159.0,3.1
2026072108,New_York,36,21.3,18.2,166.0,14.7
2026072108,Paris,17,15.6,7.9,203.0,19.2
2026072108,Tokyo,40,32.8,28.7,301.0,42.7
2026072109,Antananarivo,63,16.5,16.1,271.0,1.4
2026072109,Dakar,50,21.2,13.2,178.0,3.0
2026072109,New_York,37,24.2,19.9,161.0,12.9
2026072109,Paris,18,15.8,8.7,200.0,18.5
2026072109,Tokyo,41,29.3,28.1,291.0,43.2
2026072110,Antananarivo,62,15.3,14.6,258.0,0.5
2026072110,Dakar,47,21.1,13.4,181.0,2.6
2026072110,New_York,39,21.8,17.8,152.0,10.4
2026072110,Paris,21,15.7,8.9,189.0,14.0
2026072110,Tokyo,42,32.7,31.3,303.0,39.0
2026072111,Antananarivo,62,14.3,13.5,231.0,0.5
2026072111,Dakar,49,21.3,13.8,175.0,2.0
2026072111,New_York,41,16.5,13.6,147.0,8.5
2026072111,Paris,24,13.7,8.3,166.0,9.7
2026072111,Tokyo,51,33.4,31.9,323.0,33.2
2026072112,Antananarivo,62,13.6,12.9,212.0,0.6
2026072112,Dakar,41,6.7,5.0,171.0,1.6
2026072112,New_York,43,9.3,7.9,149.0,7.6
2026072112,Paris,30,13.2,6.7,157.0,6.6
2026072112,Tokyo,61,33.9,32.4,336.0,28.6
2026072113,Antananarivo,62,13.1,12.4,214.0,0.5
2026072113,Dakar,44,7.9,6.0,171.0,1.6
2026072113,New_York,43,6.4,5.5,154.0,7.3
2026072113,Paris,35,12.1,6.2,151.0,5.2
2026072113,Tokyo,63,34.3,32.8,334.0,26.3
2026072114,Antananarivo,62,12.9,12.2,224.0,0.4
2026072114,Dakar,53,7.7,6.2,172.0,1.5
2026072114,New_York,43,7.0,6.3,157.0,7.5
2026072114,Paris,38,11.7,5.9,152.0,5.2
2026072114,Tokyo,64,35.2,33.5,326.0,25.2
2026072115,Antananarivo,62,5.7,5.6,232.0,0.9
2026072115,Dakar,59,8.2,6.7,175.0,1.5
2026072115,New_York,43,8.1,7.4,156.0,8.2
2026072115,Paris,40,11.2,5.3,150.0,4.6
2026072115,Tokyo,64,33.5,31.9,321.0,25.3
2026072116,Antananarivo,61,6.6,6.5,233.0,2.1
2026072116,Dakar,60,8.8,7.2,182.0,1.6
2026072116,New_York,43,8.2,7.6,153.0,9.5
2026072116,Paris,40,10.5,5.0,149.0,4.8
2026072116,Tokyo,62,30.3,28.5,332.0,26.9
2026072117,Antananarivo,61,9.1,8.9,232.0,3.7
2026072117,Dakar,60,9.7,7.7,192.0,1.8
2026072117,New_York,42,9.5,9.1,152.0,11.3
2026072117,Paris,39,9.9,4.8,149.0,5.4
2026072117,Tokyo,56,28.3,26.7,347.0,29.6
2026072118,Antananarivo,61,13.3,13.0,233.0,5.2
2026072118,Dakar,58,11.9,8.8,195.0,1.9
2026072118,New_York,39,10.1,9.7,157.0,14.3
2026072118,Paris,39,9.1,4.7,154.0,6.9
2026072118,Tokyo,58,27.8,26.2,342.0,31.9
2026072119,Antananarivo,61,15.9,15.6,239.0,6.4
2026072119,Dakar,54,11.8,8.8,187.0,1.9
2026072119,New_York,36,11.6,11.2,164.0,17.8
2026072119,Paris,38,8.7,4.6,155.0,8.0
2026072119,Tokyo,60,29.1,27.6,297.0,32.8
2026072120,Antananarivo,61,18.1,17.8,246.0,7.5
2026072120,Dakar,48,11.6,8.5,173.0,1.9
2026072120,New_York,27,15.7,15.5,169.0,33.6
2026072120,Paris,36,8.9,4.6,133.0,7.7
2026072120,Tokyo,60,31.1,29.8,232.0,33.2
2026072121,Antananarivo,60,24.0,23.6,247.0,8.4
2026072121,Dakar,43,11.7,8.4,161.0,1.8
2026072121,New_York,27,13.6,13.4,169.0,30.5
2026072121,Paris,34,8.3,4.6,129.0,8.6
2026072121,Tokyo,61,27.7,26.8,187.0,37.8
2026072122,Antananarivo,58,33.3,32.8,237.0,9.2
2026072122,Dakar,38,13.5,9.2,156.0,1.7
2026072122,New_York,27,12.2,12.1,166.0,26.0
2026072122,Paris,34,7.4,4.7,137.0,11.7
2026072122,Tokyo,61,31.3,30.5,177.0,38.1
2026072123,Antananarivo,56,35.4,34.9,220.0,9.9
2026072123,Dakar,36,16.2,9.7,154.0,1.5
2026072123,New_York,28,11.0,11.0,162.0,21.8
2026072123,Paris,30,8.0,5.1,142.0,11.9
2026072123,Tokyo,61,35.3,34.6,186.0,38.7
2026072200,Antananarivo,54,29.9,29.4,203.0,9.7
2026072200,Dakar,32,10.8,7.2,147.0,1.2
2026072200,New_York,28,8.1,8.0,158.0,18.1
2026072200,Paris,27,8.0,5.5,143.0,9.5
2026072200,Tokyo,62,35.3,34.6,205.0,39.9
2026072201,Antananarivo,51,25.0,24.4,184.0,8.2
2026072201,Dakar,30,16.6,10.1,131.0,1.1
2026072201,New_York,28,6.3,6.2,153.0,14.5
2026072201,Paris,25,8.4,5.6,135.0,8.7
2026072201,Tokyo,62,34.2,33.6,235.0,42.2
2026072202,Antananarivo,48,20.1,19.5,165.0,5.9
2026072202,Dakar,28,22.5,13.0,111.0,1.1
2026072202,New_York,28,5.4,5.4,149.0,11.8
2026072202,Paris,24,9.2,5.9,130.0,7.6
2026072202,Tokyo,63,33.8,33.2,275.0,45.2
2026072203,Antananarivo,45,18.5,17.9,157.0,5.7
2026072203,Dakar,26,27.5,15.4,97.0,1.0
2026072203,New_York,27,4.7,4.6,146.0,10.2
2026072203,Paris,23,9.8,5.9,126.0,6.2
2026072203,Tokyo,63,33.6,33.1,316.0,48.2
2026072204,Antananarivo,43,13.4,12.8,170.0,4.6
2026072204,Dakar,25,29.8,16.3,91.0,0.9
2026072204,New_York,26,4.2,4.1,144.0,9.4
2026072204,Paris,21,10.8,6.3,128.0,5.9
2026072204,Tokyo,64,34.1,33.6,362.0,51.8
2026072205,Antananarivo,40,9.2,8.8,193.0,3.0
2026072205,Dakar,25,31.3,16.8,91.0,0.9
2026072205,New_York,26,4.2,4.2,144.0,9.0
2026072205,Paris,20,11.1,6.8,133.0,7.0
2026072205,Tokyo,64,33.8,33.3,408.0,55.4
2026072206,Antananarivo,38,8.1,7.8,207.0,1.8
2026072206,Dakar,25,33.3,17.6,95.0,0.9
2026072206,New_York,26,4.7,4.7,149.0,9.4
2026072206,Paris,19,12.1,7.1,139.0,12.0
2026072206,Tokyo,65,34.6,33.9,432.0,56.4
2026072207,Antananarivo,36,8.5,8.2,200.0,1.2
2026072207,Dakar,25,35.5,18.6,106.0,1.0
2026072207,New_York,26,5.6,5.5,157.0,10.2
2026072207,Paris,17,13.3,7.5,151.0,17.4
2026072207,Tokyo,65,32.0,30.9,417.0,53.2
2026072208,Antananarivo,33,7.7,7.6,183.0,0.9
2026072208,Dakar,25,37.8,19.8,121.0,1.1
2026072208,New_York,22,14.5,14.2,164.0,14.8
2026072208,Paris,18,14.7,9.9,225.0,23.2
2026072208,Tokyo,65,30.6,29.3,381.0,47.3
2026072209,Antananarivo,31,6.6,6.5,169.0,0.7
2026072209,Dakar,25,40.6,21.4,132.0,1.2
2026072209,New_York,31,16.5,16.2,171.0,12.2
2026072209,Paris,19,14.7,9.6,215.0,17.8
2026072209,Tokyo,65,45.2,43.0,351.0,41.5
2026072210,Antananarivo,33,6.2,6.1,164.0,0.5
2026072210,Dakar,26,44.5,23.2,134.0,1.1
2026072210,New_York,45,17.5,17.2,176.0,8.7
2026072210,Paris,24,12.9,7.4,171.0,11.2
2026072210,Tokyo,65,45.8,43.7,340.0,34.7
2026072211,Antananarivo,34,6.1,6.0,162.0,0.4
2026072211,Dakar,28,49.1,25.3,132.0,0.9
2026072211,New_York,60,16.6,16.4,178.0,5.8
2026072211,Paris,26,12.7,7.1,162.0,7.4
2026072211,Tokyo,69,46.4,44.4,336.0,25.3
2026072212,Antananarivo,34,6.4,6.1,161.0,0.4
2026072212,Dakar,29,100.6,46.0,129.0,0.7
2026072212,New_York,61,14.4,14.2,172.0,4.4
2026072212,Paris,30,12.1,7.2,153.0,5.5
2026072212,Tokyo,75,47.3,45.1,329.0,18.0
2026072213,Antananarivo,34,6.8,6.3,158.0,0.4
2026072213,Dakar,29,110.4,49.1,128.0,0.7
2026072213,New_York,61,12.6,12.5,161.0,3.7
2026072213,Paris,32,11.6,7.1,152.0,5.1
2026072213,Tokyo,78,46.6,44.4,313.0,14.3
2026072214,Antananarivo,34,7.3,6.7,156.0,0.4
2026072214,Dakar,32,116.9,50.6,126.0,0.6
2026072214,New_York,59,10.1,10.0,154.0,3.3
2026072214,Paris,34,11.3,6.9,149.0,4.9
2026072214,Tokyo,80,45.5,43.2,295.0,12.8
2026072215,Antananarivo,32,11.8,10.7,156.0,0.7
2026072215,Dakar,35,125.3,52.3,125.0,0.6
2026072215,New_York,56,8.8,8.7,153.0,2.9
2026072215,Paris,34,10.8,6.5,150.0,4.9
2026072215,Tokyo,80,44.4,42.0,286.0,13.5
2026072216,Antananarivo,30,12.0,10.9,160.0,1.3
2026072216,Dakar,39,127.1,51.9,126.0,0.7
2026072216,New_York,51,8.0,7.9,154.0,2.8
2026072216,Paris,34,10.5,6.7,150.0,4.9
2026072216,Tokyo,78,44.0,41.6,292.0,17.6
2026072217,Antananarivo,29,13.4,12.2,166.0,2.2
2026072217,Dakar,47,127.1,51.6,127.0,0.9
2026072217,New_York,45,7.7,7.6,158.0,3.6
2026072217,Paris,37,10.7,7.0,151.0,5.5
2026072217,Tokyo,74,40.4,38.1,308.0,24.0
2026072218,Antananarivo,29,15.4,14.3,171.0,2.8
2026072218,Dakar,57,125.3,49.9,127.0,1.0
2026072218,New_York,39,8.0,7.8,165.0,5.6
2026072218,Paris,38,11.0,7.2,154.0,7.0
2026072218,Tokyo,70,38.2,35.9,325.0,29.5
2026072219,Antananarivo,29,15.4,14.3,175.0,2.9
2026072219,Dakar,61,121.5,47.6,124.0,1.1
2026072219,New_York,34,8.1,7.9,174.0,8.4
2026072219,Paris,36,10.8,7.2,154.0,7.8
2026072219,Tokyo,69,36.8,34.5,342.0,32.6
2026072220,Antananarivo,29,15.0,14.2,178.0,2.7
2026072220,Dakar,63,116.4,44.5,120.0,1.2
2026072220,New_York,29,18.3,17.9,182.0,19.8
2026072220,Paris,34,10.2,6.9,132.0,7.6
2026072220,Tokyo,69,36.9,34.6,360.0,34.8
2026072221,Antananarivo,29,13.1,12.3,174.0,2.5
2026072221,Dakar,65,108.5,40.5,116.0,1.3
2026072221,New_York,27,15.7,15.3,191.0,18.0
2026072221,Paris,32,10.0,7.0,129.0,8.1
2026072221,Tokyo,69,38.1,35.0,378.0,36.0
2026072222,Antananarivo,28,11.1,10.6,158.0,2.2
2026072222,Dakar,66,102.7,36.8,113.0,1.3
2026072222,New_York,24,15.4,15.0,199.0,15.4
2026072222,Paris,32,10.6,7.1,136.0,8.6
2026072222,Tokyo,70,36.6,33.6,403.0,37.5
2026072223,Antananarivo,26,6.4,6.1,136.0,1.7
2026072223,Dakar,68,100.6,34.2,110.0,1.2
2026072223,New_York,22,16.1,15.7,200.0,13.1
2026072223,Paris,31,11.0,7.5,142.0,9.1
2026072223,Tokyo,70,35.3,32.4,428.0,39.8
2026072300,Antananarivo,23,3.1,3.0,119.0,1.4
2026072300,Dakar,69,101.3,34.3,109.0,1.3
2026072300,New_York,22,16.3,15.9,189.0,11.0
2026072300,Paris,29,11.3,7.8,145.0,12.6
2026072300,Tokyo,70,37.1,33.1,432.0,42.8
2026072301,Antananarivo,24,1.8,1.7,113.0,1.2
2026072301,Dakar,71,105.7,34.2,110.0,1.3
2026072301,New_York,22,15.2,15.0,171.0,9.1
2026072301,Paris,25,12.4,8.1,147.0,12.6
2026072301,Tokyo,70,40.0,34.8,390.0,47.3
2026072302,Antananarivo,25,1.2,1.1,112.0,1.1
2026072302,Dakar,72,111.1,34.7,112.0,1.2
2026072302,New_York,22,13.5,13.5,158.0,8.2
2026072302,Paris,24,13.7,9.0,147.0,9.3
2026072302,Tokyo,70,39.5,35.6,328.0,52.5
2026072303,Antananarivo,25,0.7,0.7,112.0,1.1
2026072303,Dakar,74,110.4,33.6,112.0,1.2
2026072303,New_York,23,12.4,12.3,154.0,9.0
2026072303,Paris,24,13.7,8.6,142.0,8.4
2026072303,Tokyo,70,36.6,34.6,297.0,56.5
2026072304,Antananarivo,25,0.8,0.8,113.0,1.1
2026072304,Dakar,75,101.7,30.6,107.0,1.2
2026072304,New_York,23,12.1,12.0,155.0,10.7
2026072304,Paris,23,13.7,8.9,141.0,7.7
2026072304,Tokyo,70,35.6,34.1,337.0,59.3
2026072305,Antananarivo,26,0.8,0.8,115.0,1.0
2026072305,Dakar,76,82.0,25.3,100.0,1.3
2026072305,New_York,24,12.5,12.2,156.0,12.0
2026072305,Paris,21,13.3,8.7,144.0,8.1
2026072305,Tokyo,70,35.9,34.7,410.0,60.8
2026072306,Antananarivo,27,1.0,1.0,119.0,1.0
2026072306,Dakar,77,75.9,24.0,99.0,1.4
2026072306,New_York,25,13.1,12.8,158.0,12.3
2026072306,Paris,19,13.3,8.9,146.0,11.3
2026072306,Tokyo,70,37.5,36.4,451.0,59.2
2026072307,Antananarivo,27,1.9,1.8,125.0,1.0
2026072307,Dakar,78,79.4,25.2,108.0,1.5
2026072307,New_York,25,14.2,13.7,162.0,12.2
2026072307,Paris,18,14.4,9.1,144.0,18.8
2026072307,Tokyo,70,40.0,38.8,427.0,52.6
2026072308,Antananarivo,28,1.9,1.8,132.0,1.0
2026072308,Dakar,79,84.8,26.9,123.0,1.5
2026072308,New_York,26,9.1,8.1,162.0,10.4
2026072308,Paris,19,15.3,10.1,226.0,24.1
2026072308,Tokyo,70,42.3,40.9,372.0,42.8
2026072309,Antananarivo,28,2.3,2.1,136.0,0.9
2026072309,Dakar,79,89.6,28.7,135.0,1.5
2026072309,New_York,30,11.4,9.9,157.0,8.7
2026072309,Paris,20,14.9,10.1,207.0,18.8
2026072309,Tokyo,70,25.6,25.1,327.0,37.0
2026072310,Antananarivo,28,3.2,2.9,134.0,0.7
2026072310,Dakar,80,95.0,30.6,142.0,1.3
2026072310,New_York,35,11.3,10.0,149.0,6.4
2026072310,Paris,24,12.6,7.9,180.0,12.3
2026072310,Tokyo,70,31.4,30.7,308.0,31.8
2026072311,Antananarivo,29,3.7,3.2,129.0,0.5
2026072311,Dakar,81,99.0,32.4,147.0,1.1
2026072311,New_York,40,10.2,9.4,143.0,4.5
2026072311,Paris,25,10.9,7.1,172.0,9.5
2026072311,Tokyo,72,35.0,34.2,299.0,24.7
2026072312,Antananarivo,30,4.1,3.6,126.0,0.4
2026072312,Dakar,82,85.2,30.7,150.0,0.9
2026072312,New_York,46,10.0,9.3,140.0,3.6
2026072312,Paris,28,8.8,6.3,168.0,7.1
2026072312,Tokyo,77,40.2,39.3,292.0,19.6
2026072313,Antananarivo,30,4.8,4.0,125.0,0.4
2026072313,Dakar,82,86.8,31.9,149.0,0.9
2026072313,New_York,53,9.9,9.3,140.0,3.2
2026072313,Paris,32,8.7,6.0,169.0,5.8
2026072313,Tokyo,81,43.5,42.6,285.0,17.6
2026072314,Antananarivo,30,5.3,4.5,126.0,0.4
2026072314,Dakar,81,89.9,33.3,146.0,0.9
2026072314,New_York,57,9.9,9.3,140.0,3.0
2026072314,Paris,33,7.5,5.4,160.0,5.3
2026072314,Tokyo,83,46.1,45.2,280.0,17.5
2026072315,Antananarivo,30,7.6,6.3,129.0,0.5
2026072315,Dakar,81,93.4,34.9,144.0,1.0
2026072315,New_York,60,9.8,9.3,141.0,2.8
2026072315,Paris,33,6.6,5.0,161.0,5.2
2026072315,Tokyo,84,46.1,45.2,280.0,19.9
2026072316,Antananarivo,28,8.1,6.7,136.0,1.1
2026072316,Dakar,80,98.7,36.9,146.0,1.1
2026072316,New_York,61,10.0,9.5,144.0,2.9
2026072316,Paris,32,6.6,4.8,153.0,5.2
2026072316,Tokyo,81,42.5,41.6,291.0,26.0
2026072317,Antananarivo,26,8.5,7.2,146.0,1.8
2026072317,Dakar,80,106.2,39.7,148.0,1.3
2026072317,New_York,61,10.0,9.4,146.0,4.0
2026072317,Paris,32,6.9,4.9,155.0,6.1
2026072317,Tokyo,75,39.3,38.3,308.0,34.5
2026072318,Antananarivo,24,9.6,8.4,153.0,2.4
2026072318,Dakar,80,117.1,43.5,149.0,1.4
2026072318,New_York,59,10.0,9.5,149.0,6.0
2026072318,Paris,32,8.6,5.3,168.0,8.2
2026072318,Tokyo,69,36.0,34.9,313.0,41.8
2026072319,Antananarivo,22,9.5,8.3,156.0,2.5
2026072319,Dakar,79,132.2,49.0,145.0,1.5
2026072319,New_York,53,10.1,9.6,152.0,9.0
2026072319,Paris,28,8.0,6.0,171.0,9.8
2026072319,Tokyo,69,35.4,34.1,296.0,46.4
2026072320,Antananarivo,21,8.6,7.7,156.0,2.5
2026072320,Dakar,80,146.7,54.2,138.0,1.7
2026072320,New_York,53,15.3,14.3,153.0,17.0
2026072320,Paris,29,6.5,5.1,148.0,8.5
2026072320,Tokyo,69,33.2,31.8,267.0,49.8
2026072321,Antananarivo,21,7.7,7.0,153.0,2.3
2026072321,Dakar,80,154.6,57.4,133.0,1.8
2026072321,New_York,43,17.9,16.4,151.0,21.5
2026072321,Paris,28,6.5,4.7,139.0,9.1
2026072321,Tokyo,69,16.8,15.1,243.0,40.9
2026072322,Antananarivo,21,6.7,6.1,144.0,2.0
2026072322,Dakar,81,159.3,59.4,129.0,1.9
2026072322,New_York,34,17.8,16.0,148.0,27.7
2026072322,Paris,26,6.6,4.2,146.0,11.0
2026072322,Tokyo,68,21.7,19.8,230.0,43.8
2026072323,Antananarivo,22,4.2,3.9,131.0,1.7
2026072323,Dakar,82,160.2,59.8,125.0,1.9
2026072323,New_York,28,16.8,15.0,148.0,31.9
2026072323,Paris,24,7.2,4.1,160.0,13.9
2026072323,Tokyo,68,23.1,21.1,222.0,47.8
2026072400,Antananarivo,23,2.6,2.4,121.0,1.4
2026072400,Dakar,83,149.0,58.7,127.0,1.5
2026072400,New_York,26,15.7,13.9,155.0,31.7
2026072400,Paris,23,8.8,5.2,164.0,13.8
2026072400,Tokyo,67,21.9,20.0,215.0,51.2
2026072401,Antananarivo,23,1.9,1.8,115.0,1.2
2026072401,Dakar,84,145.3,57.7,138.0,1.6
2026072401,New_York,25,15.3,13.5,165.0,29.6
2026072401,Paris,20,10.8,6.2,176.0,13.6
2026072401,Tokyo,67,20.3,18.5,208.0,53.6
2026072402,Antananarivo,24,1.7,1.6,110.0,1.2
2026072402,Dakar,84,142.0,56.9,154.0,1.8
2026072402,New_York,24,15.2,13.5,178.0,29.2
2026072402,Paris,19,12.3,6.3,155.0,12.2
2026072402,Tokyo,66,19.8,17.5,201.0,55.5
2026072403,Antananarivo,24,1.4,1.3,109.0,1.1
2026072403,Dakar,85,139.2,56.1,165.0,2.1
2026072403,New_York,23,15.9,14.1,193.0,33.0
2026072403,Paris,19,13.5,6.4,157.0,9.8
2026072403,Tokyo,66,20.1,16.9,198.0,56.2
2026072404,Antananarivo,24,1.4,1.3,111.0,1.1
2026072404,Dakar,85,136.0,55.2,165.0,2.5
2026072404,New_York,23,17.3,15.4,210.0,38.5
2026072404,Paris,18,13.3,6.1,160.0,7.7
2026072404,Tokyo,65,18.5,15.4,199.0,55.3
2026072405,Antananarivo,24,1.6,1.4,116.0,1.1
2026072405,Dakar,86,130.9,53.9,159.0,2.9
2026072405,New_York,24,19.0,17.0,225.0,41.9
2026072405,Paris,18,13.1,6.0,166.0,9.3
2026072405,Tokyo,65,17.4,14.5,202.0,53.3
2026072406,Antananarivo,24,2.0,1.7,123.0,1.1
2026072406,Dakar,87,122.5,51.7,153.0,3.2
2026072406,New_York,24,21.2,19.1,239.0,41.8
2026072406,Paris,15,12.9,6.8,172.0,15.8
2026072406,Tokyo,64,17.6,14.7,206.0,50.7
2026072407,Antananarivo,24,2.9,2.5,132.0,1.1
2026072407,Dakar,87,112.7,48.8,148.0,3.2
2026072407,New_York,25,23.1,21.0,250.0,39.6
2026072407,Paris,14,13.9,8.4,227.0,23.0
2026072407,Tokyo,63,19.4,16.2,210.0,47.6
2026072408,Antananarivo,25,3.6,3.1,142.0,1.0
2026072408,Dakar,88,99.2,44.4,142.0,3.0
2026072408,New_York,25,30.0,27.4,250.0,43.0
2026072408,Paris,16,14.7,9.7,292.0,31.7
2026072408,Tokyo,62,21.5,17.9,215.0,44.0
2026072409,Antananarivo,26,4.3,3.8,150.0,0.9
2026072409,Dakar,88,84.5,39.1,137.0,2.7
2026072409,New_York,27,27.2,24.2,229.0,34.0
2026072409,Paris,15,14.9,9.5,280.0,27.4
2026072409,Tokyo,62,31.1,25.4,221.0,51.1
2026072410,Antananarivo,28,5.3,4.6,155.0,0.7
2026072410,Dakar,88,68.2,33.1,134.0,2.2
2026072410,New_York,38,24.7,22.1,196.0,21.5
2026072410,Paris,18,12.1,7.4,236.0,17.1
2026072410,Tokyo,62,31.9,26.3,224.0,45.6
2026072411,Antananarivo,31,5.9,5.3,158.0,0.5
2026072411,Dakar,88,56.3,28.4,132.0,1.5
2026072411,New_York,57,22.0,19.8,170.0,11.8
2026072411,Paris,21,9.7,6.4,193.0,11.1
2026072411,Tokyo,62,28.9,24.4,228.0,37.9
2026072412,Antananarivo,33,6.2,5.7,161.0,0.4
2026072412,Dakar,87,51.5,27.0,130.0,1.1
2026072412,New_York,63,21.9,20.1,157.0,7.8
2026072412,Paris,26,9.6,6.3,187.0,9.0
2026072412,Tokyo,61,25.4,22.5,240.0,31.3
2026072413,Antananarivo,35,6.4,6.0,162.0,0.2
2026072413,Dakar,86,47.4,25.1,129.0,1.0
2026072413,New_York,66,22.5,21.2,151.0,6.6
2026072413,Paris,30,9.3,6.0,185.0,7.8
2026072413,Tokyo,61,25.3,22.4,269.0,26.7
2026072414,Antananarivo,36,6.9,6.6,163.0,0.1
2026072414,Dakar,86,44.2,23.5,129.0,0.8
2026072414,New_York,68,22.5,21.6,145.0,6.1
2026072414,Paris,33,9.0,5.3,178.0,7.5
2026072414,Tokyo,60,24.6,21.7,305.0,23.3
2026072415,Antananarivo,35,1.1,1.1,169.0,0.6
2026072415,Dakar,85,41.3,22.0,129.0,0.7
2026072415,New_York,68,21.8,21.0,137.0,5.5
2026072415,Paris,35,8.9,5.4,178.0,6.9
2026072415,Tokyo,56,23.7,19.8,330.0,22.0
2026072416,Antananarivo,33,1.5,1.4,181.0,2.5
2026072416,Dakar,84,39.3,20.6,131.0,0.8
2026072416,New_York,67,19.7,19.0,129.0,5.5
2026072416,Paris,36,8.7,5.4,156.0,6.5
2026072416,Tokyo,52,24.2,19.8,334.0,23.3
2026072417,Antananarivo,30,4.4,4.3,198.0,5.0
2026072417,Dakar,83,38.0,19.6,133.0,0.9
2026072417,New_York,65,15.7,15.2,124.0,6.1
2026072417,Paris,36,9.3,5.2,163.0,7.1
2026072417,Tokyo,48,22.4,18.2,327.0,26.7
2026072418,Antananarivo,28,11.6,11.5,218.0,7.0
2026072418,Dakar,82,38.2,19.4,135.0,1.0
2026072418,New_York,62,10.3,9.8,124.0,7.3
2026072418,Paris,35,9.5,5.4,166.0,8.4
2026072418,Tokyo,45,23.8,19.7,316.0,31.1
2026072419,Antananarivo,27,16.6,16.4,246.0,7.8
2026072419,Dakar,81,39.5,19.7,136.0,1.1
2026072419,New_York,49,7.5,6.7,128.0,9.2
2026072419,Paris,35,9.7,5.3,174.0,9.8
2026072419,Tokyo,42,24.3,20.6,300.0,36.7
2026072420,Antananarivo,26,18.9,18.6,277.0,7.9
2026072420,Dakar,79,43.1,21.2,136.0,1.1
2026072420,New_York,39,15.0,13.1,131.0,13.4
2026072420,Paris,33,10.0,5.0,150.0,9.9
2026072420,Tokyo,40,26.9,23.7,280.0,43.3
2026072421,Antananarivo,26,19.9,19.7,292.0,8.2
2026072421,Dakar,77,47.8,23.3,137.0,1.1
2026072421,New_York,37,12.8,10.7,132.0,14.2
2026072421,Paris,32,9.4,5.2,153.0,11.0
2026072421,Tokyo,39,20.8,18.7,270.0,37.2
2026072422,Antananarivo,25,22.3,21.9,278.0,8.9
2026072422,Dakar,76,48.5,23.5,140.0,1.1
2026072422,New_York,34,12.1,10.0,132.0,15.4
2026072422,Paris,30,9.5,5.8,164.0,12.0
2026072422,Tokyo,40,19.6,18.1,279.0,40.3
2026072423,Antananarivo,24,25.1,24.7,249.0,9.6
2026072423,Dakar,74,49.6,23.8,143.0,1.1
2026072423,New_York,34,12.3,10.2,134.0,16.8
2026072423,Paris,26,10.2,6.8,173.0,17.3
2026072423,Tokyo,40,20.0,18.8,297.0,44.9
2026072500,Antananarivo,23,26.5,26.0,225.0,10.1
2026072500,Dakar,72,51.5,24.4,141.0,0.9
2026072500,New_York,33,12.9,10.7,140.0,18.0
2026072500,Paris,23,11.3,7.0,186.0,17.2
2026072500,Tokyo,39,20.0,19.0,313.0,50.6
2026072501,Antananarivo,21,27.5,27.1,209.0,10.1
2026072501,Dakar,70,65.0,29.7,130.0,0.8
2026072501,New_York,33,14.3,12.0,148.0,19.6
2026072501,Paris,18,12.0,7.8,193.0,21.5
2026072501,Tokyo,39,20.4,19.4,322.0,59.0
2026072502,Antananarivo,18,27.5,27.1,197.0,9.9
2026072502,Dakar,69,80.3,35.4,113.0,0.8
2026072502,New_York,33,16.1,13.7,155.0,22.7
2026072502,Paris,19,12.5,7.9,186.0,18.8
2026072502,Tokyo,39,20.0,19.1,328.0,68.6
2026072503,Antananarivo,20,43.3,42.6,202.0,14.4
2026072503,Dakar,68,94.1,40.0,101.0,0.7
2026072503,New_York,33,18.7,16.1,160.0,29.8
2026072503,Paris,20,12.6,8.0,188.0,19.2
2026072503,Tokyo,39,20.8,20.0,331.0,74.4
2026072504,Antananarivo,24,43.1,42.4,235.0,14.8
2026072504,Dakar,67,102.9,42.3,96.0,0.7
2026072504,New_York,33,21.0,18.2,164.0,38.5
2026072504,Paris,20,13.3,7.9,182.0,17.1
2026072504,Tokyo,40,22.8,21.9,332.0,73.5
2026072505,Antananarivo,27,42.7,42.0,284.0,15.2
2026072505,Dakar,67,107.1,43.1,96.0,0.8
2026072505,New_York,33,22.1,19.3,167.0,43.1
2026072505,Paris,18,14.9,8.3,177.0,15.5
2026072505,Tokyo,40,25.8,25.1,329.0,68.8
2026072506,Antananarivo,31,42.1,41.3,323.0,14.2
2026072506,Dakar,66,108.3,43.1,98.0,0.8
2026072506,New_York,34,21.3,18.8,171.0,40.4
2026072506,Paris,15,16.6,8.7,176.0,16.1
2026072506,Tokyo,42,30.4,29.7,320.0,64.3
2026072507,Antananarivo,34,44.2,43.7,350.0,10.3
2026072507,Dakar,66,104.8,41.7,105.0,0.8
2026072507,New_York,33,20.8,18.5,174.0,33.6
2026072507,Paris,15,18.0,10.0,194.0,18.9
2026072507,Tokyo,45,31.2,30.6,302.0,61.5
2026072508,Antananarivo,37,38.8,38.2,367.0,5.0
2026072508,Dakar,66,98.0,39.3,115.0,0.8
2026072508,New_York,33,20.6,17.8,172.0,20.3
2026072508,Paris,15,18.4,11.6,402.0,21.9
2026072508,Tokyo,47,33.4,32.8,277.0,58.9
2026072509,Antananarivo,40,21.2,20.5,359.0,1.1
2026072509,Dakar,66,91.0,37.0,123.0,0.8
2026072509,New_York,32,18.0,15.4,161.0,16.6
2026072509,Paris,23,20.3,12.2,394.0,16.9
2026072509,Tokyo,50,37.7,36.7,254.0,57.9
2026072510,Antananarivo,43,15.3,14.6,304.0,0.0
2026072510,Dakar,66,85.7,35.3,125.0,0.7
2026072510,New_York,36,13.6,11.8,145.0,11.4
2026072510,Paris,27,22.0,10.8,323.0,15.9
2026072510,Tokyo,52,43.3,42.0,230.0,53.0
2026072511,Antananarivo,45,12.4,11.8,223.0,0.1
2026072511,Dakar,66,82.4,34.2,125.0,0.6
2026072511,New_York,44,10.9,9.6,132.0,7.3
2026072511,Paris,33,15.5,9.5,238.0,9.6
2026072511,Tokyo,62,48.2,46.8,208.0,46.1
2026072512,Antananarivo,46,10.2,9.8,161.0,0.4
2026072512,Dakar,67,69.8,30.2,124.0,0.5
2026072512,New_York,52,9.3,8.3,123.0,5.2
2026072512,Paris,38,13.9,8.7,217.0,7.8
2026072512,Tokyo,67,51.1,49.7,200.0,40.4
2026072513,Antananarivo,47,8.8,8.6,136.0,0.3
2026072513,Dakar,67,66.1,28.7,123.0,0.5
2026072513,New_York,57,8.4,7.6,117.0,4.0
2026072513,Paris,43,13.6,7.8,197.0,6.2
2026072513,Tokyo,69,53.1,51.7,223.0,36.2
2026072514,Antananarivo,47,8.5,8.3,129.0,0.3
2026072514,Dakar,67,62.9,27.3,121.0,0.4
2026072514,New_York,60,8.1,7.2,113.0,3.4
2026072514,Paris,43,12.5,7.4,201.0,5.8
2026072514,Tokyo,69,48.4,47.3,261.0,33.2
2026072515,Antananarivo,47,3.6,3.6,130.0,0.5
2026072515,Dakar,68,61.9,26.7,120.0,0.4
2026072515,New_York,60,7.7,6.7,111.0,3.0
2026072515,Paris,43,11.5,6.3,183.0,5.4
2026072515,Tokyo,68,42.4,41.2,278.0,33.2
2026072516,Antananarivo,48,3.0,2.9,135.0,1.1
2026072516,Dakar,68,61.7,26.4,120.0,0.5
2026072516,New_York,56,7.1,6.1,111.0,3.1
2026072516,Paris,45,10.4,6.3,183.0,4.9
2026072516,Tokyo,67,40.9,39.7,250.0,38.3
2026072517,Antananarivo,48,3.8,3.7,147.0,2.1
2026072517,Dakar,68,62.6,26.4,121.0,0.6
2026072517,New_York,51,6.8,5.7,112.0,3.9
2026072517,Paris,47,10.0,6.7,186.0,4.7
2026072517,Tokyo,64,41.0,39.9,201.0,46.5
2026072518,Antananarivo,48,5.9,5.8,167.0,3.0
2026072518,Dakar,69,64.5,26.6,121.0,0.7
2026072518,New_York,47,6.6,5.5,115.0,4.7
2026072518,Paris,47,10.0,7.1,182.0,5.3
2026072518,Tokyo,64,40.0,39.1,165.0,53.4
2026072519,Antananarivo,47,7.4,7.3,202.0,3.9
2026072519,Dakar,69,67.3,27.1,121.0,0.8
2026072519,New_York,42,6.8,5.5,120.0,6.1
2026072519,Paris,46,10.0,7.5,182.0,6.1
2026072519,Tokyo,65,37.0,36.3,159.0,56.8
2026072520,Antananarivo,45,10.1,10.0,244.0,4.8
2026072520,Dakar,70,69.6,27.5,121.0,0.9
2026072520,New_York,37,15.1,12.3,125.0,12.0
2026072520,Paris,45,10.7,7.1,155.0,7.7
2026072520,Tokyo,66,33.5,33.1,167.0,59.0
2026072521,Antananarivo,44,16.2,16.2,272.0,5.8
2026072521,Dakar,70,71.7,28.0,120.0,1.0
2026072521,New_York,33,18.0,14.8,130.0,16.8
2026072521,Paris,41,12.3,7.2,152.0,7.4
2026072521,Tokyo,66,11.7,11.3,172.0,43.7
2026072522,Antananarivo,43,26.5,26.2,276.0,7.0
2026072522,Dakar,70,72.6,28.2,117.0,1.1
2026072522,New_York,28,21.0,17.6,136.0,23.7
2026072522,Paris,38,11.4,6.6,148.0,7.7
2026072522,Tokyo,66,12.2,11.9,166.0,45.0
2026072523,Antananarivo,44,30.5,30.0,267.0,8.3
2026072523,Dakar,71,72.4,28.2,112.0,1.1
2026072523,New_York,24,24.3,20.7,146.0,30.5
2026072523,Paris,34,9.9,6.5,146.0,7.2
2026072523,Tokyo,65,11.4,11.1,158.0,46.8
2026072600,Antananarivo,45,27.6,27.2,251.0,9.0
2026072600,Dakar,71,83.4,30.7,110.0,1.0
2026072600,New_York,25,27.6,23.9,162.0,36.8
2026072600,Paris,32,9.9,6.6,147.0,7.3
2026072600,Tokyo,65,11.4,11.1,152.0,48.8
2026072601,Antananarivo,45,25.7,25.3,228.0,8.7
2026072601,Dakar,72,84.3,30.9,112.0,1.0
2026072601,New_York,26,31.5,27.4,182.0,42.9
2026072601,Paris,29,9.9,6.1,148.0,8.1
2026072601,Tokyo,65,11.6,11.1,152.0,51.5
2026072602,Antananarivo,45,23.6,23.2,199.0,7.7
2026072602,Dakar,72,85.0,31.0,115.0,0.9
2026072602,New_York,27,35.5,31.1,198.0,48.1
2026072602,Paris,26,10.7,6.7,146.0,9.1
2026072602,Tokyo,65,12.0,11.4,154.0,54.4
2026072603,Antananarivo,44,23.2,22.7,176.0,7.5
2026072603,Dakar,72,85.7,31.0,117.0,0.9
2026072603,New_York,29,37.3,32.8,210.0,52.9
2026072603,Paris,26,11.0,6.9,146.0,7.7
2026072603,Tokyo,64,12.4,11.8,160.0,55.6
2026072604,Antananarivo,41,20.5,20.1,163.0,7.3
2026072604,Dakar,72,85.9,31.0,114.0,0.9
2026072604,New_York,30,36.0,31.8,219.0,56.7
2026072604,Paris,25,11.1,6.9,148.0,6.7
2026072604,Tokyo,64,12.5,11.9,169.0,53.9
2026072605,Antananarivo,39,18.7,18.2,157.0,6.8
2026072605,Dakar,72,86.6,31.0,110.0,0.9
2026072605,New_York,31,34.7,30.5,223.0,57.0
2026072605,Paris,23,11.2,7.0,145.0,6.1
2026072605,Tokyo,64,13.6,13.0,182.0,50.7
2026072606,Antananarivo,37,17.9,17.4,155.0,6.0
2026072606,Dakar,71,87.8,31.3,108.0,1.0
2026072606,New_York,32,34.2,30.2,219.0,51.8
2026072606,Paris,22,10.2,7.3,134.0,5.5
2026072606,Tokyo,63,15.9,15.3,195.0,47.7
2026072607,Antananarivo,35,20.2,19.7,161.0,4.3
2026072607,Dakar,71,87.5,31.1,112.0,1.2
2026072607,New_York,33,33.5,29.7,209.0,43.2
2026072607,Paris,20,10.7,6.8,139.0,6.2
2026072607,Tokyo,63,16.9,16.1,211.0,45.7
2026072608,Antananarivo,33,19.6,19.2,172.0,2.2
2026072608,Dakar,71,85.7,30.4,118.0,1.4
2026072608,New_York,34,35.4,31.2,197.0,40.9
2026072608,Paris,19,11.1,6.0,185.0,6.2
2026072608,Tokyo,62,18.3,17.1,227.0,44.1
2026072609,Antananarivo,33,12.7,11.5,180.0,0.6
2026072609,Dakar,71,83.6,29.8,122.0,1.5
2026072609,New_York,35,30.2,25.6,180.0,32.3
2026072609,Paris,20,9.8,5.8,158.0,5.2
2026072609,Tokyo,62,19.6,19.0,241.0,41.8
2026072610,Antananarivo,36,9.9,9.3,183.0,0.1
2026072610,Dakar,70,72.6,26.3,120.0,1.4
2026072610,New_York,37,25.1,21.2,159.0,20.3
2026072610,Paris,21,9.6,5.7,155.0,4.4
2026072610,Tokyo,61,21.4,20.6,245.0,37.4
2026072611,Antananarivo,37,8.8,8.4,183.0,0.2
2026072611,Dakar,70,61.7,22.9,116.0,1.3
2026072611,New_York,55,20.5,17.6,145.0,10.9
2026072611,Paris,21,9.4,5.4,151.0,3.6
2026072611,Tokyo,61,23.7,22.7,247.0,31.4
2026072612,Antananarivo,38,7.9,7.6,182.0,0.3
2026072612,Dakar,70,58.4,23.6,114.0,2.4
2026072612,New_York,63,16.3,14.5,142.0,6.5
2026072612,Paris,20,9.1,5.2,150.0,4.2
2026072612,Tokyo,59,26.4,25.2,260.0,27.6
2026072613,Antananarivo,39,7.5,7.2,178.0,0.2
2026072613,Dakar,70,57.9,24.3,117.0,2.1
2026072613,New_York,66,14.7,13.4,144.0,4.8
2026072613,Paris,21,9.0,4.9,148.0,4.3
2026072613,Tokyo,59,29.2,27.6,299.0,28.1
2026072614,Antananarivo,39,7.4,7.1,173.0,0.1
2026072614,Dakar,70,56.8,24.9,122.0,1.8
2026072614,New_York,68,14.6,13.5,146.0,4.0
2026072614,Paris,22,8.6,4.7,144.0,4.2
2026072614,Tokyo,58,29.2,27.7,349.0,30.7
2026072615,Antananarivo,38,2.1,2.0,174.0,0.4
2026072615,Dakar,69,56.0,25.6,126.0,1.5
2026072615,New_York,69,14.0,13.3,145.0,3.8
2026072615,Paris,22,8.2,4.6,149.0,3.7
2026072615,Tokyo,55,28.9,27.4,388.0,33.1
2026072616,Antananarivo,36,2.5,2.4,188.0,1.3
2026072616,Dakar,69,55.8,26.3,127.0,1.5
2026072616,New_York,68,13.7,13.2,142.0,4.6
2026072616,Paris,22,7.9,4.2,148.0,3.8
2026072616,Tokyo,51,28.2,26.7,405.0,34.0
2026072617,Antananarivo,32,3.7,3.6,208.0,2.5
2026072617,Dakar,69,54.7,26.0,128.0,1.6
2026072617,New_York,67,13.8,13.3,139.0,6.3
2026072617,Paris,22,7.6,4.0,146.0,3.7
2026072617,Tokyo,45,27.2,25.9,411.0,34.6
2026072618,Antananarivo,29,10.5,10.0,215.0,3.2
2026072618,Dakar,69,52.0,24.4,129.0,1.7
2026072618,New_York,65,15.2,14.7,133.0,8.9
2026072618,Paris,22,7.4,3.9,144.0,3.6
2026072618,Tokyo,41,29.1,27.9,406.0,36.5
2026072619,Antananarivo,29,11.8,10.9,195.0,3.0
2026072619,Dakar,69,48.3,22.0,132.0,1.7
2026072619,New_York,62,15.0,14.4,127.0,12.4
2026072619,Paris,21,7.2,4.0,139.0,4.0
2026072619,Tokyo,39,31.2,30.3,390.0,40.9
2026072620,Antananarivo,30,13.1,11.8,162.0,2.2
2026072620,Dakar,69,45.3,20.1,135.0,1.6
2026072620,New_York,57,27.2,23.7,123.0,18.0
2026072620,Paris,21,7.3,4.6,122.0,4.8
2026072620,Tokyo,39,31.7,31.0,364.0,46.6
2026072621,Antananarivo,30,13.8,12.4,136.0,1.6
2026072621,Dakar,68,43.4,18.7,139.0,1.5
2026072621,New_York,48,25.8,22.6,125.0,21.2
2026072621,Paris,24,9.3,4.6,133.0,4.6
2026072621,Tokyo,39,31.8,30.4,335.0,37.7
2026072622,Antananarivo,29,13.4,12.0,125.0,1.3
2026072622,Dakar,68,43.7,18.3,145.0,1.3
2026072622,New_York,48,23.7,20.7,131.0,25.5
2026072622,Paris,25,11.0,5.5,139.0,5.7
2026072622,Tokyo,41,34.9,33.8,300.0,42.6
2026072623,Antananarivo,28,11.1,9.9,121.0,1.1
2026072623,Dakar,67,44.8,18.4,150.0,1.2
2026072623,New_York,49,21.8,18.9,136.0,28.2
2026072623,Paris,24,10.8,5.2,145.0,5.5
2026072623,Tokyo,44,36.9,35.9,260.0,49.5
2026072700,Antananarivo,27,8.2,7.3,119.0,1.0
2026072700,Dakar,67,22.4,11.6,150.0,1.2
2026072700,New_York,48,20.9,18.0,138.0,27.2
2026072700,Paris,24,12.7,5.6,149.0,5.2
2026072700,Tokyo,48,39.6,38.6,231.0,55.8
2026072701,Antananarivo,26,6.5,5.7,116.0,0.9
2026072701,Dakar,66,21.9,10.9,139.0,1.1
2026072701,New_York,47,21.6,18.6,140.0,24.5
2026072701,Paris,24,12.2,5.9,156.0,5.1
2026072701,Tokyo,53,41.9,40.9,220.0,61.2
2026072702,Antananarivo,26,5.2,4.6,115.0,0.8
2026072702,Dakar,65,23.0,11.0,122.0,0.9
2026072702,New_York,46,23.1,20.1,143.0,23.7
2026072702,Paris,26,13.8,5.4,154.0,4.1
2026072702,Tokyo,58,42.3,41.1,218.0,66.1
2026072703,Antananarivo,24,4.2,3.7,117.0,1.0
2026072703,Dakar,64,26.3,12.0,109.0,0.7
2026072703,New_York,44,25.2,21.9,148.0,27.1
2026072703,Paris,26,12.5,5.4,154.0,3.9
2026072703,Tokyo,61,41.1,40.0,214.0,68.8
2026072704,Antananarivo,24,3.9,3.4,123.0,1.1
2026072704,Dakar,63,30.2,13.2,103.0,0.6
2026072704,New_York,42,27.5,24.0,154.0,32.3
2026072704,Paris,25,12.2,5.4,154.0,3.9
2026072704,Tokyo,62,43.4,42.7,202.0,69.0
2026072705,Antananarivo,24,3.8,3.3,131.0,1.3
2026072705,Dakar,62,35.2,14.9,102.0,0.6
2026072705,New_York,41,30.2,26.4,163.0,36.0
2026072705,Paris,24,12.6,5.7,159.0,4.4
2026072705,Tokyo,63,43.5,42.8,188.0,67.0
2026072706,Antananarivo,24,4.0,3.5,138.0,1.3
2026072706,Dakar,61,40.2,16.6,104.0,0.6
2026072706,New_York,40,32.9,28.9,177.0,37.4
2026072706,Paris,22,13.3,6.3,159.0,7.3
2026072706,Tokyo,64,40.6,40.0,174.0,62.1
2026072707,Antananarivo,25,5.0,4.4,142.0,1.2
2026072707,Dakar,60,46.8,19.0,113.0,0.8
2026072707,New_York,40,34.9,31.0,194.0,37.2
2026072707,Paris,20,14.5,6.8,173.0,10.7
2026072707,Tokyo,64,27.1,26.7,160.0,51.7
2026072708,Antananarivo,27,5.8,5.1,144.0,0.9
2026072708,Dakar,57,51.8,20.7,126.0,1.1
2026072708,New_York,40,27.6,25.0,203.0,34.8
2026072708,Paris,19,17.6,8.5,235.0,14.4
2026072708,Tokyo,65,17.1,16.6,146.0,38.4
2026072709,Antananarivo,28,6.5,5.6,146.0,0.7
2026072709,Dakar,54,51.9,20.8,136.0,1.3
2026072709,New_York,40,26.0,23.8,199.0,28.3
2026072709,Paris,20,16.9,7.9,226.0,13.7
2026072709,Tokyo,65,25.5,24.0,137.0,30.6
2026072710,Antananarivo,30,7.5,6.4,149.0,0.6
2026072710,Dakar,52,53.8,21.8,140.0,1.3
2026072710,New_York,48,20.3,19.3,187.0,19.3
2026072710,Paris,22,14.3,6.6,203.0,9.9
2026072710,Tokyo,65,24.8,23.6,136.0,30.5
2026072711,Antananarivo,31,8.1,7.0,152.0,0.5
2026072711,Dakar,50,56.0,22.9,141.0,1.1
2026072711,New_York,62,19.6,18.9,175.0,12.1
2026072711,Paris,25,12.4,6.7,193.0,7.7
2026072711,Tokyo,65,23.2,22.2,140.0,30.4
2026072712,Antananarivo,32,7.6,6.5,153.0,0.4
2026072712,Dakar,50,50.9,21.1,142.0,0.7
2026072712,New_York,65,19.5,18.9,165.0,8.3
2026072712,Paris,27,11.1,7.0,192.0,7.8
2026072712,Tokyo,65,23.2,22.2,143.0,31.0
2026072713,Antananarivo,32,7.8,6.7,151.0,0.3
2026072713,Dakar,49,50.9,21.1,146.0,0.7
2026072713,New_York,68,19.4,18.9,154.0,6.3
2026072713,Paris,29,10.1,6.6,189.0,6.5
2026072713,Tokyo,65,22.1,21.1,144.0,32.4
2026072714,Antananarivo,32,8.2,7.1,147.0,0.2
2026072714,Dakar,49,51.7,21.5,151.0,0.6
2026072714,New_York,69,19.0,18.4,147.0,5.2
2026072714,Paris,34,9.5,6.3,186.0,5.2
2026072714,Tokyo,65,18.1,17.3,145.0,34.5
2026072715,Antananarivo,32,8.9,7.5,148.0,0.6
2026072715,Dakar,48,51.9,21.5,153.0,0.6
2026072715,New_York,69,19.7,19.0,143.0,4.3
2026072715,Paris,35,9.3,6.3,183.0,4.6
2026072715,Tokyo,64,15.9,15.2,147.0,37.3
2026072716,Antananarivo,29,9.8,8.3,160.0,1.8
2026072716,Dakar,48,52.3,21.4,148.0,0.7
2026072716,New_York,67,22.9,21.9,142.0,4.2
2026072716,Paris,37,9.0,6.0,182.0,4.7
2026072716,Tokyo,64,13.5,12.7,153.0,41.1
2026072717,Antananarivo,26,11.5,9.9,177.0,3.5
2026072717,Dakar,47,56.2,23.1,140.0,0.8
2026072717,New_York,65,23.8,22.6,145.0,6.7
2026072717,Paris,38,9.2,5.7,182.0,5.4
2026072717,Tokyo,63,11.5,10.7,161.0,45.6
2026072718,Antananarivo,23,17.3,15.8,189.0,4.8
2026072718,Dakar,48,51.0,20.6,134.0,0.9
2026072718,New_York,62,23.0,22.2,152.0,13.0
2026072718,Paris,38,9.2,5.3,188.0,7.0
2026072718,Tokyo,63,13.6,11.9,166.0,50.2
2026072719,Antananarivo,21,19.7,18.2,191.0,5.4
2026072719,Dakar,47,51.5,20.7,134.0,1.0
2026072719,New_York,55,24.0,23.4,164.0,21.8
2026072719,Paris,37,9.0,5.1,195.0,8.1
2026072719,Tokyo,62,17.3,15.3,166.0,55.3
2026072720,Antananarivo,19,21.1,19.4,187.0,5.6
2026072720,Dakar,48,49.8,19.9,138.0,1.1
2026072720,New_York,54,41.0,39.7,176.0,20.6
2026072720,Paris,36,9.3,5.4,167.0,8.1
2026072720,Tokyo,62,17.6,15.6,162.0,60.4
2026072721,Antananarivo,18,23.4,21.9,179.0,5.6
2026072721,Dakar,48,48.4,19.4,141.0,1.1
2026072721,New_York,51,43.7,42.6,191.0,32.7
2026072721,Paris,34,9.7,5.5,167.0,9.2
2026072721,Tokyo,61,20.1,17.8,157.0,66.8
2026072722,Antananarivo,17,24.9,23.6,163.0,5.5
2026072722,Dakar,49,48.0,19.2,145.0,1.1
2026072722,New_York,54,43.9,43.1,208.0,49.0
2026072722,Paris,32,10.1,5.4,171.0,9.9
2026072722,Tokyo,61,19.2,17.1,151.0,62.9
2026072723,Antananarivo,18,22.6,21.2,143.0,5.1
2026072723,Dakar,49,46.6,18.7,148.0,1.0
2026072723,New_York,58,43.8,43.1,219.0,58.9
2026072723,Paris,29,10.5,5.5,178.0,11.5
2026072723,Tokyo,60,18.2,16.4,143.0,57.6
2026072800,Antananarivo,19,20.1,18.7,128.0,4.6
2026072800,Dakar,49,62.6,24.9,146.0,0.8
2026072800,New_York,60,41.3,40.9,222.0,56.4
2026072800,Paris,25,11.0,5.6,180.0,11.8
2026072800,Tokyo,59,17.3,15.8,136.0,53.6
2026072801,Antananarivo,20,17.8,16.5,120.0,3.7
2026072801,Dakar,52,61.9,24.7,134.0,0.8
2026072801,New_York,61,38.5,38.2,220.0,47.3
2026072801,Paris,22,11.5,5.9,186.0,14.1
2026072801,Tokyo,55,17.4,15.6,128.0,52.6
2026072802,Antananarivo,21,15.4,14.2,118.0,2.5
2026072802,Dakar,56,60.5,24.2,117.0,0.8
2026072802,New_York,62,35.4,35.2,216.0,39.0
2026072802,Paris,20,11.9,6.5,176.0,13.9
2026072802,Tokyo,51,15.4,13.9,120.0,52.9
2026072803,Antananarivo,21,18.7,17.5,119.0,4.5
2026072803,Dakar,59,59.6,23.9,104.0,0.8
2026072803,New_York,62,32.1,31.9,212.0,33.7
2026072803,Paris,19,12.3,6.6,177.0,13.0
2026072803,Tokyo,46,14.3,12.9,118.0,52.8
2026072804,Antananarivo,23,10.3,9.2,126.0,3.7
2026072804,Dakar,60,58.0,23.3,99.0,0.8
2026072804,New_York,63,28.9,28.7,206.0,29.1
2026072804,Paris,18,12.8,6.8,183.0,12.6
2026072804,Tokyo,42,13.9,12.3,124.0,51.6
2026072805,Antananarivo,23,8.6,7.7,137.0,2.7
2026072805,Dakar,61,56.1,22.7,98.0,0.8
2026072805,New_York,63,26.7,26.5,199.0,25.1
2026072805,Paris,16,13.4,7.3,192.0,14.6
2026072805,Tokyo,38,14.1,12.6,135.0,49.9
2026072806,Antananarivo,23,8.2,7.3,148.0,1.8
2026072806,Dakar,61,54.1,22.1,101.0,0.8
2026072806,New_York,63,26.1,26.0,192.0,22.0
2026072806,Paris,13,14.5,7.7,206.0,18.3
2026072806,Tokyo,36,15.6,14.1,148.0,48.1
2026072807,Antananarivo,24,8.7,7.9,158.0,1.3
2026072807,Dakar,61,51.9,21.4,108.0,0.8
2026072807,New_York,63,25.0,24.7,184.0,19.5
2026072807,Paris,15,16.2,9.7,223.0,30.6
2026072807,Tokyo,34,17.2,15.5,156.0,45.9
2026072808,Antananarivo,25,9.4,8.5,168.0,1.0
2026072808,Dakar,61,49.9,20.6,119.0,0.9
2026072808,New_York,62,10.6,10.5,177.0,18.1
2026072808,Paris,18,16.9,10.6,362.0,36.1
2026072808,Tokyo,33,19.2,17.3,166.0,43.5
2026072809,Antananarivo,27,9.5,8.6,174.0,0.8
2026072809,Dakar,61,47.4,19.6,126.0,0.9
2026072809,New_York,62,11.3,11.1,173.0,15.9
2026072809,Paris,19,15.1,10.5,349.0,33.9
2026072809,Tokyo,33,15.0,13.1,200.0,38.5
2026072810,Antananarivo,29,9.8,8.8,174.0,0.6
2026072810,Dakar,61,45.2,18.7,126.0,0.8
2026072810,New_York,62,12.1,11.9,170.0,12.8
2026072810,Paris,23,14.8,9.7,316.0,24.8
2026072810,Tokyo,32,15.5,13.4,294.0,32.2
2026072811,Antananarivo,32,10.4,9.4,172.0,0.5
2026072811,Dakar,61,43.8,18.4,123.0,0.6
2026072811,New_York,61,13.0,12.7,168.0,10.2
2026072811,Paris,27,14.8,8.5,274.0,16.9
2026072811,Tokyo,34,12.4,10.7,413.0,23.5
2026072812,Antananarivo,34,11.3,10.1,172.0,0.5
2026072812,Dakar,61,15.0,7.7,121.0,0.5
2026072812,New_York,61,12.9,12.6,163.0,8.1
2026072812,Paris,34,13.9,7.8,251.0,12.4
2026072812,Tokyo,42,10.0,8.6,470.0,16.5
2026072813,Antananarivo,35,11.2,10.0,177.0,0.4
2026072813,Dakar,60,15.1,7.9,120.0,0.5
2026072813,New_York,61,12.8,12.1,158.0,6.5
2026072813,Paris,41,12.0,6.9,251.0,10.3
2026072813,Tokyo,53,10.0,8.8,405.0,12.4
2026072814,Antananarivo,35,11.2,10.0,185.0,0.4
2026072814,Dakar,59,14.6,7.9,120.0,0.4
2026072814,New_York,61,14.5,12.9,160.0,6.4
2026072814,Paris,51,12.8,6.9,252.0,8.6
2026072814,Tokyo,61,10.5,9.1,279.0,10.1
2026072815,Antananarivo,36,13.4,11.7,197.0,0.7
2026072815,Dakar,56,14.5,8.1,120.0,0.4
2026072815,New_York,60,14.9,13.1,174.0,8.9
2026072815,Paris,58,12.7,6.8,247.0,8.1
2026072815,Tokyo,62,10.7,9.1,189.0,10.1
2026072816,Antananarivo,33,13.9,12.1,220.0,2.1
2026072816,Dakar,53,14.6,8.4,122.0,0.5
2026072816,New_York,60,15.6,14.1,195.0,12.9
2026072816,Paris,60,12.2,6.9,241.0,9.8
2026072816,Tokyo,61,12.7,10.7,178.0,13.5
2026072817,Antananarivo,30,15.0,13.3,247.0,4.0
2026072817,Dakar,50,15.1,8.6,125.0,0.6
2026072817,New_York,60,16.1,15.2,210.0,16.5
2026072817,Paris,62,12.6,7.0,238.0,12.1
2026072817,Tokyo,54,14.0,12.0,203.0,19.1
2026072818,Antananarivo,27,19.9,18.5,259.0,5.3
2026072818,Dakar,46,16.1,9.0,127.0,0.7
2026072818,New_York,59,18.3,17.1,217.0,19.3
2026072818,Paris,56,12.6,7.1,219.0,12.1
2026072818,Tokyo,45,15.1,13.4,231.0,24.6
2026072819,Antananarivo,27,20.7,19.3,246.0,5.5
2026072819,Dakar,43,17.5,9.5,126.0,0.8
2026072819,New_York,58,19.7,18.3,218.0,21.7
2026072819,Paris,50,11.9,6.9,208.0,14.0
2026072819,Tokyo,39,15.5,14.0,254.0,28.5
2026072820,Antananarivo,27,20.6,19.3,219.0,5.1
2026072820,Dakar,41,19.0,10.0,124.0,0.9
2026072820,New_York,57,17.7,14.8,210.0,17.1
2026072820,Paris,39,9.3,6.0,177.0,12.1
2026072820,Tokyo,34,17.3,15.9,279.0,32.1
2026072821,Antananarivo,27,19.3,17.9,192.0,4.7
2026072821,Dakar,39,20.3,10.4,122.0,0.9
2026072821,New_York,53,17.3,14.6,188.0,16.6
2026072821,Paris,35,8.9,5.7,173.0,11.6
2026072821,Tokyo,37,16.5,14.7,295.0,29.7
2026072822,Antananarivo,27,16.6,15.7,168.0,4.4
2026072822,Dakar,38,22.0,10.9,120.0,0.9
2026072822,New_York,48,15.4,13.1,157.0,15.9
2026072822,Paris,30,8.9,6.5,172.0,14.0
2026072822,Tokyo,32,17.6,16.6,296.0,36.7
2026072823,Antananarivo,26,15.3,14.3,145.0,4.1
2026072823,Dakar,37,23.9,11.3,117.0,0.9
2026072823,New_York,43,14.7,12.7,133.0,14.8
2026072823,Paris,25,10.9,6.7,183.0,22.1
2026072823,Tokyo,26,22.4,21.7,288.0,46.5
2026072900,Antananarivo,26,13.5,12.6,130.0,3.7
2026072900,Dakar,36,28.1,12.2,114.0,0.9
2026072900,New_York,39,13.8,12.0,122.0,12.9
2026072900,Paris,23,12.1,6.9,189.0,22.8
2026072900,Tokyo,27,26.7,26.1,281.0,55.0
2026072901,Antananarivo,25,10.1,9.2,127.0,3.2
2026072901,Dakar,34,27.9,11.6,108.0,0.8
2026072901,New_York,37,11.9,10.5,119.0,10.5
2026072901,Paris,19,12.6,6.8,196.0,21.2
2026072901,Tokyo,28,30.7,30.3,276.0,61.2
2026072902,Antananarivo,24,8.8,7.9,132.0,2.7
2026072902,Dakar,33,26.6,10.9,102.0,0.7
2026072902,New_York,36,10.6,9.4,121.0,9.1
2026072902,Paris,21,13.0,6.5,195.0,17.7
2026072902,Tokyo,30,32.2,31.9,270.0,66.2
2026072903,Antananarivo,24,7.0,6.2,137.0,1.9
2026072903,Dakar,34,24.9,10.1,97.0,0.6
2026072903,New_York,34,10.4,9.0,130.0,9.1
2026072903,Paris,19,12.4,6.5,188.0,13.8
2026072903,Tokyo,32,35.3,34.9,269.0,68.8
2026072904,Antananarivo,23,7.1,6.4,136.0,2.1
2026072904,Dakar,34,22.6,9.5,95.0,0.6
2026072904,New_York,32,10.9,9.3,143.0,9.9
2026072904,Paris,18,11.9,6.5,186.0,12.9
2026072904,Tokyo,32,39.2,38.9,274.0,67.9
2026072905,Antananarivo,23,7.2,6.4,135.0,2.4
2026072905,Dakar,34,21.0,9.1,94.0,0.6
2026072905,New_York,30,11.6,10.0,156.0,11.2
2026072905,Paris,15,11.6,6.6,190.0,14.2
2026072905,Tokyo,34,42.7,42.4,283.0,64.6
2026072906,Antananarivo,23,7.6,6.8,139.0,2.4
2026072906,Dakar,35,19.2,8.8,97.0,0.6
2026072906,New_York,28,12.5,10.9,167.0,13.0
2026072906,Paris,15,12.4,7.3,209.0,22.0
2026072906,Tokyo,37,47.8,47.5,290.0,61.2
2026072907,Antananarivo,23,8.6,7.8,153.0,2.0
2026072907,Dakar,35,17.4,8.6,105.0,0.7
2026072907,New_York,28,11.4,10.0,177.0,15.1
2026072907,Paris,16,13.7,7.9,239.0,32.4
2026072907,Tokyo,40,50.1,49.6,297.0,58.6
2026072908,Antananarivo,23,9.3,8.3,172.0,1.4
2026072908,Dakar,35,16.1,8.6,116.0,0.8
2026072908,New_York,26,11.1,10.5,182.0,19.2
2026072908,Paris,22,17.1,12.2,457.0,44.2
2026072908,Tokyo,45,44.9,44.1,302.0,55.8
2026072909,Antananarivo,26,9.7,8.6,188.0,0.9
2026072909,Dakar,36,15.6,8.8,123.0,0.8
2026072909,New_York,30,12.1,11.3,178.0,17.0
2026072909,Paris,22,18.7,12.3,547.0,45.9
2026072909,Tokyo,50,17.9,17.9,293.0,48.4
2026072910,Antananarivo,29,10.0,8.7,198.0,0.6
2026072910,Dakar,36,15.7,9.1,121.0,0.7
2026072910,New_York,36,10.7,9.9,168.0,13.9
2026072910,Paris,23,17.9,11.6,455.0,40.2
2026072910,Tokyo,51,18.8,18.7,259.0,39.9
2026072911,Antananarivo,32,10.8,9.3,204.0,0.5
2026072911,Dakar,36,16.0,9.3,116.0,0.5
2026072911,New_York,42,10.4,9.5,159.0,11.0
2026072911,Paris,29,15.5,10.1,398.0,26.2
2026072911,Tokyo,63,18.5,18.5,210.0,28.1
2026072912,Antananarivo,35,11.9,10.4,209.0,0.4
2026072912,Dakar,36,30.0,17.4,111.0,0.5
2026072912,New_York,45,9.8,9.2,153.0,8.7
2026072912,Paris,50,15.1,9.0,289.0,16.7
2026072912,Tokyo,68,19.8,19.7,173.0,18.7
2026072913,Antananarivo,36,12.1,10.5,209.0,0.1
2026072913,Dakar,36,32.8,18.7,110.0,0.5
2026072913,New_York,47,10.2,9.5,148.0,6.7
2026072913,Paris,51,11.2,7.2,205.0,8.0
2026072913,Tokyo,70,20.9,20.5,157.0,13.8
2026072914,Antananarivo,37,12.3,10.7,208.0,0.0
2026072914,Dakar,36,36.2,20.0,109.0,0.4
2026072914,New_York,47,7.6,7.2,146.0,5.2
2026072914,Paris,52,10.5,6.1,196.0,5.2
2026072914,Tokyo,70,19.4,19.0,151.0,11.4
2026072915,Antananarivo,37,13.0,11.4,212.0,0.7
2026072915,Dakar,35,41.3,21.4,110.0,0.4
2026072915,New_York,45,7.6,7.3,150.0,3.6
2026072915,Paris,51,10.2,6.1,191.0,4.9
2026072915,Tokyo,70,18.4,17.9,149.0,11.0
2026072916,Antananarivo,34,13.6,12.0,233.0,2.8
2026072916,Dakar,34,48.4,22.9,112.0,0.5
2026072916,New_York,43,6.6,6.4,157.0,2.4
2026072916,Paris,51,10.9,6.5,184.0,5.1
2026072916,Tokyo,68,17.9,17.5,148.0,12.8
2026072917,Antananarivo,31,14.8,13.3,259.0,5.8
2026072917,Dakar,34,57.6,24.3,114.0,0.6
2026072917,New_York,39,6.4,6.3,166.0,3.8
2026072917,Paris,51,11.1,6.9,178.0,5.5
2026072917,Tokyo,65,18.0,17.3,150.0,16.8
2026072918,Antananarivo,28,23.6,22.2,265.0,7.7
2026072918,Dakar,33,66.8,25.4,115.0,0.7
2026072918,New_York,34,7.3,7.1,179.0,10.1
2026072918,Paris,51,12.6,8.5,179.0,6.7
2026072918,Tokyo,62,17.5,16.8,158.0,22.0
2026072919,Antananarivo,25,30.0,28.6,232.0,7.9
2026072919,Dakar,33,71.9,25.7,113.0,0.8
2026072919,New_York,27,9.9,9.8,193.0,18.9
2026072919,Paris,51,15.7,11.4,184.0,8.1
2026072919,Tokyo,60,21.9,20.8,176.0,29.0
2026072920,Antananarivo,24,26.8,25.7,178.0,7.0
2026072920,Dakar,33,70.8,25.3,111.0,0.8
2026072920,New_York,20,32.0,31.5,201.0,34.6
2026072920,Paris,51,15.9,12.1,176.0,8.3
2026072920,Tokyo,61,27.9,26.7,199.0,37.2
2026072921,Antananarivo,24,20.8,19.7,137.0,6.0
2026072921,Dakar,33,62.9,24.2,108.0,0.8
2026072921,New_York,21,34.2,33.9,199.0,38.7
2026072921,Paris,47,17.4,13.0,201.0,12.8
2026072921,Tokyo,61,32.2,28.6,220.0,38.9
2026072922,Antananarivo,24,16.0,14.9,122.0,4.8
2026072922,Dakar,34,54.7,23.1,106.0,0.8
2026072922,New_York,23,34.8,34.5,190.0,44.0
2026072922,Paris,40,19.9,14.5,209.0,16.2
2026072922,Tokyo,61,35.3,33.3,239.0,49.2
2026072923,Antananarivo,24,10.8,10.0,119.0,3.3
2026072923,Dakar,35,50.1,22.8,105.0,0.7
2026072923,New_York,25,31.3,31.1,180.0,45.3
2026072923,Paris,29,21.4,15.2,230.0,27.6
2026072923,Tokyo,62,40.3,38.8,256.0,63.4
2026073000,Antananarivo,24,7.3,6.8,118.0,2.2
2026073000,Dakar,36,31.1,16.2,103.0,0.7
2026073000,New_York,26,23.2,23.1,169.0,38.8
2026073000,Paris,24,22.2,15.5,267.0,34.1
2026073000,Tokyo,63,43.0,41.8,261.0,74.6
2026073001,Antananarivo,23,6.2,5.7,116.0,1.8
2026073001,Dakar,37,30.6,16.3,99.0,0.6
2026073001,New_York,27,15.9,15.8,158.0,28.3
2026073001,Paris,20,22.7,15.6,290.0,39.1
2026073001,Tokyo,63,41.8,40.7,244.0,80.2
2026073002,Antananarivo,23,5.7,5.3,116.0,1.9
2026073002,Dakar,37,30.4,16.2,95.0,0.5
2026073002,New_York,28,11.0,11.0,149.0,20.2
2026073002,Paris,21,24.6,16.2,259.0,26.1
2026073002,Tokyo,63,42.0,41.0,215.0,82.7
2026073003,Antananarivo,23,4.5,4.1,117.0,1.9
2026073003,Dakar,37,30.3,16.3,92.0,0.4
2026073003,New_York,28,7.9,7.9,145.0,17.2
2026073003,Paris,25,19.8,14.0,222.0,18.2
2026073003,Tokyo,64,40.3,39.1,196.0,82.7
2026073004,Antananarivo,23,4.2,3.7,119.0,1.9
2026073004,Dakar,37,30.3,16.9,91.0,0.4
2026073004,New_York,28,6.3,6.3,143.0,16.6
2026073004,Paris,25,16.3,10.8,207.0,12.2
2026073004,Tokyo,64,37.7,36.4,198.0,79.1
2026073005,Antananarivo,23,4.4,3.8,122.0,1.8
2026073005,Dakar,37,30.4,17.8,90.0,0.4
2026073005,New_York,27,5.7,5.7,143.0,16.2
2026073005,Paris,24,16.1,10.0,199.0,9.1
2026073005,Tokyo,64,36.8,35.5,210.0,73.0
2026073006,Antananarivo,22,5.0,4.4,130.0,1.7
2026073006,Dakar,38,29.8,18.2,92.0,0.4
2026073006,New_York,27,6.4,6.3,145.0,15.6
2026073006,Paris,24,15.9,9.7,186.0,11.0
2026073006,Tokyo,64,37.7,36.4,221.0,67.7
2026073007,Antananarivo,22,8.1,7.1,145.0,1.4
2026073007,Dakar,38,30.0,18.5,97.0,0.5
2026073007,New_York,27,8.0,7.9,149.0,15.2
2026073007,Paris,23,15.8,10.0,196.0,18.8
2026073007,Tokyo,63,39.7,38.3,230.0,65.2
2026073008,Antananarivo,25,7.2,6.3,164.0,1.0
2026073008,Dakar,39,31.0,18.9,104.0,0.6
2026073008,New_York,27,10.7,9.9,152.0,17.9
2026073008,Paris,22,17.7,12.0,247.0,21.4
2026073008,Tokyo,63,39.3,37.8,238.0,63.6
2026073009,Antananarivo,27,7.9,6.8,180.0,0.7
2026073009,Dakar,39,33.8,19.7,109.0,0.6
2026073009,New_York,27,9.6,8.7,152.0,15.9
2026073009,Paris,24,19.1,12.1,280.0,26.5
2026073009,Tokyo,63,26.0,25.5,238.0,62.6
2026073010,Antananarivo,29,8.3,7.1,190.0,0.5
2026073010,Dakar,40,40.6,21.5,108.0,0.6
2026073010,New_York,26,8.2,7.6,151.0,13.0
2026073010,Paris,27,19.5,12.3,287.0,29.2
2026073010,Tokyo,63,26.4,25.8,217.0,54.7
2026073011,Antananarivo,31,9.0,7.7,197.0,0.4
2026073011,Dakar,42,45.5,22.4,105.0,0.5
2026073011,New_York,26,7.7,7.2,148.0,10.4
2026073011,Paris,24,19.6,13.1,287.0,25.5
2026073011,Tokyo,63,26.5,25.7,190.0,43.7
2026073012,Antananarivo,33,9.8,8.4,201.0,0.3
2026073012,Dakar,45,51.1,29.9,103.0,0.4
2026073012,New_York,27,4.8,4.5,143.0,8.3
2026073012,Paris,28,19.6,11.5,306.0,24.9
2026073012,Tokyo,63,26.3,25.0,189.0,34.4
2026073013,Antananarivo,34,9.8,8.5,196.0,0.1
2026073013,Dakar,47,50.6,29.4,103.0,0.4
2026073013,New_York,27,4.1,3.8,136.0,6.4
2026073013,Paris,36,19.1,11.2,287.0,19.0
2026073013,Tokyo,67,26.1,24.6,242.0,28.2
2026073014,Antananarivo,35,10.0,8.6,189.0,0.0
2026073014,Dakar,48,52.7,30.0,103.0,0.4
2026073014,New_York,28,4.3,4.0,133.0,5.1
2026073014,Paris,46,18.3,11.4,250.0,14.2
2026073014,Tokyo,69,26.1,24.4,323.0,23.8
2026073015,Antananarivo,35,10.0,8.7,191.0,0.5
2026073015,Dakar,49,53.0,29.7,104.0,0.4
2026073015,New_York,30,5.7,5.3,131.0,3.5
2026073015,Paris,57,17.1,10.5,227.0,8.7
2026073015,Tokyo,70,27.6,25.6,386.0,22.2
2026073016,Antananarivo,33,10.4,9.1,216.0,2.3
2026073016,Dakar,50,52.0,29.0,105.0,0.5
2026073016,New_York,34,6.7,6.3,132.0,2.5
2026073016,Paris,58,15.9,9.9,205.0,6.6
2026073016,Tokyo,70,31.7,28.6,400.0,24.8
2026073017,Antananarivo,30,11.5,10.2,252.0,4.9
2026073017,Dakar,51,54.1,30.0,106.0,0.7
2026073017,New_York,35,7.4,6.8,145.0,4.7
2026073017,Paris,59,15.9,9.7,201.0,7.4
2026073017,Tokyo,68,32.7,30.5,396.0,30.2
2026073018,Antananarivo,27,20.2,18.9,275.0,7.0
2026073018,Dakar,51,49.5,27.7,106.0,0.8
2026073018,New_York,31,7.8,7.2,178.0,12.1
2026073018,Paris,56,17.6,9.9,212.0,8.4
2026073018,Tokyo,66,33.6,31.5,421.0,35.0
2026073019,Antananarivo,23,29.9,28.6,272.0,8.6
2026073019,Dakar,51,47.6,26.8,105.0,0.9
2026073019,New_York,25,8.9,8.4,223.0,22.6
2026073019,Paris,49,18.5,9.9,205.0,12.1
2026073019,Tokyo,65,32.8,30.7,517.0,37.9
2026073020,Antananarivo,20,34.9,33.8,256.0,9.8
2026073020,Dakar,51,45.8,25.9,104.0,0.9
2026073020,New_York,25,21.5,20.1,264.0,46.0
2026073020,Paris,41,18.1,9.8,191.0,14.7
2026073020,Tokyo,66,32.9,31.0,643.0,40.4
2026073021,Antananarivo,21,30.3,29.2,239.0,9.9
2026073021,Dakar,51,44.1,25.1,103.0,0.9
2026073021,New_York,25,27.6,26.3,300.0,52.7
2026073021,Paris,38,16.0,9.8,180.0,16.0
2026073021,Tokyo,66,43.8,40.4,722.0,42.6
2026073022,Antananarivo,21,22.5,21.3,225.0,8.1
2026073022,Dakar,51,42.5,24.2,102.0,0.9
2026073022,New_York,29,31.3,30.3,334.0,61.9
2026073022,Paris,34,14.4,8.6,164.0,12.7
2026073022,Tokyo,66,45.5,42.8,723.0,45.4
2026073023,Antananarivo,22,17.2,16.0,210.0,5.1
2026073023,Dakar,52,42.4,24.2,101.0,0.8
2026073023,New_York,31,32.1,31.2,353.0,68.0
2026073023,Paris,32,13.0,7.2,154.0,10.8
2026073023,Tokyo,67,41.9,39.3,677.0,49.2
2026073100,Antananarivo,29,24.3,22.9,198.0,7.0
2026073100,Dakar,52,68.0,36.7,100.0,1.0
2026073100,New_York,32,31.8,31.0,353.0,68.8
2026073100,Paris,26,10.0,6.4,143.0,10.1
2026073100,Tokyo,67,38.4,36.3,599.0,51.8
2026073101,Antananarivo,30,17.8,16.5,192.0,5.0
2026073101,Dakar,55,70.1,36.0,98.0,1.0
2026073101,New_York,31,30.6,29.7,338.0,66.5
2026073101,Paris,22,9.4,5.5,137.0,10.5
2026073101,Tokyo,66,35.4,33.5,467.0,51.8
2026073102,Antananarivo,31,13.6,12.4,190.0,3.4
2026073102,Dakar,59,70.1,34.7,95.0,0.9
2026073102,New_York,29,28.8,27.9,318.0,62.4
2026073102,Paris,21,8.7,5.1,126.0,8.1
2026073102,Tokyo,66,32.2,30.6,303.0,50.6
2026073103,Antananarivo,32,13.3,12.0,188.0,3.1
2026073103,Dakar,60,67.8,32.1,93.0,0.8
2026073103,New_York,26,26.3,25.6,290.0,56.1
2026073103,Paris,20,8.4,4.8,123.0,6.4
2026073103,Tokyo,66,29.3,27.5,186.0,49.9
2026073104,Antananarivo,32,11.1,9.8,184.0,3.0
2026073104,Dakar,61,66.1,30.3,92.0,0.7
2026073104,New_York,27,22.6,22.2,256.0,47.9
2026073104,Paris,19,7.2,4.8,124.0,6.0
2026073104,Tokyo,65,27.6,25.8,161.0,50.8
2026073105,Antananarivo,33,10.3,9.0,181.0,2.8
2026073105,Dakar,61,64.0,28.3,91.0,0.6
2026073105,New_York,29,20.2,19.8,228.0,40.2
2026073105,Paris,19,7.5,4.5,128.0,7.1
2026073105,Tokyo,65,26.7,25.0,183.0,52.2
2026073106,Antananarivo,33,10.1,8.9,186.0,2.5
2026073106,Dakar,62,63.1,26.8,93.0,0.5
2026073106,New_York,30,19.0,18.6,212.0,34.0
2026073106,Paris,18,8.5,4.5,133.0,11.6
2026073106,Tokyo,65,27.8,26.0,203.0,52.3
2026073107,Antananarivo,34,10.9,9.8,210.0,2.0
2026073107,Dakar,62,62.2,25.6,99.0,0.6
2026073107,New_York,31,18.2,17.9,203.0,28.2
2026073107,Paris,18,9.1,5.2,138.0,17.0
2026073107,Tokyo,64,31.2,29.0,201.0,50.4
2026073108,Antananarivo,34,10.6,9.5,241.0,1.4
2026073108,Dakar,62,62.4,25.0,106.0,0.7
2026073108,New_York,32,18.0,17.8,196.0,22.8
2026073108,Paris,17,10.0,6.9,259.0,22.7
2026073108,Tokyo,64,34.2,31.3,197.0,47.3
2026073109,Antananarivo,34,11.2,10.0,256.0,0.9
2026073109,Dakar,62,61.2,24.2,111.0,0.8
2026073109,New_York,32,16.8,16.5,192.0,17.2
2026073109,Paris,17,10.2,6.5,256.0,22.9
2026073109,Tokyo,64,36.1,32.5,201.0,43.6
2026073110,Antananarivo,34,12.6,11.2,239.0,0.6
2026073110,Dakar,63,60.8,23.7,110.0,0.8
2026073110,New_York,38,15.8,15.6,190.0,11.9
2026073110,Paris,17,10.2,6.4,227.0,21.9
2026073110,Tokyo,64,38.2,34.3,217.0,39.0
2026073111,Antananarivo,35,11.9,10.7,205.0,0.5
2026073111,Dakar,63,58.7,22.9,106.0,0.7
2026073111,New_York,51,14.6,14.3,186.0,7.8
2026073111,Paris,19,9.8,6.2,210.0,16.5
2026073111,Tokyo,64,39.0,35.3,241.0,34.0
2026073112,Antananarivo,36,10.9,9.9,177.0,0.4
2026073112,Dakar,63,56.7,22.1,103.0,0.7
2026073112,New_York,60,13.8,13.5,176.0,5.5
2026073112,Paris,22,9.6,5.9,193.0,11.7
2026073112,Tokyo,68,40.3,36.4,265.0,30.2
2026073113,Antananarivo,38,10.7,9.9,161.0,0.3
2026073113,Dakar,63,54.1,21.1,103.0,0.7
2026073113,New_York,62,13.2,13.0,163.0,4.4
2026073113,Paris,27,9.3,5.4,184.0,8.7
2026073113,Tokyo,70,41.1,37.3,283.0,28.4
2026073114,Antananarivo,38,10.8,10.2,151.0,0.3
2026073114,Dakar,63,51.2,20.0,104.0,0.6
2026073114,New_York,62,12.9,12.6,156.0,3.8
2026073114,Paris,32,10.0,5.7,170.0,7.5
2026073114,Tokyo,71,41.9,38.0,302.0,27.8
2026073115,Antananarivo,37,10.5,10.1,149.0,0.6
2026073115,Dakar,63,47.6,18.7,106.0,0.7
2026073115,New_York,62,12.1,11.9,157.0,1.9
2026073115,Paris,34,10.6,5.9,163.0,6.2
2026073115,Tokyo,72,41.6,37.0,337.0,28.5
2026073116,Antananarivo,35,10.3,9.9,158.0,1.5
2026073116,Dakar,63,44.0,17.4,108.0,0.9
2026073116,New_York,61,11.5,11.3,164.0,0.4
2026073116,Paris,36,10.3,5.8,158.0,5.7
2026073116,Tokyo,71,40.2,36.0,417.0,30.8
